ROI,Subject,Effect, LocalizerSize,EffectSize
LH_postParietal,249_FED_20160519a_3T1_PL2017,Pic_Sem, 395,3.506596
LH_postParietal,249_FED_20160519a_3T1_PL2017,Pic_Perc, 395,2.991116
LH_postParietal,249_FED_20160519a_3T1_PL2017,Sent_Sem, 395,2.926719
LH_postParietal,249_FED_20160519a_3T1_PL2017,Sent_Perc, 395,3.528653
LH_postParietal,252_FED_20160907b_3T2_PL2017,Pic_Sem, 395,1.860428
LH_postParietal,252_FED_20160907b_3T2_PL2017,Pic_Perc, 395,1.318727
LH_postParietal,252_FED_20160907b_3T2_PL2017,Sent_Sem, 395,2.152733
LH_postParietal,252_FED_20160907b_3T2_PL2017,Sent_Perc, 395,1.210014
LH_postParietal,291_FED_20160803c_3T1_PL2017,Pic_Sem, 395,0.485853
LH_postParietal,291_FED_20160803c_3T1_PL2017,Pic_Perc, 395,-0.150160
LH_postParietal,291_FED_20160803c_3T1_PL2017,Sent_Sem, 395,0.327052
LH_postParietal,291_FED_20160803c_3T1_PL2017,Sent_Perc, 395,0.085115
LH_postParietal,301_FED_20160908b_3T1_PL2017,Pic_Sem, 395,1.755864
LH_postParietal,301_FED_20160908b_3T1_PL2017,Pic_Perc, 395,1.122577
LH_postParietal,301_FED_20160908b_3T1_PL2017,Sent_Sem, 395,1.065469
LH_postParietal,301_FED_20160908b_3T1_PL2017,Sent_Perc, 395,0.938362
LH_postParietal,376_FED_20160519b_3T1_PL2017,Pic_Sem, 395,3.278452
LH_postParietal,376_FED_20160519b_3T1_PL2017,Pic_Perc, 395,1.799563
LH_postParietal,376_FED_20160519b_3T1_PL2017,Sent_Sem, 395,2.781241
LH_postParietal,376_FED_20160519b_3T1_PL2017,Sent_Perc, 395,1.700591
LH_postParietal,399_FED_20160519d_3T1_PL2017,Pic_Sem, 395,0.731859
LH_postParietal,399_FED_20160519d_3T1_PL2017,Pic_Perc, 395,1.158094
LH_postParietal,399_FED_20160519d_3T1_PL2017,Sent_Sem, 395,1.278920
LH_postParietal,399_FED_20160519d_3T1_PL2017,Sent_Perc, 395,1.460506
LH_postParietal,400_FED_20160520a_3T1_PL2017,Pic_Sem, 395,-0.166426
LH_postParietal,400_FED_20160520a_3T1_PL2017,Pic_Perc, 395,-0.086795
LH_postParietal,400_FED_20160520a_3T1_PL2017,Sent_Sem, 395,0.138859
LH_postParietal,400_FED_20160520a_3T1_PL2017,Sent_Perc, 395,0.289596
LH_postParietal,401_FED_20160520d_3T1_PL2017,Pic_Sem, 395,2.135381
LH_postParietal,401_FED_20160520d_3T1_PL2017,Pic_Perc, 395,2.222432
LH_postParietal,401_FED_20160520d_3T1_PL2017,Sent_Sem, 395,2.329960
LH_postParietal,401_FED_20160520d_3T1_PL2017,Sent_Perc, 395,1.200223
LH_postParietal,419_FED_20160805a_3T1_PL2017,Pic_Sem, 395,-0.255871
LH_postParietal,419_FED_20160805a_3T1_PL2017,Pic_Perc, 395,1.174375
LH_postParietal,419_FED_20160805a_3T1_PL2017,Sent_Sem, 395,1.485872
LH_postParietal,419_FED_20160805a_3T1_PL2017,Sent_Perc, 395,-0.352894
LH_postParietal,420_FED_20160805b_3T1_PL2017,Pic_Sem, 395,2.928140
LH_postParietal,420_FED_20160805b_3T1_PL2017,Pic_Perc, 395,3.751685
LH_postParietal,420_FED_20160805b_3T1_PL2017,Sent_Sem, 395,0.131982
LH_postParietal,420_FED_20160805b_3T1_PL2017,Sent_Perc, 395,1.261534
LH_postParietal,426_FED_20160908d_3T1_PL2017,Pic_Sem, 395,0.146972
LH_postParietal,426_FED_20160908d_3T1_PL2017,Pic_Perc, 395,-0.281194
LH_postParietal,426_FED_20160908d_3T1_PL2017,Sent_Sem, 395,-0.338133
LH_postParietal,426_FED_20160908d_3T1_PL2017,Sent_Perc, 395,0.250176
LH_postParietal,682_FED_20190426a_3T2_PL2017,Pic_Sem, 395,5.112241
LH_postParietal,682_FED_20190426a_3T2_PL2017,Pic_Perc, 395,2.421214
LH_postParietal,682_FED_20190426a_3T2_PL2017,Sent_Sem, 395,3.023991
LH_postParietal,682_FED_20190426a_3T2_PL2017,Sent_Perc, 395,3.370337
LH_postParietal,767_FED_20190418b_3T2_PL2017,Pic_Sem, 395,1.866104
LH_postParietal,767_FED_20190418b_3T2_PL2017,Pic_Perc, 395,2.481420
LH_postParietal,767_FED_20190418b_3T2_PL2017,Sent_Sem, 395,2.121990
LH_postParietal,767_FED_20190418b_3T2_PL2017,Sent_Perc, 395,0.861036
LH_postParietal,769_FED_20190522a_3T2_PL2017,Pic_Sem, 395,1.353705
LH_postParietal,769_FED_20190522a_3T2_PL2017,Pic_Perc, 395,1.175359
LH_postParietal,769_FED_20190522a_3T2_PL2017,Sent_Sem, 395,0.976043
LH_postParietal,769_FED_20190522a_3T2_PL2017,Sent_Perc, 395,0.279161
LH_postParietal,770_FED_20190523b_3T2_PL2017,Pic_Sem, 395,-0.995004
LH_postParietal,770_FED_20190523b_3T2_PL2017,Pic_Perc, 395,0.862178
LH_postParietal,770_FED_20190523b_3T2_PL2017,Sent_Sem, 395,-0.281267
LH_postParietal,770_FED_20190523b_3T2_PL2017,Sent_Perc, 395,-0.985494
LH_postParietal,773_FED_20190605c_3T2_PL2017,Pic_Sem, 395,4.507849
LH_postParietal,773_FED_20190605c_3T2_PL2017,Pic_Perc, 395,5.820766
LH_postParietal,773_FED_20190605c_3T2_PL2017,Sent_Sem, 395,3.332730
LH_postParietal,773_FED_20190605c_3T2_PL2017,Sent_Perc, 395,2.410879
LH_postParietal,774_FED_20190605b_3T2_PL2017,Pic_Sem, 395,4.764118
LH_postParietal,774_FED_20190605b_3T2_PL2017,Pic_Perc, 395,5.708134
LH_postParietal,774_FED_20190605b_3T2_PL2017,Sent_Sem, 395,1.279778
LH_postParietal,774_FED_20190605b_3T2_PL2017,Sent_Perc, 395,3.082606
LH_postParietal,775_FED_20190611a_3T2_PL2017,Pic_Sem, 395,2.548725
LH_postParietal,775_FED_20190611a_3T2_PL2017,Pic_Perc, 395,2.351160
LH_postParietal,775_FED_20190611a_3T2_PL2017,Sent_Sem, 395,1.239923
LH_postParietal,775_FED_20190611a_3T2_PL2017,Sent_Perc, 395,1.217430
LH_postParietal,778_FED_20190614b_3T2_PL2017,Pic_Sem, 395,3.230652
LH_postParietal,778_FED_20190614b_3T2_PL2017,Pic_Perc, 395,2.838168
LH_postParietal,778_FED_20190614b_3T2_PL2017,Sent_Sem, 395,2.914258
LH_postParietal,778_FED_20190614b_3T2_PL2017,Sent_Perc, 395,1.690540
LH_postParietal,863_FED_20211124a_3T1_PL2017,Pic_Sem, 395,2.784058
LH_postParietal,863_FED_20211124a_3T1_PL2017,Pic_Perc, 395,1.427182
LH_postParietal,863_FED_20211124a_3T1_PL2017,Sent_Sem, 395,2.898227
LH_postParietal,863_FED_20211124a_3T1_PL2017,Sent_Perc, 395,1.442470
LH_midParietal,249_FED_20160519a_3T1_PL2017,Pic_Sem, 86,3.207955
LH_midParietal,249_FED_20160519a_3T1_PL2017,Pic_Perc, 86,2.840990
LH_midParietal,249_FED_20160519a_3T1_PL2017,Sent_Sem, 86,4.407566
LH_midParietal,249_FED_20160519a_3T1_PL2017,Sent_Perc, 86,4.428271
LH_midParietal,252_FED_20160907b_3T2_PL2017,Pic_Sem, 86,2.353887
LH_midParietal,252_FED_20160907b_3T2_PL2017,Pic_Perc, 86,3.044495
LH_midParietal,252_FED_20160907b_3T2_PL2017,Sent_Sem, 86,3.970186
LH_midParietal,252_FED_20160907b_3T2_PL2017,Sent_Perc, 86,2.240164
LH_midParietal,291_FED_20160803c_3T1_PL2017,Pic_Sem, 86,0.133401
LH_midParietal,291_FED_20160803c_3T1_PL2017,Pic_Perc, 86,-0.892838
LH_midParietal,291_FED_20160803c_3T1_PL2017,Sent_Sem, 86,-0.770756
LH_midParietal,291_FED_20160803c_3T1_PL2017,Sent_Perc, 86,-0.455723
LH_midParietal,301_FED_20160908b_3T1_PL2017,Pic_Sem, 86,3.657099
LH_midParietal,301_FED_20160908b_3T1_PL2017,Pic_Perc, 86,2.813047
LH_midParietal,301_FED_20160908b_3T1_PL2017,Sent_Sem, 86,3.789503
LH_midParietal,301_FED_20160908b_3T1_PL2017,Sent_Perc, 86,3.410987
LH_midParietal,376_FED_20160519b_3T1_PL2017,Pic_Sem, 86,5.188343
LH_midParietal,376_FED_20160519b_3T1_PL2017,Pic_Perc, 86,3.320761
LH_midParietal,376_FED_20160519b_3T1_PL2017,Sent_Sem, 86,5.557624
LH_midParietal,376_FED_20160519b_3T1_PL2017,Sent_Perc, 86,4.935516
LH_midParietal,399_FED_20160519d_3T1_PL2017,Pic_Sem, 86,0.165509
LH_midParietal,399_FED_20160519d_3T1_PL2017,Pic_Perc, 86,0.260738
LH_midParietal,399_FED_20160519d_3T1_PL2017,Sent_Sem, 86,0.383271
LH_midParietal,399_FED_20160519d_3T1_PL2017,Sent_Perc, 86,0.686543
LH_midParietal,400_FED_20160520a_3T1_PL2017,Pic_Sem, 86,-0.320799
LH_midParietal,400_FED_20160520a_3T1_PL2017,Pic_Perc, 86,0.223216
LH_midParietal,400_FED_20160520a_3T1_PL2017,Sent_Sem, 86,0.036389
LH_midParietal,400_FED_20160520a_3T1_PL2017,Sent_Perc, 86,0.109582
LH_midParietal,401_FED_20160520d_3T1_PL2017,Pic_Sem, 86,3.712711
LH_midParietal,401_FED_20160520d_3T1_PL2017,Pic_Perc, 86,3.107142
LH_midParietal,401_FED_20160520d_3T1_PL2017,Sent_Sem, 86,4.683125
LH_midParietal,401_FED_20160520d_3T1_PL2017,Sent_Perc, 86,2.865316
LH_midParietal,419_FED_20160805a_3T1_PL2017,Pic_Sem, 86,-0.098180
LH_midParietal,419_FED_20160805a_3T1_PL2017,Pic_Perc, 86,1.048724
LH_midParietal,419_FED_20160805a_3T1_PL2017,Sent_Sem, 86,0.776486
LH_midParietal,419_FED_20160805a_3T1_PL2017,Sent_Perc, 86,-0.528446
LH_midParietal,420_FED_20160805b_3T1_PL2017,Pic_Sem, 86,2.229287
LH_midParietal,420_FED_20160805b_3T1_PL2017,Pic_Perc, 86,3.611627
LH_midParietal,420_FED_20160805b_3T1_PL2017,Sent_Sem, 86,0.333322
LH_midParietal,420_FED_20160805b_3T1_PL2017,Sent_Perc, 86,2.432412
LH_midParietal,426_FED_20160908d_3T1_PL2017,Pic_Sem, 86,0.566250
LH_midParietal,426_FED_20160908d_3T1_PL2017,Pic_Perc, 86,-0.330367
LH_midParietal,426_FED_20160908d_3T1_PL2017,Sent_Sem, 86,-0.932317
LH_midParietal,426_FED_20160908d_3T1_PL2017,Sent_Perc, 86,0.959624
LH_midParietal,682_FED_20190426a_3T2_PL2017,Pic_Sem, 86,4.555521
LH_midParietal,682_FED_20190426a_3T2_PL2017,Pic_Perc, 86,4.401858
LH_midParietal,682_FED_20190426a_3T2_PL2017,Sent_Sem, 86,4.155188
LH_midParietal,682_FED_20190426a_3T2_PL2017,Sent_Perc, 86,4.149879
LH_midParietal,767_FED_20190418b_3T2_PL2017,Pic_Sem, 86,1.835045
LH_midParietal,767_FED_20190418b_3T2_PL2017,Pic_Perc, 86,3.113240
LH_midParietal,767_FED_20190418b_3T2_PL2017,Sent_Sem, 86,2.159611
LH_midParietal,767_FED_20190418b_3T2_PL2017,Sent_Perc, 86,1.925559
LH_midParietal,769_FED_20190522a_3T2_PL2017,Pic_Sem, 86,0.532259
LH_midParietal,769_FED_20190522a_3T2_PL2017,Pic_Perc, 86,1.035366
LH_midParietal,769_FED_20190522a_3T2_PL2017,Sent_Sem, 86,1.147069
LH_midParietal,769_FED_20190522a_3T2_PL2017,Sent_Perc, 86,0.980514
LH_midParietal,770_FED_20190523b_3T2_PL2017,Pic_Sem, 86,-0.912383
LH_midParietal,770_FED_20190523b_3T2_PL2017,Pic_Perc, 86,0.894915
LH_midParietal,770_FED_20190523b_3T2_PL2017,Sent_Sem, 86,-0.114275
LH_midParietal,770_FED_20190523b_3T2_PL2017,Sent_Perc, 86,-1.172629
LH_midParietal,773_FED_20190605c_3T2_PL2017,Pic_Sem, 86,2.259991
LH_midParietal,773_FED_20190605c_3T2_PL2017,Pic_Perc, 86,3.077079
LH_midParietal,773_FED_20190605c_3T2_PL2017,Sent_Sem, 86,1.822213
LH_midParietal,773_FED_20190605c_3T2_PL2017,Sent_Perc, 86,0.992339
LH_midParietal,774_FED_20190605b_3T2_PL2017,Pic_Sem, 86,2.962291
LH_midParietal,774_FED_20190605b_3T2_PL2017,Pic_Perc, 86,4.294693
LH_midParietal,774_FED_20190605b_3T2_PL2017,Sent_Sem, 86,0.534021
LH_midParietal,774_FED_20190605b_3T2_PL2017,Sent_Perc, 86,2.636518
LH_midParietal,775_FED_20190611a_3T2_PL2017,Pic_Sem, 86,0.843693
LH_midParietal,775_FED_20190611a_3T2_PL2017,Pic_Perc, 86,0.997281
LH_midParietal,775_FED_20190611a_3T2_PL2017,Sent_Sem, 86,0.660424
LH_midParietal,775_FED_20190611a_3T2_PL2017,Sent_Perc, 86,1.009080
LH_midParietal,778_FED_20190614b_3T2_PL2017,Pic_Sem, 86,-0.396322
LH_midParietal,778_FED_20190614b_3T2_PL2017,Pic_Perc, 86,0.926162
LH_midParietal,778_FED_20190614b_3T2_PL2017,Sent_Sem, 86,0.898925
LH_midParietal,778_FED_20190614b_3T2_PL2017,Sent_Perc, 86,1.240218
LH_midParietal,863_FED_20211124a_3T1_PL2017,Pic_Sem, 86,3.844113
LH_midParietal,863_FED_20211124a_3T1_PL2017,Pic_Perc, 86,3.802328
LH_midParietal,863_FED_20211124a_3T1_PL2017,Sent_Sem, 86,4.988694
LH_midParietal,863_FED_20211124a_3T1_PL2017,Sent_Perc, 86,3.077755
LH_antParietal,249_FED_20160519a_3T1_PL2017,Pic_Sem, 201,1.321960
LH_antParietal,249_FED_20160519a_3T1_PL2017,Pic_Perc, 201,0.922376
LH_antParietal,249_FED_20160519a_3T1_PL2017,Sent_Sem, 201,2.062702
LH_antParietal,249_FED_20160519a_3T1_PL2017,Sent_Perc, 201,2.139124
LH_antParietal,252_FED_20160907b_3T2_PL2017,Pic_Sem, 201,4.264081
LH_antParietal,252_FED_20160907b_3T2_PL2017,Pic_Perc, 201,4.704607
LH_antParietal,252_FED_20160907b_3T2_PL2017,Sent_Sem, 201,6.080741
LH_antParietal,252_FED_20160907b_3T2_PL2017,Sent_Perc, 201,5.613075
LH_antParietal,291_FED_20160803c_3T1_PL2017,Pic_Sem, 201,0.400980
LH_antParietal,291_FED_20160803c_3T1_PL2017,Pic_Perc, 201,-0.086718
LH_antParietal,291_FED_20160803c_3T1_PL2017,Sent_Sem, 201,0.418533
LH_antParietal,291_FED_20160803c_3T1_PL2017,Sent_Perc, 201,0.188816
LH_antParietal,301_FED_20160908b_3T1_PL2017,Pic_Sem, 201,1.115528
LH_antParietal,301_FED_20160908b_3T1_PL2017,Pic_Perc, 201,1.567296
LH_antParietal,301_FED_20160908b_3T1_PL2017,Sent_Sem, 201,0.670538
LH_antParietal,301_FED_20160908b_3T1_PL2017,Sent_Perc, 201,1.667116
LH_antParietal,376_FED_20160519b_3T1_PL2017,Pic_Sem, 201,2.161078
LH_antParietal,376_FED_20160519b_3T1_PL2017,Pic_Perc, 201,1.605608
LH_antParietal,376_FED_20160519b_3T1_PL2017,Sent_Sem, 201,2.251580
LH_antParietal,376_FED_20160519b_3T1_PL2017,Sent_Perc, 201,1.797782
LH_antParietal,399_FED_20160519d_3T1_PL2017,Pic_Sem, 201,0.428117
LH_antParietal,399_FED_20160519d_3T1_PL2017,Pic_Perc, 201,0.513389
LH_antParietal,399_FED_20160519d_3T1_PL2017,Sent_Sem, 201,0.954397
LH_antParietal,399_FED_20160519d_3T1_PL2017,Sent_Perc, 201,1.616536
LH_antParietal,400_FED_20160520a_3T1_PL2017,Pic_Sem, 201,0.053802
LH_antParietal,400_FED_20160520a_3T1_PL2017,Pic_Perc, 201,-0.030186
LH_antParietal,400_FED_20160520a_3T1_PL2017,Sent_Sem, 201,-0.070566
LH_antParietal,400_FED_20160520a_3T1_PL2017,Sent_Perc, 201,0.408998
LH_antParietal,401_FED_20160520d_3T1_PL2017,Pic_Sem, 201,1.995680
LH_antParietal,401_FED_20160520d_3T1_PL2017,Pic_Perc, 201,1.599348
LH_antParietal,401_FED_20160520d_3T1_PL2017,Sent_Sem, 201,2.650627
LH_antParietal,401_FED_20160520d_3T1_PL2017,Sent_Perc, 201,1.277476
LH_antParietal,419_FED_20160805a_3T1_PL2017,Pic_Sem, 201,0.512795
LH_antParietal,419_FED_20160805a_3T1_PL2017,Pic_Perc, 201,0.539525
LH_antParietal,419_FED_20160805a_3T1_PL2017,Sent_Sem, 201,0.974323
LH_antParietal,419_FED_20160805a_3T1_PL2017,Sent_Perc, 201,0.008835
LH_antParietal,420_FED_20160805b_3T1_PL2017,Pic_Sem, 201,1.476333
LH_antParietal,420_FED_20160805b_3T1_PL2017,Pic_Perc, 201,1.975261
LH_antParietal,420_FED_20160805b_3T1_PL2017,Sent_Sem, 201,0.678877
LH_antParietal,420_FED_20160805b_3T1_PL2017,Sent_Perc, 201,1.240956
LH_antParietal,426_FED_20160908d_3T1_PL2017,Pic_Sem, 201,0.255832
LH_antParietal,426_FED_20160908d_3T1_PL2017,Pic_Perc, 201,-0.363081
LH_antParietal,426_FED_20160908d_3T1_PL2017,Sent_Sem, 201,-0.429850
LH_antParietal,426_FED_20160908d_3T1_PL2017,Sent_Perc, 201,0.603837
LH_antParietal,682_FED_20190426a_3T2_PL2017,Pic_Sem, 201,0.835553
LH_antParietal,682_FED_20190426a_3T2_PL2017,Pic_Perc, 201,1.349741
LH_antParietal,682_FED_20190426a_3T2_PL2017,Sent_Sem, 201,0.444545
LH_antParietal,682_FED_20190426a_3T2_PL2017,Sent_Perc, 201,1.186048
LH_antParietal,767_FED_20190418b_3T2_PL2017,Pic_Sem, 201,2.019812
LH_antParietal,767_FED_20190418b_3T2_PL2017,Pic_Perc, 201,3.391403
LH_antParietal,767_FED_20190418b_3T2_PL2017,Sent_Sem, 201,2.435196
LH_antParietal,767_FED_20190418b_3T2_PL2017,Sent_Perc, 201,2.228312
LH_antParietal,769_FED_20190522a_3T2_PL2017,Pic_Sem, 201,0.390166
LH_antParietal,769_FED_20190522a_3T2_PL2017,Pic_Perc, 201,1.245831
LH_antParietal,769_FED_20190522a_3T2_PL2017,Sent_Sem, 201,1.016391
LH_antParietal,769_FED_20190522a_3T2_PL2017,Sent_Perc, 201,1.060126
LH_antParietal,770_FED_20190523b_3T2_PL2017,Pic_Sem, 201,-1.032913
LH_antParietal,770_FED_20190523b_3T2_PL2017,Pic_Perc, 201,0.719807
LH_antParietal,770_FED_20190523b_3T2_PL2017,Sent_Sem, 201,-0.249525
LH_antParietal,770_FED_20190523b_3T2_PL2017,Sent_Perc, 201,-1.296460
LH_antParietal,773_FED_20190605c_3T2_PL2017,Pic_Sem, 201,2.373377
LH_antParietal,773_FED_20190605c_3T2_PL2017,Pic_Perc, 201,3.615120
LH_antParietal,773_FED_20190605c_3T2_PL2017,Sent_Sem, 201,2.766408
LH_antParietal,773_FED_20190605c_3T2_PL2017,Sent_Perc, 201,2.268340
LH_antParietal,774_FED_20190605b_3T2_PL2017,Pic_Sem, 201,3.660224
LH_antParietal,774_FED_20190605b_3T2_PL2017,Pic_Perc, 201,5.568421
LH_antParietal,774_FED_20190605b_3T2_PL2017,Sent_Sem, 201,1.022596
LH_antParietal,774_FED_20190605b_3T2_PL2017,Sent_Perc, 201,3.478627
LH_antParietal,775_FED_20190611a_3T2_PL2017,Pic_Sem, 201,1.864171
LH_antParietal,775_FED_20190611a_3T2_PL2017,Pic_Perc, 201,2.687697
LH_antParietal,775_FED_20190611a_3T2_PL2017,Sent_Sem, 201,1.907253
LH_antParietal,775_FED_20190611a_3T2_PL2017,Sent_Perc, 201,2.521851
LH_antParietal,778_FED_20190614b_3T2_PL2017,Pic_Sem, 201,2.293251
LH_antParietal,778_FED_20190614b_3T2_PL2017,Pic_Perc, 201,2.343503
LH_antParietal,778_FED_20190614b_3T2_PL2017,Sent_Sem, 201,2.253458
LH_antParietal,778_FED_20190614b_3T2_PL2017,Sent_Perc, 201,2.094235
LH_antParietal,863_FED_20211124a_3T1_PL2017,Pic_Sem, 201,1.964386
LH_antParietal,863_FED_20211124a_3T1_PL2017,Pic_Perc, 201,1.840470
LH_antParietal,863_FED_20211124a_3T1_PL2017,Sent_Sem, 201,2.099884
LH_antParietal,863_FED_20211124a_3T1_PL2017,Sent_Perc, 201,1.033131
LH_supFrontal,249_FED_20160519a_3T1_PL2017,Pic_Sem, 179,0.523459
LH_supFrontal,249_FED_20160519a_3T1_PL2017,Pic_Perc, 179,0.233677
LH_supFrontal,249_FED_20160519a_3T1_PL2017,Sent_Sem, 179,0.893316
LH_supFrontal,249_FED_20160519a_3T1_PL2017,Sent_Perc, 179,1.158900
LH_supFrontal,252_FED_20160907b_3T2_PL2017,Pic_Sem, 179,2.415870
LH_supFrontal,252_FED_20160907b_3T2_PL2017,Pic_Perc, 179,3.352816
LH_supFrontal,252_FED_20160907b_3T2_PL2017,Sent_Sem, 179,4.665262
LH_supFrontal,252_FED_20160907b_3T2_PL2017,Sent_Perc, 179,1.482766
LH_supFrontal,291_FED_20160803c_3T1_PL2017,Pic_Sem, 179,0.062868
LH_supFrontal,291_FED_20160803c_3T1_PL2017,Pic_Perc, 179,0.234947
LH_supFrontal,291_FED_20160803c_3T1_PL2017,Sent_Sem, 179,0.292748
LH_supFrontal,291_FED_20160803c_3T1_PL2017,Sent_Perc, 179,0.000571
LH_supFrontal,301_FED_20160908b_3T1_PL2017,Pic_Sem, 179,1.285943
LH_supFrontal,301_FED_20160908b_3T1_PL2017,Pic_Perc, 179,1.345570
LH_supFrontal,301_FED_20160908b_3T1_PL2017,Sent_Sem, 179,1.294522
LH_supFrontal,301_FED_20160908b_3T1_PL2017,Sent_Perc, 179,1.124885
LH_supFrontal,376_FED_20160519b_3T1_PL2017,Pic_Sem, 179,4.515330
LH_supFrontal,376_FED_20160519b_3T1_PL2017,Pic_Perc, 179,1.905166
LH_supFrontal,376_FED_20160519b_3T1_PL2017,Sent_Sem, 179,4.176306
LH_supFrontal,376_FED_20160519b_3T1_PL2017,Sent_Perc, 179,2.870299
LH_supFrontal,399_FED_20160519d_3T1_PL2017,Pic_Sem, 179,1.019465
LH_supFrontal,399_FED_20160519d_3T1_PL2017,Pic_Perc, 179,1.089408
LH_supFrontal,399_FED_20160519d_3T1_PL2017,Sent_Sem, 179,1.376340
LH_supFrontal,399_FED_20160519d_3T1_PL2017,Sent_Perc, 179,1.751695
LH_supFrontal,400_FED_20160520a_3T1_PL2017,Pic_Sem, 179,0.201670
LH_supFrontal,400_FED_20160520a_3T1_PL2017,Pic_Perc, 179,0.263792
LH_supFrontal,400_FED_20160520a_3T1_PL2017,Sent_Sem, 179,0.310258
LH_supFrontal,400_FED_20160520a_3T1_PL2017,Sent_Perc, 179,0.610021
LH_supFrontal,401_FED_20160520d_3T1_PL2017,Pic_Sem, 179,2.651125
LH_supFrontal,401_FED_20160520d_3T1_PL2017,Pic_Perc, 179,1.945754
LH_supFrontal,401_FED_20160520d_3T1_PL2017,Sent_Sem, 179,3.763673
LH_supFrontal,401_FED_20160520d_3T1_PL2017,Sent_Perc, 179,2.414381
LH_supFrontal,419_FED_20160805a_3T1_PL2017,Pic_Sem, 179,0.684551
LH_supFrontal,419_FED_20160805a_3T1_PL2017,Pic_Perc, 179,0.647137
LH_supFrontal,419_FED_20160805a_3T1_PL2017,Sent_Sem, 179,0.693660
LH_supFrontal,419_FED_20160805a_3T1_PL2017,Sent_Perc, 179,0.540589
LH_supFrontal,420_FED_20160805b_3T1_PL2017,Pic_Sem, 179,2.493259
LH_supFrontal,420_FED_20160805b_3T1_PL2017,Pic_Perc, 179,2.480242
LH_supFrontal,420_FED_20160805b_3T1_PL2017,Sent_Sem, 179,1.226889
LH_supFrontal,420_FED_20160805b_3T1_PL2017,Sent_Perc, 179,1.451422
LH_supFrontal,426_FED_20160908d_3T1_PL2017,Pic_Sem, 179,0.147347
LH_supFrontal,426_FED_20160908d_3T1_PL2017,Pic_Perc, 179,-0.704997
LH_supFrontal,426_FED_20160908d_3T1_PL2017,Sent_Sem, 179,-0.384074
LH_supFrontal,426_FED_20160908d_3T1_PL2017,Sent_Perc, 179,0.708763
LH_supFrontal,682_FED_20190426a_3T2_PL2017,Pic_Sem, 179,0.689880
LH_supFrontal,682_FED_20190426a_3T2_PL2017,Pic_Perc, 179,0.026204
LH_supFrontal,682_FED_20190426a_3T2_PL2017,Sent_Sem, 179,0.484487
LH_supFrontal,682_FED_20190426a_3T2_PL2017,Sent_Perc, 179,0.212789
LH_supFrontal,767_FED_20190418b_3T2_PL2017,Pic_Sem, 179,2.110777
LH_supFrontal,767_FED_20190418b_3T2_PL2017,Pic_Perc, 179,2.337342
LH_supFrontal,767_FED_20190418b_3T2_PL2017,Sent_Sem, 179,2.851304
LH_supFrontal,767_FED_20190418b_3T2_PL2017,Sent_Perc, 179,1.610120
LH_supFrontal,769_FED_20190522a_3T2_PL2017,Pic_Sem, 179,1.018727
LH_supFrontal,769_FED_20190522a_3T2_PL2017,Pic_Perc, 179,0.385874
LH_supFrontal,769_FED_20190522a_3T2_PL2017,Sent_Sem, 179,2.023196
LH_supFrontal,769_FED_20190522a_3T2_PL2017,Sent_Perc, 179,0.708892
LH_supFrontal,770_FED_20190523b_3T2_PL2017,Pic_Sem, 179,-1.151462
LH_supFrontal,770_FED_20190523b_3T2_PL2017,Pic_Perc, 179,0.129942
LH_supFrontal,770_FED_20190523b_3T2_PL2017,Sent_Sem, 179,-0.348804
LH_supFrontal,770_FED_20190523b_3T2_PL2017,Sent_Perc, 179,-1.073425
LH_supFrontal,773_FED_20190605c_3T2_PL2017,Pic_Sem, 179,1.488754
LH_supFrontal,773_FED_20190605c_3T2_PL2017,Pic_Perc, 179,2.057237
LH_supFrontal,773_FED_20190605c_3T2_PL2017,Sent_Sem, 179,1.373767
LH_supFrontal,773_FED_20190605c_3T2_PL2017,Sent_Perc, 179,1.288459
LH_supFrontal,774_FED_20190605b_3T2_PL2017,Pic_Sem, 179,3.658809
LH_supFrontal,774_FED_20190605b_3T2_PL2017,Pic_Perc, 179,4.317392
LH_supFrontal,774_FED_20190605b_3T2_PL2017,Sent_Sem, 179,2.381608
LH_supFrontal,774_FED_20190605b_3T2_PL2017,Sent_Perc, 179,3.517805
LH_supFrontal,775_FED_20190611a_3T2_PL2017,Pic_Sem, 179,2.372042
LH_supFrontal,775_FED_20190611a_3T2_PL2017,Pic_Perc, 179,2.429553
LH_supFrontal,775_FED_20190611a_3T2_PL2017,Sent_Sem, 179,1.594950
LH_supFrontal,775_FED_20190611a_3T2_PL2017,Sent_Perc, 179,1.927473
LH_supFrontal,778_FED_20190614b_3T2_PL2017,Pic_Sem, 179,1.149450
LH_supFrontal,778_FED_20190614b_3T2_PL2017,Pic_Perc, 179,1.059724
LH_supFrontal,778_FED_20190614b_3T2_PL2017,Sent_Sem, 179,1.483292
LH_supFrontal,778_FED_20190614b_3T2_PL2017,Sent_Perc, 179,0.793037
LH_supFrontal,863_FED_20211124a_3T1_PL2017,Pic_Sem, 179,2.951887
LH_supFrontal,863_FED_20211124a_3T1_PL2017,Pic_Perc, 179,2.508227
LH_supFrontal,863_FED_20211124a_3T1_PL2017,Sent_Sem, 179,3.924591
LH_supFrontal,863_FED_20211124a_3T1_PL2017,Sent_Perc, 179,2.065723
LH_Precentral_A_precG,249_FED_20160519a_3T1_PL2017,Pic_Sem, 118,1.996156
LH_Precentral_A_precG,249_FED_20160519a_3T1_PL2017,Pic_Perc, 118,2.414922
LH_Precentral_A_precG,249_FED_20160519a_3T1_PL2017,Sent_Sem, 118,2.584892
LH_Precentral_A_precG,249_FED_20160519a_3T1_PL2017,Sent_Perc, 118,2.453939
LH_Precentral_A_precG,252_FED_20160907b_3T2_PL2017,Pic_Sem, 118,4.970305
LH_Precentral_A_precG,252_FED_20160907b_3T2_PL2017,Pic_Perc, 118,4.563888
LH_Precentral_A_precG,252_FED_20160907b_3T2_PL2017,Sent_Sem, 118,6.349450
LH_Precentral_A_precG,252_FED_20160907b_3T2_PL2017,Sent_Perc, 118,3.150341
LH_Precentral_A_precG,291_FED_20160803c_3T1_PL2017,Pic_Sem, 118,0.620339
LH_Precentral_A_precG,291_FED_20160803c_3T1_PL2017,Pic_Perc, 118,0.521664
LH_Precentral_A_precG,291_FED_20160803c_3T1_PL2017,Sent_Sem, 118,0.950562
LH_Precentral_A_precG,291_FED_20160803c_3T1_PL2017,Sent_Perc, 118,0.399411
LH_Precentral_A_precG,301_FED_20160908b_3T1_PL2017,Pic_Sem, 118,2.172119
LH_Precentral_A_precG,301_FED_20160908b_3T1_PL2017,Pic_Perc, 118,1.370445
LH_Precentral_A_precG,301_FED_20160908b_3T1_PL2017,Sent_Sem, 118,1.808426
LH_Precentral_A_precG,301_FED_20160908b_3T1_PL2017,Sent_Perc, 118,1.537440
LH_Precentral_A_precG,376_FED_20160519b_3T1_PL2017,Pic_Sem, 118,3.161696
LH_Precentral_A_precG,376_FED_20160519b_3T1_PL2017,Pic_Perc, 118,1.817007
LH_Precentral_A_precG,376_FED_20160519b_3T1_PL2017,Sent_Sem, 118,2.984504
LH_Precentral_A_precG,376_FED_20160519b_3T1_PL2017,Sent_Perc, 118,1.743883
LH_Precentral_A_precG,399_FED_20160519d_3T1_PL2017,Pic_Sem, 118,2.010688
LH_Precentral_A_precG,399_FED_20160519d_3T1_PL2017,Pic_Perc, 118,0.952641
LH_Precentral_A_precG,399_FED_20160519d_3T1_PL2017,Sent_Sem, 118,1.433190
LH_Precentral_A_precG,399_FED_20160519d_3T1_PL2017,Sent_Perc, 118,2.714370
LH_Precentral_A_precG,400_FED_20160520a_3T1_PL2017,Pic_Sem, 118,0.056419
LH_Precentral_A_precG,400_FED_20160520a_3T1_PL2017,Pic_Perc, 118,0.182598
LH_Precentral_A_precG,400_FED_20160520a_3T1_PL2017,Sent_Sem, 118,0.106422
LH_Precentral_A_precG,400_FED_20160520a_3T1_PL2017,Sent_Perc, 118,0.750021
LH_Precentral_A_precG,401_FED_20160520d_3T1_PL2017,Pic_Sem, 118,5.726422
LH_Precentral_A_precG,401_FED_20160520d_3T1_PL2017,Pic_Perc, 118,3.826686
LH_Precentral_A_precG,401_FED_20160520d_3T1_PL2017,Sent_Sem, 118,7.007579
LH_Precentral_A_precG,401_FED_20160520d_3T1_PL2017,Sent_Perc, 118,4.401256
LH_Precentral_A_precG,419_FED_20160805a_3T1_PL2017,Pic_Sem, 118,0.851068
LH_Precentral_A_precG,419_FED_20160805a_3T1_PL2017,Pic_Perc, 118,0.435900
LH_Precentral_A_precG,419_FED_20160805a_3T1_PL2017,Sent_Sem, 118,1.074547
LH_Precentral_A_precG,419_FED_20160805a_3T1_PL2017,Sent_Perc, 118,0.565218
LH_Precentral_A_precG,420_FED_20160805b_3T1_PL2017,Pic_Sem, 118,3.652014
LH_Precentral_A_precG,420_FED_20160805b_3T1_PL2017,Pic_Perc, 118,3.749682
LH_Precentral_A_precG,420_FED_20160805b_3T1_PL2017,Sent_Sem, 118,2.506249
LH_Precentral_A_precG,420_FED_20160805b_3T1_PL2017,Sent_Perc, 118,3.241907
LH_Precentral_A_precG,426_FED_20160908d_3T1_PL2017,Pic_Sem, 118,-0.285287
LH_Precentral_A_precG,426_FED_20160908d_3T1_PL2017,Pic_Perc, 118,-0.308566
LH_Precentral_A_precG,426_FED_20160908d_3T1_PL2017,Sent_Sem, 118,-0.861845
LH_Precentral_A_precG,426_FED_20160908d_3T1_PL2017,Sent_Perc, 118,-0.516992
LH_Precentral_A_precG,682_FED_20190426a_3T2_PL2017,Pic_Sem, 118,2.990041
LH_Precentral_A_precG,682_FED_20190426a_3T2_PL2017,Pic_Perc, 118,1.616636
LH_Precentral_A_precG,682_FED_20190426a_3T2_PL2017,Sent_Sem, 118,2.097617
LH_Precentral_A_precG,682_FED_20190426a_3T2_PL2017,Sent_Perc, 118,2.893524
LH_Precentral_A_precG,767_FED_20190418b_3T2_PL2017,Pic_Sem, 118,3.624933
LH_Precentral_A_precG,767_FED_20190418b_3T2_PL2017,Pic_Perc, 118,4.467042
LH_Precentral_A_precG,767_FED_20190418b_3T2_PL2017,Sent_Sem, 118,3.753957
LH_Precentral_A_precG,767_FED_20190418b_3T2_PL2017,Sent_Perc, 118,3.392433
LH_Precentral_A_precG,769_FED_20190522a_3T2_PL2017,Pic_Sem, 118,3.116354
LH_Precentral_A_precG,769_FED_20190522a_3T2_PL2017,Pic_Perc, 118,1.473720
LH_Precentral_A_precG,769_FED_20190522a_3T2_PL2017,Sent_Sem, 118,4.533251
LH_Precentral_A_precG,769_FED_20190522a_3T2_PL2017,Sent_Perc, 118,2.267481
LH_Precentral_A_precG,770_FED_20190523b_3T2_PL2017,Pic_Sem, 118,-1.197574
LH_Precentral_A_precG,770_FED_20190523b_3T2_PL2017,Pic_Perc, 118,0.433618
LH_Precentral_A_precG,770_FED_20190523b_3T2_PL2017,Sent_Sem, 118,-0.671452
LH_Precentral_A_precG,770_FED_20190523b_3T2_PL2017,Sent_Perc, 118,-1.547421
LH_Precentral_A_precG,773_FED_20190605c_3T2_PL2017,Pic_Sem, 118,2.911525
LH_Precentral_A_precG,773_FED_20190605c_3T2_PL2017,Pic_Perc, 118,2.456338
LH_Precentral_A_precG,773_FED_20190605c_3T2_PL2017,Sent_Sem, 118,2.470236
LH_Precentral_A_precG,773_FED_20190605c_3T2_PL2017,Sent_Perc, 118,1.921485
LH_Precentral_A_precG,774_FED_20190605b_3T2_PL2017,Pic_Sem, 118,3.679798
LH_Precentral_A_precG,774_FED_20190605b_3T2_PL2017,Pic_Perc, 118,4.282376
LH_Precentral_A_precG,774_FED_20190605b_3T2_PL2017,Sent_Sem, 118,2.075018
LH_Precentral_A_precG,774_FED_20190605b_3T2_PL2017,Sent_Perc, 118,3.345400
LH_Precentral_A_precG,775_FED_20190611a_3T2_PL2017,Pic_Sem, 118,6.644128
LH_Precentral_A_precG,775_FED_20190611a_3T2_PL2017,Pic_Perc, 118,5.137218
LH_Precentral_A_precG,775_FED_20190611a_3T2_PL2017,Sent_Sem, 118,6.160438
LH_Precentral_A_precG,775_FED_20190611a_3T2_PL2017,Sent_Perc, 118,5.395048
LH_Precentral_A_precG,778_FED_20190614b_3T2_PL2017,Pic_Sem, 118,2.654228
LH_Precentral_A_precG,778_FED_20190614b_3T2_PL2017,Pic_Perc, 118,1.676068
LH_Precentral_A_precG,778_FED_20190614b_3T2_PL2017,Sent_Sem, 118,2.966083
LH_Precentral_A_precG,778_FED_20190614b_3T2_PL2017,Sent_Perc, 118,2.388571
LH_Precentral_A_precG,863_FED_20211124a_3T1_PL2017,Pic_Sem, 118,1.370282
LH_Precentral_A_precG,863_FED_20211124a_3T1_PL2017,Pic_Perc, 118,1.347328
LH_Precentral_A_precG,863_FED_20211124a_3T1_PL2017,Sent_Sem, 118,1.965720
LH_Precentral_A_precG,863_FED_20211124a_3T1_PL2017,Sent_Perc, 118,0.800356
LH_Precentral_B_IFGop,249_FED_20160519a_3T1_PL2017,Pic_Sem, 63,0.974344
LH_Precentral_B_IFGop,249_FED_20160519a_3T1_PL2017,Pic_Perc, 63,1.721247
LH_Precentral_B_IFGop,249_FED_20160519a_3T1_PL2017,Sent_Sem, 63,1.519054
LH_Precentral_B_IFGop,249_FED_20160519a_3T1_PL2017,Sent_Perc, 63,1.363580
LH_Precentral_B_IFGop,252_FED_20160907b_3T2_PL2017,Pic_Sem, 63,4.624003
LH_Precentral_B_IFGop,252_FED_20160907b_3T2_PL2017,Pic_Perc, 63,4.251775
LH_Precentral_B_IFGop,252_FED_20160907b_3T2_PL2017,Sent_Sem, 63,5.798746
LH_Precentral_B_IFGop,252_FED_20160907b_3T2_PL2017,Sent_Perc, 63,2.783133
LH_Precentral_B_IFGop,291_FED_20160803c_3T1_PL2017,Pic_Sem, 63,0.685109
LH_Precentral_B_IFGop,291_FED_20160803c_3T1_PL2017,Pic_Perc, 63,0.790124
LH_Precentral_B_IFGop,291_FED_20160803c_3T1_PL2017,Sent_Sem, 63,0.838091
LH_Precentral_B_IFGop,291_FED_20160803c_3T1_PL2017,Sent_Perc, 63,0.063511
LH_Precentral_B_IFGop,301_FED_20160908b_3T1_PL2017,Pic_Sem, 63,5.365563
LH_Precentral_B_IFGop,301_FED_20160908b_3T1_PL2017,Pic_Perc, 63,3.284054
LH_Precentral_B_IFGop,301_FED_20160908b_3T1_PL2017,Sent_Sem, 63,4.471649
LH_Precentral_B_IFGop,301_FED_20160908b_3T1_PL2017,Sent_Perc, 63,3.397733
LH_Precentral_B_IFGop,376_FED_20160519b_3T1_PL2017,Pic_Sem, 63,4.356200
LH_Precentral_B_IFGop,376_FED_20160519b_3T1_PL2017,Pic_Perc, 63,2.297848
LH_Precentral_B_IFGop,376_FED_20160519b_3T1_PL2017,Sent_Sem, 63,4.249282
LH_Precentral_B_IFGop,376_FED_20160519b_3T1_PL2017,Sent_Perc, 63,2.226537
LH_Precentral_B_IFGop,399_FED_20160519d_3T1_PL2017,Pic_Sem, 63,2.081149
LH_Precentral_B_IFGop,399_FED_20160519d_3T1_PL2017,Pic_Perc, 63,1.256283
LH_Precentral_B_IFGop,399_FED_20160519d_3T1_PL2017,Sent_Sem, 63,1.611655
LH_Precentral_B_IFGop,399_FED_20160519d_3T1_PL2017,Sent_Perc, 63,2.600066
LH_Precentral_B_IFGop,400_FED_20160520a_3T1_PL2017,Pic_Sem, 63,0.175843
LH_Precentral_B_IFGop,400_FED_20160520a_3T1_PL2017,Pic_Perc, 63,0.136134
LH_Precentral_B_IFGop,400_FED_20160520a_3T1_PL2017,Sent_Sem, 63,0.196716
LH_Precentral_B_IFGop,400_FED_20160520a_3T1_PL2017,Sent_Perc, 63,0.853618
LH_Precentral_B_IFGop,401_FED_20160520d_3T1_PL2017,Pic_Sem, 63,3.008442
LH_Precentral_B_IFGop,401_FED_20160520d_3T1_PL2017,Pic_Perc, 63,2.140615
LH_Precentral_B_IFGop,401_FED_20160520d_3T1_PL2017,Sent_Sem, 63,4.086517
LH_Precentral_B_IFGop,401_FED_20160520d_3T1_PL2017,Sent_Perc, 63,2.478744
LH_Precentral_B_IFGop,419_FED_20160805a_3T1_PL2017,Pic_Sem, 63,0.716449
LH_Precentral_B_IFGop,419_FED_20160805a_3T1_PL2017,Pic_Perc, 63,0.872823
LH_Precentral_B_IFGop,419_FED_20160805a_3T1_PL2017,Sent_Sem, 63,0.008417
LH_Precentral_B_IFGop,419_FED_20160805a_3T1_PL2017,Sent_Perc, 63,0.182481
LH_Precentral_B_IFGop,420_FED_20160805b_3T1_PL2017,Pic_Sem, 63,2.183824
LH_Precentral_B_IFGop,420_FED_20160805b_3T1_PL2017,Pic_Perc, 63,2.337939
LH_Precentral_B_IFGop,420_FED_20160805b_3T1_PL2017,Sent_Sem, 63,1.326189
LH_Precentral_B_IFGop,420_FED_20160805b_3T1_PL2017,Sent_Perc, 63,1.634494
LH_Precentral_B_IFGop,426_FED_20160908d_3T1_PL2017,Pic_Sem, 63,-0.969407
LH_Precentral_B_IFGop,426_FED_20160908d_3T1_PL2017,Pic_Perc, 63,-0.564039
LH_Precentral_B_IFGop,426_FED_20160908d_3T1_PL2017,Sent_Sem, 63,-1.127532
LH_Precentral_B_IFGop,426_FED_20160908d_3T1_PL2017,Sent_Perc, 63,-1.243990
LH_Precentral_B_IFGop,682_FED_20190426a_3T2_PL2017,Pic_Sem, 63,4.659563
LH_Precentral_B_IFGop,682_FED_20190426a_3T2_PL2017,Pic_Perc, 63,2.098605
LH_Precentral_B_IFGop,682_FED_20190426a_3T2_PL2017,Sent_Sem, 63,3.966269
LH_Precentral_B_IFGop,682_FED_20190426a_3T2_PL2017,Sent_Perc, 63,3.927872
LH_Precentral_B_IFGop,767_FED_20190418b_3T2_PL2017,Pic_Sem, 63,6.158035
LH_Precentral_B_IFGop,767_FED_20190418b_3T2_PL2017,Pic_Perc, 63,3.718895
LH_Precentral_B_IFGop,767_FED_20190418b_3T2_PL2017,Sent_Sem, 63,6.606950
LH_Precentral_B_IFGop,767_FED_20190418b_3T2_PL2017,Sent_Perc, 63,2.816697
LH_Precentral_B_IFGop,769_FED_20190522a_3T2_PL2017,Pic_Sem, 63,1.226953
LH_Precentral_B_IFGop,769_FED_20190522a_3T2_PL2017,Pic_Perc, 63,0.123289
LH_Precentral_B_IFGop,769_FED_20190522a_3T2_PL2017,Sent_Sem, 63,1.950039
LH_Precentral_B_IFGop,769_FED_20190522a_3T2_PL2017,Sent_Perc, 63,0.577720
LH_Precentral_B_IFGop,770_FED_20190523b_3T2_PL2017,Pic_Sem, 63,-1.109276
LH_Precentral_B_IFGop,770_FED_20190523b_3T2_PL2017,Pic_Perc, 63,0.962284
LH_Precentral_B_IFGop,770_FED_20190523b_3T2_PL2017,Sent_Sem, 63,-0.130121
LH_Precentral_B_IFGop,770_FED_20190523b_3T2_PL2017,Sent_Perc, 63,-0.731561
LH_Precentral_B_IFGop,773_FED_20190605c_3T2_PL2017,Pic_Sem, 63,2.317692
LH_Precentral_B_IFGop,773_FED_20190605c_3T2_PL2017,Pic_Perc, 63,2.356735
LH_Precentral_B_IFGop,773_FED_20190605c_3T2_PL2017,Sent_Sem, 63,2.102159
LH_Precentral_B_IFGop,773_FED_20190605c_3T2_PL2017,Sent_Perc, 63,1.771916
LH_Precentral_B_IFGop,774_FED_20190605b_3T2_PL2017,Pic_Sem, 63,4.194980
LH_Precentral_B_IFGop,774_FED_20190605b_3T2_PL2017,Pic_Perc, 63,4.192078
LH_Precentral_B_IFGop,774_FED_20190605b_3T2_PL2017,Sent_Sem, 63,2.483695
LH_Precentral_B_IFGop,774_FED_20190605b_3T2_PL2017,Sent_Perc, 63,3.545465
LH_Precentral_B_IFGop,775_FED_20190611a_3T2_PL2017,Pic_Sem, 63,4.428043
LH_Precentral_B_IFGop,775_FED_20190611a_3T2_PL2017,Pic_Perc, 63,3.493180
LH_Precentral_B_IFGop,775_FED_20190611a_3T2_PL2017,Sent_Sem, 63,4.795523
LH_Precentral_B_IFGop,775_FED_20190611a_3T2_PL2017,Sent_Perc, 63,4.017949
LH_Precentral_B_IFGop,778_FED_20190614b_3T2_PL2017,Pic_Sem, 63,2.033723
LH_Precentral_B_IFGop,778_FED_20190614b_3T2_PL2017,Pic_Perc, 63,1.384697
LH_Precentral_B_IFGop,778_FED_20190614b_3T2_PL2017,Sent_Sem, 63,2.355068
LH_Precentral_B_IFGop,778_FED_20190614b_3T2_PL2017,Sent_Perc, 63,1.660536
LH_Precentral_B_IFGop,863_FED_20211124a_3T1_PL2017,Pic_Sem, 63,2.213380
LH_Precentral_B_IFGop,863_FED_20211124a_3T1_PL2017,Pic_Perc, 63,2.032283
LH_Precentral_B_IFGop,863_FED_20211124a_3T1_PL2017,Sent_Sem, 63,3.595604
LH_Precentral_B_IFGop,863_FED_20211124a_3T1_PL2017,Sent_Perc, 63,1.387320
LH_midFrontal,249_FED_20160519a_3T1_PL2017,Pic_Sem, 159,1.232231
LH_midFrontal,249_FED_20160519a_3T1_PL2017,Pic_Perc, 159,0.995101
LH_midFrontal,249_FED_20160519a_3T1_PL2017,Sent_Sem, 159,0.686218
LH_midFrontal,249_FED_20160519a_3T1_PL2017,Sent_Perc, 159,1.081051
LH_midFrontal,252_FED_20160907b_3T2_PL2017,Pic_Sem, 159,5.361988
LH_midFrontal,252_FED_20160907b_3T2_PL2017,Pic_Perc, 159,5.397632
LH_midFrontal,252_FED_20160907b_3T2_PL2017,Sent_Sem, 159,6.465213
LH_midFrontal,252_FED_20160907b_3T2_PL2017,Sent_Perc, 159,4.078139
LH_midFrontal,291_FED_20160803c_3T1_PL2017,Pic_Sem, 159,0.104951
LH_midFrontal,291_FED_20160803c_3T1_PL2017,Pic_Perc, 159,-0.439574
LH_midFrontal,291_FED_20160803c_3T1_PL2017,Sent_Sem, 159,-0.213639
LH_midFrontal,291_FED_20160803c_3T1_PL2017,Sent_Perc, 159,-0.340657
LH_midFrontal,301_FED_20160908b_3T1_PL2017,Pic_Sem, 159,3.120028
LH_midFrontal,301_FED_20160908b_3T1_PL2017,Pic_Perc, 159,2.829636
LH_midFrontal,301_FED_20160908b_3T1_PL2017,Sent_Sem, 159,2.871844
LH_midFrontal,301_FED_20160908b_3T1_PL2017,Sent_Perc, 159,2.903899
LH_midFrontal,376_FED_20160519b_3T1_PL2017,Pic_Sem, 159,2.288248
LH_midFrontal,376_FED_20160519b_3T1_PL2017,Pic_Perc, 159,0.884447
LH_midFrontal,376_FED_20160519b_3T1_PL2017,Sent_Sem, 159,1.780661
LH_midFrontal,376_FED_20160519b_3T1_PL2017,Sent_Perc, 159,1.534045
LH_midFrontal,399_FED_20160519d_3T1_PL2017,Pic_Sem, 159,1.150517
LH_midFrontal,399_FED_20160519d_3T1_PL2017,Pic_Perc, 159,0.626504
LH_midFrontal,399_FED_20160519d_3T1_PL2017,Sent_Sem, 159,0.858523
LH_midFrontal,399_FED_20160519d_3T1_PL2017,Sent_Perc, 159,1.882175
LH_midFrontal,400_FED_20160520a_3T1_PL2017,Pic_Sem, 159,-0.116086
LH_midFrontal,400_FED_20160520a_3T1_PL2017,Pic_Perc, 159,0.258290
LH_midFrontal,400_FED_20160520a_3T1_PL2017,Sent_Sem, 159,0.509067
LH_midFrontal,400_FED_20160520a_3T1_PL2017,Sent_Perc, 159,0.074484
LH_midFrontal,401_FED_20160520d_3T1_PL2017,Pic_Sem, 159,0.794960
LH_midFrontal,401_FED_20160520d_3T1_PL2017,Pic_Perc, 159,0.146072
LH_midFrontal,401_FED_20160520d_3T1_PL2017,Sent_Sem, 159,0.812874
LH_midFrontal,401_FED_20160520d_3T1_PL2017,Sent_Perc, 159,0.522168
LH_midFrontal,419_FED_20160805a_3T1_PL2017,Pic_Sem, 159,-0.602286
LH_midFrontal,419_FED_20160805a_3T1_PL2017,Pic_Perc, 159,-0.518890
LH_midFrontal,419_FED_20160805a_3T1_PL2017,Sent_Sem, 159,-0.447718
LH_midFrontal,419_FED_20160805a_3T1_PL2017,Sent_Perc, 159,-1.238610
LH_midFrontal,420_FED_20160805b_3T1_PL2017,Pic_Sem, 159,3.209816
LH_midFrontal,420_FED_20160805b_3T1_PL2017,Pic_Perc, 159,2.978386
LH_midFrontal,420_FED_20160805b_3T1_PL2017,Sent_Sem, 159,0.761476
LH_midFrontal,420_FED_20160805b_3T1_PL2017,Sent_Perc, 159,2.206267
LH_midFrontal,426_FED_20160908d_3T1_PL2017,Pic_Sem, 159,-0.536145
LH_midFrontal,426_FED_20160908d_3T1_PL2017,Pic_Perc, 159,-1.420386
LH_midFrontal,426_FED_20160908d_3T1_PL2017,Sent_Sem, 159,-1.990757
LH_midFrontal,426_FED_20160908d_3T1_PL2017,Sent_Perc, 159,-0.204326
LH_midFrontal,682_FED_20190426a_3T2_PL2017,Pic_Sem, 159,1.240746
LH_midFrontal,682_FED_20190426a_3T2_PL2017,Pic_Perc, 159,0.584766
LH_midFrontal,682_FED_20190426a_3T2_PL2017,Sent_Sem, 159,1.276932
LH_midFrontal,682_FED_20190426a_3T2_PL2017,Sent_Perc, 159,0.907153
LH_midFrontal,767_FED_20190418b_3T2_PL2017,Pic_Sem, 159,1.427222
LH_midFrontal,767_FED_20190418b_3T2_PL2017,Pic_Perc, 159,1.447903
LH_midFrontal,767_FED_20190418b_3T2_PL2017,Sent_Sem, 159,1.239984
LH_midFrontal,767_FED_20190418b_3T2_PL2017,Sent_Perc, 159,0.350281
LH_midFrontal,769_FED_20190522a_3T2_PL2017,Pic_Sem, 159,2.159475
LH_midFrontal,769_FED_20190522a_3T2_PL2017,Pic_Perc, 159,2.475859
LH_midFrontal,769_FED_20190522a_3T2_PL2017,Sent_Sem, 159,3.015870
LH_midFrontal,769_FED_20190522a_3T2_PL2017,Sent_Perc, 159,2.355357
LH_midFrontal,770_FED_20190523b_3T2_PL2017,Pic_Sem, 159,-0.812249
LH_midFrontal,770_FED_20190523b_3T2_PL2017,Pic_Perc, 159,0.521602
LH_midFrontal,770_FED_20190523b_3T2_PL2017,Sent_Sem, 159,0.099483
LH_midFrontal,770_FED_20190523b_3T2_PL2017,Sent_Perc, 159,-1.656253
LH_midFrontal,773_FED_20190605c_3T2_PL2017,Pic_Sem, 159,2.611080
LH_midFrontal,773_FED_20190605c_3T2_PL2017,Pic_Perc, 159,1.827585
LH_midFrontal,773_FED_20190605c_3T2_PL2017,Sent_Sem, 159,1.500242
LH_midFrontal,773_FED_20190605c_3T2_PL2017,Sent_Perc, 159,1.131882
LH_midFrontal,774_FED_20190605b_3T2_PL2017,Pic_Sem, 159,2.090990
LH_midFrontal,774_FED_20190605b_3T2_PL2017,Pic_Perc, 159,2.983673
LH_midFrontal,774_FED_20190605b_3T2_PL2017,Sent_Sem, 159,0.544011
LH_midFrontal,774_FED_20190605b_3T2_PL2017,Sent_Perc, 159,2.432929
LH_midFrontal,775_FED_20190611a_3T2_PL2017,Pic_Sem, 159,1.687411
LH_midFrontal,775_FED_20190611a_3T2_PL2017,Pic_Perc, 159,2.186593
LH_midFrontal,775_FED_20190611a_3T2_PL2017,Sent_Sem, 159,1.664961
LH_midFrontal,775_FED_20190611a_3T2_PL2017,Sent_Perc, 159,2.310230
LH_midFrontal,778_FED_20190614b_3T2_PL2017,Pic_Sem, 159,3.629389
LH_midFrontal,778_FED_20190614b_3T2_PL2017,Pic_Perc, 159,2.155490
LH_midFrontal,778_FED_20190614b_3T2_PL2017,Sent_Sem, 159,3.809106
LH_midFrontal,778_FED_20190614b_3T2_PL2017,Sent_Perc, 159,2.897324
LH_midFrontal,863_FED_20211124a_3T1_PL2017,Pic_Sem, 159,0.326642
LH_midFrontal,863_FED_20211124a_3T1_PL2017,Pic_Perc, 159,0.448068
LH_midFrontal,863_FED_20211124a_3T1_PL2017,Sent_Sem, 159,1.277915
LH_midFrontal,863_FED_20211124a_3T1_PL2017,Sent_Perc, 159,0.001511
LH_midFrontalOrb,249_FED_20160519a_3T1_PL2017,Pic_Sem, 162,0.453811
LH_midFrontalOrb,249_FED_20160519a_3T1_PL2017,Pic_Perc, 162,0.126750
LH_midFrontalOrb,249_FED_20160519a_3T1_PL2017,Sent_Sem, 162,0.241019
LH_midFrontalOrb,249_FED_20160519a_3T1_PL2017,Sent_Perc, 162,1.022322
LH_midFrontalOrb,252_FED_20160907b_3T2_PL2017,Pic_Sem, 162,5.913257
LH_midFrontalOrb,252_FED_20160907b_3T2_PL2017,Pic_Perc, 162,7.708578
LH_midFrontalOrb,252_FED_20160907b_3T2_PL2017,Sent_Sem, 162,8.307713
LH_midFrontalOrb,252_FED_20160907b_3T2_PL2017,Sent_Perc, 162,5.161085
LH_midFrontalOrb,291_FED_20160803c_3T1_PL2017,Pic_Sem, 162,-0.381091
LH_midFrontalOrb,291_FED_20160803c_3T1_PL2017,Pic_Perc, 162,-0.622639
LH_midFrontalOrb,291_FED_20160803c_3T1_PL2017,Sent_Sem, 162,0.177546
LH_midFrontalOrb,291_FED_20160803c_3T1_PL2017,Sent_Perc, 162,-1.130428
LH_midFrontalOrb,301_FED_20160908b_3T1_PL2017,Pic_Sem, 162,3.479137
LH_midFrontalOrb,301_FED_20160908b_3T1_PL2017,Pic_Perc, 162,6.103061
LH_midFrontalOrb,301_FED_20160908b_3T1_PL2017,Sent_Sem, 162,3.987895
LH_midFrontalOrb,301_FED_20160908b_3T1_PL2017,Sent_Perc, 162,5.268775
LH_midFrontalOrb,376_FED_20160519b_3T1_PL2017,Pic_Sem, 162,2.804300
LH_midFrontalOrb,376_FED_20160519b_3T1_PL2017,Pic_Perc, 162,0.869150
LH_midFrontalOrb,376_FED_20160519b_3T1_PL2017,Sent_Sem, 162,1.339715
LH_midFrontalOrb,376_FED_20160519b_3T1_PL2017,Sent_Perc, 162,3.347427
LH_midFrontalOrb,399_FED_20160519d_3T1_PL2017,Pic_Sem, 162,1.312660
LH_midFrontalOrb,399_FED_20160519d_3T1_PL2017,Pic_Perc, 162,0.783120
LH_midFrontalOrb,399_FED_20160519d_3T1_PL2017,Sent_Sem, 162,0.685530
LH_midFrontalOrb,399_FED_20160519d_3T1_PL2017,Sent_Perc, 162,1.919219
LH_midFrontalOrb,400_FED_20160520a_3T1_PL2017,Pic_Sem, 162,0.014366
LH_midFrontalOrb,400_FED_20160520a_3T1_PL2017,Pic_Perc, 162,0.672538
LH_midFrontalOrb,400_FED_20160520a_3T1_PL2017,Sent_Sem, 162,0.773392
LH_midFrontalOrb,400_FED_20160520a_3T1_PL2017,Sent_Perc, 162,0.039988
LH_midFrontalOrb,401_FED_20160520d_3T1_PL2017,Pic_Sem, 162,1.970608
LH_midFrontalOrb,401_FED_20160520d_3T1_PL2017,Pic_Perc, 162,-0.343385
LH_midFrontalOrb,401_FED_20160520d_3T1_PL2017,Sent_Sem, 162,1.304929
LH_midFrontalOrb,401_FED_20160520d_3T1_PL2017,Sent_Perc, 162,0.148963
LH_midFrontalOrb,419_FED_20160805a_3T1_PL2017,Pic_Sem, 162,0.606527
LH_midFrontalOrb,419_FED_20160805a_3T1_PL2017,Pic_Perc, 162,0.936688
LH_midFrontalOrb,419_FED_20160805a_3T1_PL2017,Sent_Sem, 162,1.456847
LH_midFrontalOrb,419_FED_20160805a_3T1_PL2017,Sent_Perc, 162,-0.302088
LH_midFrontalOrb,420_FED_20160805b_3T1_PL2017,Pic_Sem, 162,1.346043
LH_midFrontalOrb,420_FED_20160805b_3T1_PL2017,Pic_Perc, 162,0.450910
LH_midFrontalOrb,420_FED_20160805b_3T1_PL2017,Sent_Sem, 162,-0.122384
LH_midFrontalOrb,420_FED_20160805b_3T1_PL2017,Sent_Perc, 162,0.631837
LH_midFrontalOrb,426_FED_20160908d_3T1_PL2017,Pic_Sem, 162,0.846841
LH_midFrontalOrb,426_FED_20160908d_3T1_PL2017,Pic_Perc, 162,-0.993756
LH_midFrontalOrb,426_FED_20160908d_3T1_PL2017,Sent_Sem, 162,-1.032288
LH_midFrontalOrb,426_FED_20160908d_3T1_PL2017,Sent_Perc, 162,1.504357
LH_midFrontalOrb,682_FED_20190426a_3T2_PL2017,Pic_Sem, 162,0.701294
LH_midFrontalOrb,682_FED_20190426a_3T2_PL2017,Pic_Perc, 162,1.131919
LH_midFrontalOrb,682_FED_20190426a_3T2_PL2017,Sent_Sem, 162,1.548571
LH_midFrontalOrb,682_FED_20190426a_3T2_PL2017,Sent_Perc, 162,1.422522
LH_midFrontalOrb,767_FED_20190418b_3T2_PL2017,Pic_Sem, 162,1.477352
LH_midFrontalOrb,767_FED_20190418b_3T2_PL2017,Pic_Perc, 162,1.455148
LH_midFrontalOrb,767_FED_20190418b_3T2_PL2017,Sent_Sem, 162,2.380632
LH_midFrontalOrb,767_FED_20190418b_3T2_PL2017,Sent_Perc, 162,0.677633
LH_midFrontalOrb,769_FED_20190522a_3T2_PL2017,Pic_Sem, 162,0.714140
LH_midFrontalOrb,769_FED_20190522a_3T2_PL2017,Pic_Perc, 162,1.119609
LH_midFrontalOrb,769_FED_20190522a_3T2_PL2017,Sent_Sem, 162,1.404912
LH_midFrontalOrb,769_FED_20190522a_3T2_PL2017,Sent_Perc, 162,2.182218
LH_midFrontalOrb,770_FED_20190523b_3T2_PL2017,Pic_Sem, 162,-0.698034
LH_midFrontalOrb,770_FED_20190523b_3T2_PL2017,Pic_Perc, 162,0.540718
LH_midFrontalOrb,770_FED_20190523b_3T2_PL2017,Sent_Sem, 162,-1.139857
LH_midFrontalOrb,770_FED_20190523b_3T2_PL2017,Sent_Perc, 162,-3.846205
LH_midFrontalOrb,773_FED_20190605c_3T2_PL2017,Pic_Sem, 162,-0.504863
LH_midFrontalOrb,773_FED_20190605c_3T2_PL2017,Pic_Perc, 162,-0.286375
LH_midFrontalOrb,773_FED_20190605c_3T2_PL2017,Sent_Sem, 162,-0.416564
LH_midFrontalOrb,773_FED_20190605c_3T2_PL2017,Sent_Perc, 162,-0.204967
LH_midFrontalOrb,774_FED_20190605b_3T2_PL2017,Pic_Sem, 162,1.141911
LH_midFrontalOrb,774_FED_20190605b_3T2_PL2017,Pic_Perc, 162,2.502159
LH_midFrontalOrb,774_FED_20190605b_3T2_PL2017,Sent_Sem, 162,0.147985
LH_midFrontalOrb,774_FED_20190605b_3T2_PL2017,Sent_Perc, 162,1.942119
LH_midFrontalOrb,775_FED_20190611a_3T2_PL2017,Pic_Sem, 162,2.567232
LH_midFrontalOrb,775_FED_20190611a_3T2_PL2017,Pic_Perc, 162,3.050679
LH_midFrontalOrb,775_FED_20190611a_3T2_PL2017,Sent_Sem, 162,2.287889
LH_midFrontalOrb,775_FED_20190611a_3T2_PL2017,Sent_Perc, 162,2.683204
LH_midFrontalOrb,778_FED_20190614b_3T2_PL2017,Pic_Sem, 162,1.515818
LH_midFrontalOrb,778_FED_20190614b_3T2_PL2017,Pic_Perc, 162,1.590875
LH_midFrontalOrb,778_FED_20190614b_3T2_PL2017,Sent_Sem, 162,1.943598
LH_midFrontalOrb,778_FED_20190614b_3T2_PL2017,Sent_Perc, 162,1.712587
LH_midFrontalOrb,863_FED_20211124a_3T1_PL2017,Pic_Sem, 162,1.578386
LH_midFrontalOrb,863_FED_20211124a_3T1_PL2017,Pic_Perc, 162,1.978048
LH_midFrontalOrb,863_FED_20211124a_3T1_PL2017,Sent_Sem, 162,2.851240
LH_midFrontalOrb,863_FED_20211124a_3T1_PL2017,Sent_Perc, 162,1.179145
LH_insula,249_FED_20160519a_3T1_PL2017,Pic_Sem, 64,0.622874
LH_insula,249_FED_20160519a_3T1_PL2017,Pic_Perc, 64,0.920545
LH_insula,249_FED_20160519a_3T1_PL2017,Sent_Sem, 64,0.892617
LH_insula,249_FED_20160519a_3T1_PL2017,Sent_Perc, 64,0.541324
LH_insula,252_FED_20160907b_3T2_PL2017,Pic_Sem, 64,2.457173
LH_insula,252_FED_20160907b_3T2_PL2017,Pic_Perc, 64,2.919059
LH_insula,252_FED_20160907b_3T2_PL2017,Sent_Sem, 64,3.304689
LH_insula,252_FED_20160907b_3T2_PL2017,Sent_Perc, 64,2.473765
LH_insula,291_FED_20160803c_3T1_PL2017,Pic_Sem, 64,0.290169
LH_insula,291_FED_20160803c_3T1_PL2017,Pic_Perc, 64,0.276903
LH_insula,291_FED_20160803c_3T1_PL2017,Sent_Sem, 64,0.142659
LH_insula,291_FED_20160803c_3T1_PL2017,Sent_Perc, 64,-0.299348
LH_insula,301_FED_20160908b_3T1_PL2017,Pic_Sem, 64,2.346635
LH_insula,301_FED_20160908b_3T1_PL2017,Pic_Perc, 64,2.791144
LH_insula,301_FED_20160908b_3T1_PL2017,Sent_Sem, 64,2.231728
LH_insula,301_FED_20160908b_3T1_PL2017,Sent_Perc, 64,1.863766
LH_insula,376_FED_20160519b_3T1_PL2017,Pic_Sem, 64,1.660267
LH_insula,376_FED_20160519b_3T1_PL2017,Pic_Perc, 64,1.314875
LH_insula,376_FED_20160519b_3T1_PL2017,Sent_Sem, 64,1.864787
LH_insula,376_FED_20160519b_3T1_PL2017,Sent_Perc, 64,1.703218
LH_insula,399_FED_20160519d_3T1_PL2017,Pic_Sem, 64,0.598828
LH_insula,399_FED_20160519d_3T1_PL2017,Pic_Perc, 64,0.630663
LH_insula,399_FED_20160519d_3T1_PL2017,Sent_Sem, 64,0.802514
LH_insula,399_FED_20160519d_3T1_PL2017,Sent_Perc, 64,1.239824
LH_insula,400_FED_20160520a_3T1_PL2017,Pic_Sem, 64,0.532727
LH_insula,400_FED_20160520a_3T1_PL2017,Pic_Perc, 64,0.415774
LH_insula,400_FED_20160520a_3T1_PL2017,Sent_Sem, 64,0.591780
LH_insula,400_FED_20160520a_3T1_PL2017,Sent_Perc, 64,0.595839
LH_insula,401_FED_20160520d_3T1_PL2017,Pic_Sem, 64,2.744435
LH_insula,401_FED_20160520d_3T1_PL2017,Pic_Perc, 64,1.578729
LH_insula,401_FED_20160520d_3T1_PL2017,Sent_Sem, 64,2.695142
LH_insula,401_FED_20160520d_3T1_PL2017,Sent_Perc, 64,1.336909
LH_insula,419_FED_20160805a_3T1_PL2017,Pic_Sem, 64,0.037435
LH_insula,419_FED_20160805a_3T1_PL2017,Pic_Perc, 64,0.398481
LH_insula,419_FED_20160805a_3T1_PL2017,Sent_Sem, 64,0.914861
LH_insula,419_FED_20160805a_3T1_PL2017,Sent_Perc, 64,0.570065
LH_insula,420_FED_20160805b_3T1_PL2017,Pic_Sem, 64,1.724779
LH_insula,420_FED_20160805b_3T1_PL2017,Pic_Perc, 64,0.641030
LH_insula,420_FED_20160805b_3T1_PL2017,Sent_Sem, 64,0.749857
LH_insula,420_FED_20160805b_3T1_PL2017,Sent_Perc, 64,0.861147
LH_insula,426_FED_20160908d_3T1_PL2017,Pic_Sem, 64,-0.296170
LH_insula,426_FED_20160908d_3T1_PL2017,Pic_Perc, 64,-0.721413
LH_insula,426_FED_20160908d_3T1_PL2017,Sent_Sem, 64,-0.221400
LH_insula,426_FED_20160908d_3T1_PL2017,Sent_Perc, 64,-0.808126
LH_insula,682_FED_20190426a_3T2_PL2017,Pic_Sem, 64,1.170394
LH_insula,682_FED_20190426a_3T2_PL2017,Pic_Perc, 64,1.529052
LH_insula,682_FED_20190426a_3T2_PL2017,Sent_Sem, 64,1.764643
LH_insula,682_FED_20190426a_3T2_PL2017,Sent_Perc, 64,1.770281
LH_insula,767_FED_20190418b_3T2_PL2017,Pic_Sem, 64,1.800196
LH_insula,767_FED_20190418b_3T2_PL2017,Pic_Perc, 64,1.600613
LH_insula,767_FED_20190418b_3T2_PL2017,Sent_Sem, 64,2.723424
LH_insula,767_FED_20190418b_3T2_PL2017,Sent_Perc, 64,1.167469
LH_insula,769_FED_20190522a_3T2_PL2017,Pic_Sem, 64,1.750792
LH_insula,769_FED_20190522a_3T2_PL2017,Pic_Perc, 64,1.745345
LH_insula,769_FED_20190522a_3T2_PL2017,Sent_Sem, 64,1.689528
LH_insula,769_FED_20190522a_3T2_PL2017,Sent_Perc, 64,0.127195
LH_insula,770_FED_20190523b_3T2_PL2017,Pic_Sem, 64,-0.055593
LH_insula,770_FED_20190523b_3T2_PL2017,Pic_Perc, 64,0.505582
LH_insula,770_FED_20190523b_3T2_PL2017,Sent_Sem, 64,-0.880558
LH_insula,770_FED_20190523b_3T2_PL2017,Sent_Perc, 64,-0.698427
LH_insula,773_FED_20190605c_3T2_PL2017,Pic_Sem, 64,1.527926
LH_insula,773_FED_20190605c_3T2_PL2017,Pic_Perc, 64,2.027189
LH_insula,773_FED_20190605c_3T2_PL2017,Sent_Sem, 64,1.940285
LH_insula,773_FED_20190605c_3T2_PL2017,Sent_Perc, 64,1.204540
LH_insula,774_FED_20190605b_3T2_PL2017,Pic_Sem, 64,2.306399
LH_insula,774_FED_20190605b_3T2_PL2017,Pic_Perc, 64,2.928824
LH_insula,774_FED_20190605b_3T2_PL2017,Sent_Sem, 64,1.200761
LH_insula,774_FED_20190605b_3T2_PL2017,Sent_Perc, 64,1.720442
LH_insula,775_FED_20190611a_3T2_PL2017,Pic_Sem, 64,0.938793
LH_insula,775_FED_20190611a_3T2_PL2017,Pic_Perc, 64,1.195762
LH_insula,775_FED_20190611a_3T2_PL2017,Sent_Sem, 64,1.135231
LH_insula,775_FED_20190611a_3T2_PL2017,Sent_Perc, 64,1.156154
LH_insula,778_FED_20190614b_3T2_PL2017,Pic_Sem, 64,2.793147
LH_insula,778_FED_20190614b_3T2_PL2017,Pic_Perc, 64,1.957063
LH_insula,778_FED_20190614b_3T2_PL2017,Sent_Sem, 64,2.828701
LH_insula,778_FED_20190614b_3T2_PL2017,Sent_Perc, 64,2.223073
LH_insula,863_FED_20211124a_3T1_PL2017,Pic_Sem, 64,0.714924
LH_insula,863_FED_20211124a_3T1_PL2017,Pic_Perc, 64,0.944324
LH_insula,863_FED_20211124a_3T1_PL2017,Sent_Sem, 64,1.309586
LH_insula,863_FED_20211124a_3T1_PL2017,Sent_Perc, 64,0.865277
LH_medialFrontal,249_FED_20160519a_3T1_PL2017,Pic_Sem, 111,1.732294
LH_medialFrontal,249_FED_20160519a_3T1_PL2017,Pic_Perc, 111,1.632192
LH_medialFrontal,249_FED_20160519a_3T1_PL2017,Sent_Sem, 111,2.122208
LH_medialFrontal,249_FED_20160519a_3T1_PL2017,Sent_Perc, 111,2.100380
LH_medialFrontal,252_FED_20160907b_3T2_PL2017,Pic_Sem, 111,2.725529
LH_medialFrontal,252_FED_20160907b_3T2_PL2017,Pic_Perc, 111,3.492913
LH_medialFrontal,252_FED_20160907b_3T2_PL2017,Sent_Sem, 111,3.657620
LH_medialFrontal,252_FED_20160907b_3T2_PL2017,Sent_Perc, 111,1.986918
LH_medialFrontal,291_FED_20160803c_3T1_PL2017,Pic_Sem, 111,0.027606
LH_medialFrontal,291_FED_20160803c_3T1_PL2017,Pic_Perc, 111,0.486157
LH_medialFrontal,291_FED_20160803c_3T1_PL2017,Sent_Sem, 111,0.381781
LH_medialFrontal,291_FED_20160803c_3T1_PL2017,Sent_Perc, 111,-0.340915
LH_medialFrontal,301_FED_20160908b_3T1_PL2017,Pic_Sem, 111,4.495170
LH_medialFrontal,301_FED_20160908b_3T1_PL2017,Pic_Perc, 111,3.542308
LH_medialFrontal,301_FED_20160908b_3T1_PL2017,Sent_Sem, 111,3.915200
LH_medialFrontal,301_FED_20160908b_3T1_PL2017,Sent_Perc, 111,2.216829
LH_medialFrontal,376_FED_20160519b_3T1_PL2017,Pic_Sem, 111,1.945193
LH_medialFrontal,376_FED_20160519b_3T1_PL2017,Pic_Perc, 111,0.547675
LH_medialFrontal,376_FED_20160519b_3T1_PL2017,Sent_Sem, 111,1.253372
LH_medialFrontal,376_FED_20160519b_3T1_PL2017,Sent_Perc, 111,1.117783
LH_medialFrontal,399_FED_20160519d_3T1_PL2017,Pic_Sem, 111,1.450140
LH_medialFrontal,399_FED_20160519d_3T1_PL2017,Pic_Perc, 111,1.309039
LH_medialFrontal,399_FED_20160519d_3T1_PL2017,Sent_Sem, 111,1.409348
LH_medialFrontal,399_FED_20160519d_3T1_PL2017,Sent_Perc, 111,2.166098
LH_medialFrontal,400_FED_20160520a_3T1_PL2017,Pic_Sem, 111,0.360523
LH_medialFrontal,400_FED_20160520a_3T1_PL2017,Pic_Perc, 111,0.301340
LH_medialFrontal,400_FED_20160520a_3T1_PL2017,Sent_Sem, 111,0.373233
LH_medialFrontal,400_FED_20160520a_3T1_PL2017,Sent_Perc, 111,0.535063
LH_medialFrontal,401_FED_20160520d_3T1_PL2017,Pic_Sem, 111,1.847442
LH_medialFrontal,401_FED_20160520d_3T1_PL2017,Pic_Perc, 111,0.440215
LH_medialFrontal,401_FED_20160520d_3T1_PL2017,Sent_Sem, 111,2.704633
LH_medialFrontal,401_FED_20160520d_3T1_PL2017,Sent_Perc, 111,1.007805
LH_medialFrontal,419_FED_20160805a_3T1_PL2017,Pic_Sem, 111,0.294000
LH_medialFrontal,419_FED_20160805a_3T1_PL2017,Pic_Perc, 111,0.285570
LH_medialFrontal,419_FED_20160805a_3T1_PL2017,Sent_Sem, 111,0.080308
LH_medialFrontal,419_FED_20160805a_3T1_PL2017,Sent_Perc, 111,0.006520
LH_medialFrontal,420_FED_20160805b_3T1_PL2017,Pic_Sem, 111,1.634510
LH_medialFrontal,420_FED_20160805b_3T1_PL2017,Pic_Perc, 111,1.251998
LH_medialFrontal,420_FED_20160805b_3T1_PL2017,Sent_Sem, 111,0.806700
LH_medialFrontal,420_FED_20160805b_3T1_PL2017,Sent_Perc, 111,1.139277
LH_medialFrontal,426_FED_20160908d_3T1_PL2017,Pic_Sem, 111,-0.061830
LH_medialFrontal,426_FED_20160908d_3T1_PL2017,Pic_Perc, 111,-0.851063
LH_medialFrontal,426_FED_20160908d_3T1_PL2017,Sent_Sem, 111,-0.367137
LH_medialFrontal,426_FED_20160908d_3T1_PL2017,Sent_Perc, 111,0.440595
LH_medialFrontal,682_FED_20190426a_3T2_PL2017,Pic_Sem, 111,0.943358
LH_medialFrontal,682_FED_20190426a_3T2_PL2017,Pic_Perc, 111,0.230433
LH_medialFrontal,682_FED_20190426a_3T2_PL2017,Sent_Sem, 111,1.202361
LH_medialFrontal,682_FED_20190426a_3T2_PL2017,Sent_Perc, 111,0.585309
LH_medialFrontal,767_FED_20190418b_3T2_PL2017,Pic_Sem, 111,2.045713
LH_medialFrontal,767_FED_20190418b_3T2_PL2017,Pic_Perc, 111,1.361500
LH_medialFrontal,767_FED_20190418b_3T2_PL2017,Sent_Sem, 111,3.186598
LH_medialFrontal,767_FED_20190418b_3T2_PL2017,Sent_Perc, 111,0.936490
LH_medialFrontal,769_FED_20190522a_3T2_PL2017,Pic_Sem, 111,0.485230
LH_medialFrontal,769_FED_20190522a_3T2_PL2017,Pic_Perc, 111,0.040544
LH_medialFrontal,769_FED_20190522a_3T2_PL2017,Sent_Sem, 111,0.714974
LH_medialFrontal,769_FED_20190522a_3T2_PL2017,Sent_Perc, 111,0.275761
LH_medialFrontal,770_FED_20190523b_3T2_PL2017,Pic_Sem, 111,-0.501976
LH_medialFrontal,770_FED_20190523b_3T2_PL2017,Pic_Perc, 111,0.377961
LH_medialFrontal,770_FED_20190523b_3T2_PL2017,Sent_Sem, 111,-0.057617
LH_medialFrontal,770_FED_20190523b_3T2_PL2017,Sent_Perc, 111,-0.568195
LH_medialFrontal,773_FED_20190605c_3T2_PL2017,Pic_Sem, 111,1.802342
LH_medialFrontal,773_FED_20190605c_3T2_PL2017,Pic_Perc, 111,1.640961
LH_medialFrontal,773_FED_20190605c_3T2_PL2017,Sent_Sem, 111,1.549577
LH_medialFrontal,773_FED_20190605c_3T2_PL2017,Sent_Perc, 111,0.769336
LH_medialFrontal,774_FED_20190605b_3T2_PL2017,Pic_Sem, 111,1.608857
LH_medialFrontal,774_FED_20190605b_3T2_PL2017,Pic_Perc, 111,2.556648
LH_medialFrontal,774_FED_20190605b_3T2_PL2017,Sent_Sem, 111,0.558110
LH_medialFrontal,774_FED_20190605b_3T2_PL2017,Sent_Perc, 111,1.309221
LH_medialFrontal,775_FED_20190611a_3T2_PL2017,Pic_Sem, 111,2.097179
LH_medialFrontal,775_FED_20190611a_3T2_PL2017,Pic_Perc, 111,2.201810
LH_medialFrontal,775_FED_20190611a_3T2_PL2017,Sent_Sem, 111,1.684934
LH_medialFrontal,775_FED_20190611a_3T2_PL2017,Sent_Perc, 111,1.731272
LH_medialFrontal,778_FED_20190614b_3T2_PL2017,Pic_Sem, 111,2.116683
LH_medialFrontal,778_FED_20190614b_3T2_PL2017,Pic_Perc, 111,0.751365
LH_medialFrontal,778_FED_20190614b_3T2_PL2017,Sent_Sem, 111,1.700245
LH_medialFrontal,778_FED_20190614b_3T2_PL2017,Sent_Perc, 111,1.152556
LH_medialFrontal,863_FED_20211124a_3T1_PL2017,Pic_Sem, 111,0.846943
LH_medialFrontal,863_FED_20211124a_3T1_PL2017,Pic_Perc, 111,0.765226
LH_medialFrontal,863_FED_20211124a_3T1_PL2017,Sent_Sem, 111,1.331726
LH_medialFrontal,863_FED_20211124a_3T1_PL2017,Sent_Perc, 111,0.552523
RH_postParietal,249_FED_20160519a_3T1_PL2017,Pic_Sem, 395,2.534418
RH_postParietal,249_FED_20160519a_3T1_PL2017,Pic_Perc, 395,0.958470
RH_postParietal,249_FED_20160519a_3T1_PL2017,Sent_Sem, 395,0.903744
RH_postParietal,249_FED_20160519a_3T1_PL2017,Sent_Perc, 395,1.187652
RH_postParietal,252_FED_20160907b_3T2_PL2017,Pic_Sem, 395,1.462005
RH_postParietal,252_FED_20160907b_3T2_PL2017,Pic_Perc, 395,1.550930
RH_postParietal,252_FED_20160907b_3T2_PL2017,Sent_Sem, 395,1.533875
RH_postParietal,252_FED_20160907b_3T2_PL2017,Sent_Perc, 395,1.226684
RH_postParietal,291_FED_20160803c_3T1_PL2017,Pic_Sem, 395,0.348576
RH_postParietal,291_FED_20160803c_3T1_PL2017,Pic_Perc, 395,-0.522227
RH_postParietal,291_FED_20160803c_3T1_PL2017,Sent_Sem, 395,0.319497
RH_postParietal,291_FED_20160803c_3T1_PL2017,Sent_Perc, 395,0.012067
RH_postParietal,301_FED_20160908b_3T1_PL2017,Pic_Sem, 395,2.050207
RH_postParietal,301_FED_20160908b_3T1_PL2017,Pic_Perc, 395,1.108145
RH_postParietal,301_FED_20160908b_3T1_PL2017,Sent_Sem, 395,1.007891
RH_postParietal,301_FED_20160908b_3T1_PL2017,Sent_Perc, 395,0.652512
RH_postParietal,376_FED_20160519b_3T1_PL2017,Pic_Sem, 395,2.972717
RH_postParietal,376_FED_20160519b_3T1_PL2017,Pic_Perc, 395,1.672134
RH_postParietal,376_FED_20160519b_3T1_PL2017,Sent_Sem, 395,1.788177
RH_postParietal,376_FED_20160519b_3T1_PL2017,Sent_Perc, 395,2.288937
RH_postParietal,399_FED_20160519d_3T1_PL2017,Pic_Sem, 395,0.391371
RH_postParietal,399_FED_20160519d_3T1_PL2017,Pic_Perc, 395,1.232919
RH_postParietal,399_FED_20160519d_3T1_PL2017,Sent_Sem, 395,1.528162
RH_postParietal,399_FED_20160519d_3T1_PL2017,Sent_Perc, 395,1.427791
RH_postParietal,400_FED_20160520a_3T1_PL2017,Pic_Sem, 395,-0.428201
RH_postParietal,400_FED_20160520a_3T1_PL2017,Pic_Perc, 395,-0.186283
RH_postParietal,400_FED_20160520a_3T1_PL2017,Sent_Sem, 395,-0.444805
RH_postParietal,400_FED_20160520a_3T1_PL2017,Sent_Perc, 395,-0.635546
RH_postParietal,401_FED_20160520d_3T1_PL2017,Pic_Sem, 395,3.702666
RH_postParietal,401_FED_20160520d_3T1_PL2017,Pic_Perc, 395,3.803534
RH_postParietal,401_FED_20160520d_3T1_PL2017,Sent_Sem, 395,1.933075
RH_postParietal,401_FED_20160520d_3T1_PL2017,Sent_Perc, 395,1.182994
RH_postParietal,419_FED_20160805a_3T1_PL2017,Pic_Sem, 395,-0.827336
RH_postParietal,419_FED_20160805a_3T1_PL2017,Pic_Perc, 395,0.579049
RH_postParietal,419_FED_20160805a_3T1_PL2017,Sent_Sem, 395,0.418256
RH_postParietal,419_FED_20160805a_3T1_PL2017,Sent_Perc, 395,-1.335607
RH_postParietal,420_FED_20160805b_3T1_PL2017,Pic_Sem, 395,4.546281
RH_postParietal,420_FED_20160805b_3T1_PL2017,Pic_Perc, 395,5.597418
RH_postParietal,420_FED_20160805b_3T1_PL2017,Sent_Sem, 395,-0.078391
RH_postParietal,420_FED_20160805b_3T1_PL2017,Sent_Perc, 395,1.524076
RH_postParietal,426_FED_20160908d_3T1_PL2017,Pic_Sem, 395,0.309678
RH_postParietal,426_FED_20160908d_3T1_PL2017,Pic_Perc, 395,0.189873
RH_postParietal,426_FED_20160908d_3T1_PL2017,Sent_Sem, 395,-0.108643
RH_postParietal,426_FED_20160908d_3T1_PL2017,Sent_Perc, 395,0.447828
RH_postParietal,682_FED_20190426a_3T2_PL2017,Pic_Sem, 395,4.536629
RH_postParietal,682_FED_20190426a_3T2_PL2017,Pic_Perc, 395,3.556768
RH_postParietal,682_FED_20190426a_3T2_PL2017,Sent_Sem, 395,2.513260
RH_postParietal,682_FED_20190426a_3T2_PL2017,Sent_Perc, 395,3.529635
RH_postParietal,767_FED_20190418b_3T2_PL2017,Pic_Sem, 395,4.691947
RH_postParietal,767_FED_20190418b_3T2_PL2017,Pic_Perc, 395,5.023478
RH_postParietal,767_FED_20190418b_3T2_PL2017,Sent_Sem, 395,2.026716
RH_postParietal,767_FED_20190418b_3T2_PL2017,Sent_Perc, 395,1.400186
RH_postParietal,769_FED_20190522a_3T2_PL2017,Pic_Sem, 395,1.213858
RH_postParietal,769_FED_20190522a_3T2_PL2017,Pic_Perc, 395,1.484748
RH_postParietal,769_FED_20190522a_3T2_PL2017,Sent_Sem, 395,0.144583
RH_postParietal,769_FED_20190522a_3T2_PL2017,Sent_Perc, 395,0.442476
RH_postParietal,770_FED_20190523b_3T2_PL2017,Pic_Sem, 395,-0.433490
RH_postParietal,770_FED_20190523b_3T2_PL2017,Pic_Perc, 395,1.694320
RH_postParietal,770_FED_20190523b_3T2_PL2017,Sent_Sem, 395,0.268022
RH_postParietal,770_FED_20190523b_3T2_PL2017,Sent_Perc, 395,-1.233122
RH_postParietal,773_FED_20190605c_3T2_PL2017,Pic_Sem, 395,3.499070
RH_postParietal,773_FED_20190605c_3T2_PL2017,Pic_Perc, 395,3.971207
RH_postParietal,773_FED_20190605c_3T2_PL2017,Sent_Sem, 395,2.254661
RH_postParietal,773_FED_20190605c_3T2_PL2017,Sent_Perc, 395,0.970270
RH_postParietal,774_FED_20190605b_3T2_PL2017,Pic_Sem, 395,4.666759
RH_postParietal,774_FED_20190605b_3T2_PL2017,Pic_Perc, 395,5.980701
RH_postParietal,774_FED_20190605b_3T2_PL2017,Sent_Sem, 395,0.986041
RH_postParietal,774_FED_20190605b_3T2_PL2017,Sent_Perc, 395,2.477678
RH_postParietal,775_FED_20190611a_3T2_PL2017,Pic_Sem, 395,2.377081
RH_postParietal,775_FED_20190611a_3T2_PL2017,Pic_Perc, 395,2.043387
RH_postParietal,775_FED_20190611a_3T2_PL2017,Sent_Sem, 395,1.053917
RH_postParietal,775_FED_20190611a_3T2_PL2017,Sent_Perc, 395,1.151444
RH_postParietal,778_FED_20190614b_3T2_PL2017,Pic_Sem, 395,5.115100
RH_postParietal,778_FED_20190614b_3T2_PL2017,Pic_Perc, 395,5.807244
RH_postParietal,778_FED_20190614b_3T2_PL2017,Sent_Sem, 395,2.873424
RH_postParietal,778_FED_20190614b_3T2_PL2017,Sent_Perc, 395,3.062189
RH_postParietal,863_FED_20211124a_3T1_PL2017,Pic_Sem, 395,1.566722
RH_postParietal,863_FED_20211124a_3T1_PL2017,Pic_Perc, 395,1.052131
RH_postParietal,863_FED_20211124a_3T1_PL2017,Sent_Sem, 395,1.483418
RH_postParietal,863_FED_20211124a_3T1_PL2017,Sent_Perc, 395,0.866789
RH_midParietal,249_FED_20160519a_3T1_PL2017,Pic_Sem, 86,0.869616
RH_midParietal,249_FED_20160519a_3T1_PL2017,Pic_Perc, 86,0.192267
RH_midParietal,249_FED_20160519a_3T1_PL2017,Sent_Sem, 86,0.911282
RH_midParietal,249_FED_20160519a_3T1_PL2017,Sent_Perc, 86,0.459611
RH_midParietal,252_FED_20160907b_3T2_PL2017,Pic_Sem, 86,1.885198
RH_midParietal,252_FED_20160907b_3T2_PL2017,Pic_Perc, 86,2.757618
RH_midParietal,252_FED_20160907b_3T2_PL2017,Sent_Sem, 86,2.522768
RH_midParietal,252_FED_20160907b_3T2_PL2017,Sent_Perc, 86,2.570602
RH_midParietal,291_FED_20160803c_3T1_PL2017,Pic_Sem, 86,0.695542
RH_midParietal,291_FED_20160803c_3T1_PL2017,Pic_Perc, 86,-0.646472
RH_midParietal,291_FED_20160803c_3T1_PL2017,Sent_Sem, 86,0.463502
RH_midParietal,291_FED_20160803c_3T1_PL2017,Sent_Perc, 86,0.050108
RH_midParietal,301_FED_20160908b_3T1_PL2017,Pic_Sem, 86,2.814693
RH_midParietal,301_FED_20160908b_3T1_PL2017,Pic_Perc, 86,2.494511
RH_midParietal,301_FED_20160908b_3T1_PL2017,Sent_Sem, 86,3.332854
RH_midParietal,301_FED_20160908b_3T1_PL2017,Sent_Perc, 86,2.955454
RH_midParietal,376_FED_20160519b_3T1_PL2017,Pic_Sem, 86,2.942399
RH_midParietal,376_FED_20160519b_3T1_PL2017,Pic_Perc, 86,0.891608
RH_midParietal,376_FED_20160519b_3T1_PL2017,Sent_Sem, 86,2.314037
RH_midParietal,376_FED_20160519b_3T1_PL2017,Sent_Perc, 86,3.842638
RH_midParietal,399_FED_20160519d_3T1_PL2017,Pic_Sem, 86,0.602771
RH_midParietal,399_FED_20160519d_3T1_PL2017,Pic_Perc, 86,1.076418
RH_midParietal,399_FED_20160519d_3T1_PL2017,Sent_Sem, 86,1.004060
RH_midParietal,399_FED_20160519d_3T1_PL2017,Sent_Perc, 86,0.906311
RH_midParietal,400_FED_20160520a_3T1_PL2017,Pic_Sem, 86,-0.126753
RH_midParietal,400_FED_20160520a_3T1_PL2017,Pic_Perc, 86,0.509072
RH_midParietal,400_FED_20160520a_3T1_PL2017,Sent_Sem, 86,-0.669327
RH_midParietal,400_FED_20160520a_3T1_PL2017,Sent_Perc, 86,-0.692215
RH_midParietal,401_FED_20160520d_3T1_PL2017,Pic_Sem, 86,2.342875
RH_midParietal,401_FED_20160520d_3T1_PL2017,Pic_Perc, 86,1.956687
RH_midParietal,401_FED_20160520d_3T1_PL2017,Sent_Sem, 86,2.383502
RH_midParietal,401_FED_20160520d_3T1_PL2017,Sent_Perc, 86,1.426057
RH_midParietal,419_FED_20160805a_3T1_PL2017,Pic_Sem, 86,-1.306337
RH_midParietal,419_FED_20160805a_3T1_PL2017,Pic_Perc, 86,-0.251155
RH_midParietal,419_FED_20160805a_3T1_PL2017,Sent_Sem, 86,-0.053811
RH_midParietal,419_FED_20160805a_3T1_PL2017,Sent_Perc, 86,-1.549069
RH_midParietal,420_FED_20160805b_3T1_PL2017,Pic_Sem, 86,2.094309
RH_midParietal,420_FED_20160805b_3T1_PL2017,Pic_Perc, 86,2.937917
RH_midParietal,420_FED_20160805b_3T1_PL2017,Sent_Sem, 86,0.699108
RH_midParietal,420_FED_20160805b_3T1_PL2017,Sent_Perc, 86,0.929278
RH_midParietal,426_FED_20160908d_3T1_PL2017,Pic_Sem, 86,0.419955
RH_midParietal,426_FED_20160908d_3T1_PL2017,Pic_Perc, 86,0.172961
RH_midParietal,426_FED_20160908d_3T1_PL2017,Sent_Sem, 86,-0.742828
RH_midParietal,426_FED_20160908d_3T1_PL2017,Sent_Perc, 86,0.128140
RH_midParietal,682_FED_20190426a_3T2_PL2017,Pic_Sem, 86,3.021658
RH_midParietal,682_FED_20190426a_3T2_PL2017,Pic_Perc, 86,4.280103
RH_midParietal,682_FED_20190426a_3T2_PL2017,Sent_Sem, 86,2.224898
RH_midParietal,682_FED_20190426a_3T2_PL2017,Sent_Perc, 86,3.954358
RH_midParietal,767_FED_20190418b_3T2_PL2017,Pic_Sem, 86,2.892052
RH_midParietal,767_FED_20190418b_3T2_PL2017,Pic_Perc, 86,4.751701
RH_midParietal,767_FED_20190418b_3T2_PL2017,Sent_Sem, 86,2.045051
RH_midParietal,767_FED_20190418b_3T2_PL2017,Sent_Perc, 86,2.512841
RH_midParietal,769_FED_20190522a_3T2_PL2017,Pic_Sem, 86,2.927779
RH_midParietal,769_FED_20190522a_3T2_PL2017,Pic_Perc, 86,2.957898
RH_midParietal,769_FED_20190522a_3T2_PL2017,Sent_Sem, 86,2.255143
RH_midParietal,769_FED_20190522a_3T2_PL2017,Sent_Perc, 86,2.382339
RH_midParietal,770_FED_20190523b_3T2_PL2017,Pic_Sem, 86,-0.069525
RH_midParietal,770_FED_20190523b_3T2_PL2017,Pic_Perc, 86,1.290789
RH_midParietal,770_FED_20190523b_3T2_PL2017,Sent_Sem, 86,-0.021201
RH_midParietal,770_FED_20190523b_3T2_PL2017,Sent_Perc, 86,-1.569214
RH_midParietal,773_FED_20190605c_3T2_PL2017,Pic_Sem, 86,4.671785
RH_midParietal,773_FED_20190605c_3T2_PL2017,Pic_Perc, 86,4.085724
RH_midParietal,773_FED_20190605c_3T2_PL2017,Sent_Sem, 86,3.872259
RH_midParietal,773_FED_20190605c_3T2_PL2017,Sent_Perc, 86,3.014530
RH_midParietal,774_FED_20190605b_3T2_PL2017,Pic_Sem, 86,9.146554
RH_midParietal,774_FED_20190605b_3T2_PL2017,Pic_Perc, 86,12.337472
RH_midParietal,774_FED_20190605b_3T2_PL2017,Sent_Sem, 86,2.724403
RH_midParietal,774_FED_20190605b_3T2_PL2017,Sent_Perc, 86,7.570761
RH_midParietal,775_FED_20190611a_3T2_PL2017,Pic_Sem, 86,1.573936
RH_midParietal,775_FED_20190611a_3T2_PL2017,Pic_Perc, 86,0.810265
RH_midParietal,775_FED_20190611a_3T2_PL2017,Sent_Sem, 86,1.249882
RH_midParietal,775_FED_20190611a_3T2_PL2017,Sent_Perc, 86,1.331195
RH_midParietal,778_FED_20190614b_3T2_PL2017,Pic_Sem, 86,1.953785
RH_midParietal,778_FED_20190614b_3T2_PL2017,Pic_Perc, 86,3.563049
RH_midParietal,778_FED_20190614b_3T2_PL2017,Sent_Sem, 86,1.932181
RH_midParietal,778_FED_20190614b_3T2_PL2017,Sent_Perc, 86,2.852600
RH_midParietal,863_FED_20211124a_3T1_PL2017,Pic_Sem, 86,1.235356
RH_midParietal,863_FED_20211124a_3T1_PL2017,Pic_Perc, 86,2.239939
RH_midParietal,863_FED_20211124a_3T1_PL2017,Sent_Sem, 86,2.130129
RH_midParietal,863_FED_20211124a_3T1_PL2017,Sent_Perc, 86,1.247365
RH_antParietal,249_FED_20160519a_3T1_PL2017,Pic_Sem, 201,0.043280
RH_antParietal,249_FED_20160519a_3T1_PL2017,Pic_Perc, 201,-0.345571
RH_antParietal,249_FED_20160519a_3T1_PL2017,Sent_Sem, 201,0.334730
RH_antParietal,249_FED_20160519a_3T1_PL2017,Sent_Perc, 201,0.189714
RH_antParietal,252_FED_20160907b_3T2_PL2017,Pic_Sem, 201,0.808718
RH_antParietal,252_FED_20160907b_3T2_PL2017,Pic_Perc, 201,2.510478
RH_antParietal,252_FED_20160907b_3T2_PL2017,Sent_Sem, 201,1.987165
RH_antParietal,252_FED_20160907b_3T2_PL2017,Sent_Perc, 201,2.233373
RH_antParietal,291_FED_20160803c_3T1_PL2017,Pic_Sem, 201,0.602720
RH_antParietal,291_FED_20160803c_3T1_PL2017,Pic_Perc, 201,-0.847912
RH_antParietal,291_FED_20160803c_3T1_PL2017,Sent_Sem, 201,0.181871
RH_antParietal,291_FED_20160803c_3T1_PL2017,Sent_Perc, 201,-0.114641
RH_antParietal,301_FED_20160908b_3T1_PL2017,Pic_Sem, 201,1.838053
RH_antParietal,301_FED_20160908b_3T1_PL2017,Pic_Perc, 201,3.279036
RH_antParietal,301_FED_20160908b_3T1_PL2017,Sent_Sem, 201,1.553296
RH_antParietal,301_FED_20160908b_3T1_PL2017,Sent_Perc, 201,3.189654
RH_antParietal,376_FED_20160519b_3T1_PL2017,Pic_Sem, 201,-0.372645
RH_antParietal,376_FED_20160519b_3T1_PL2017,Pic_Perc, 201,0.535833
RH_antParietal,376_FED_20160519b_3T1_PL2017,Sent_Sem, 201,0.249521
RH_antParietal,376_FED_20160519b_3T1_PL2017,Sent_Perc, 201,1.174200
RH_antParietal,399_FED_20160519d_3T1_PL2017,Pic_Sem, 201,0.651739
RH_antParietal,399_FED_20160519d_3T1_PL2017,Pic_Perc, 201,0.526921
RH_antParietal,399_FED_20160519d_3T1_PL2017,Sent_Sem, 201,0.556374
RH_antParietal,399_FED_20160519d_3T1_PL2017,Sent_Perc, 201,0.830141
RH_antParietal,400_FED_20160520a_3T1_PL2017,Pic_Sem, 201,-0.103219
RH_antParietal,400_FED_20160520a_3T1_PL2017,Pic_Perc, 201,0.143761
RH_antParietal,400_FED_20160520a_3T1_PL2017,Sent_Sem, 201,-0.170689
RH_antParietal,400_FED_20160520a_3T1_PL2017,Sent_Perc, 201,-0.050302
RH_antParietal,401_FED_20160520d_3T1_PL2017,Pic_Sem, 201,1.498598
RH_antParietal,401_FED_20160520d_3T1_PL2017,Pic_Perc, 201,1.587714
RH_antParietal,401_FED_20160520d_3T1_PL2017,Sent_Sem, 201,1.160679
RH_antParietal,401_FED_20160520d_3T1_PL2017,Sent_Perc, 201,0.978755
RH_antParietal,419_FED_20160805a_3T1_PL2017,Pic_Sem, 201,-0.307511
RH_antParietal,419_FED_20160805a_3T1_PL2017,Pic_Perc, 201,0.078650
RH_antParietal,419_FED_20160805a_3T1_PL2017,Sent_Sem, 201,-0.010586
RH_antParietal,419_FED_20160805a_3T1_PL2017,Sent_Perc, 201,-0.407432
RH_antParietal,420_FED_20160805b_3T1_PL2017,Pic_Sem, 201,1.151907
RH_antParietal,420_FED_20160805b_3T1_PL2017,Pic_Perc, 201,1.648773
RH_antParietal,420_FED_20160805b_3T1_PL2017,Sent_Sem, 201,-0.208584
RH_antParietal,420_FED_20160805b_3T1_PL2017,Sent_Perc, 201,0.318506
RH_antParietal,426_FED_20160908d_3T1_PL2017,Pic_Sem, 201,0.564438
RH_antParietal,426_FED_20160908d_3T1_PL2017,Pic_Perc, 201,0.038055
RH_antParietal,426_FED_20160908d_3T1_PL2017,Sent_Sem, 201,-0.115774
RH_antParietal,426_FED_20160908d_3T1_PL2017,Sent_Perc, 201,0.857088
RH_antParietal,682_FED_20190426a_3T2_PL2017,Pic_Sem, 201,1.633808
RH_antParietal,682_FED_20190426a_3T2_PL2017,Pic_Perc, 201,4.351898
RH_antParietal,682_FED_20190426a_3T2_PL2017,Sent_Sem, 201,0.317152
RH_antParietal,682_FED_20190426a_3T2_PL2017,Sent_Perc, 201,3.736320
RH_antParietal,767_FED_20190418b_3T2_PL2017,Pic_Sem, 201,-0.036242
RH_antParietal,767_FED_20190418b_3T2_PL2017,Pic_Perc, 201,1.894712
RH_antParietal,767_FED_20190418b_3T2_PL2017,Sent_Sem, 201,-0.340950
RH_antParietal,767_FED_20190418b_3T2_PL2017,Sent_Perc, 201,0.978692
RH_antParietal,769_FED_20190522a_3T2_PL2017,Pic_Sem, 201,0.002017
RH_antParietal,769_FED_20190522a_3T2_PL2017,Pic_Perc, 201,1.291088
RH_antParietal,769_FED_20190522a_3T2_PL2017,Sent_Sem, 201,-0.035245
RH_antParietal,769_FED_20190522a_3T2_PL2017,Sent_Perc, 201,1.056923
RH_antParietal,770_FED_20190523b_3T2_PL2017,Pic_Sem, 201,0.165099
RH_antParietal,770_FED_20190523b_3T2_PL2017,Pic_Perc, 201,1.712987
RH_antParietal,770_FED_20190523b_3T2_PL2017,Sent_Sem, 201,0.451650
RH_antParietal,770_FED_20190523b_3T2_PL2017,Sent_Perc, 201,-1.338109
RH_antParietal,773_FED_20190605c_3T2_PL2017,Pic_Sem, 201,0.657661
RH_antParietal,773_FED_20190605c_3T2_PL2017,Pic_Perc, 201,2.121503
RH_antParietal,773_FED_20190605c_3T2_PL2017,Sent_Sem, 201,1.630925
RH_antParietal,773_FED_20190605c_3T2_PL2017,Sent_Perc, 201,1.194916
RH_antParietal,774_FED_20190605b_3T2_PL2017,Pic_Sem, 201,3.202528
RH_antParietal,774_FED_20190605b_3T2_PL2017,Pic_Perc, 201,4.461125
RH_antParietal,774_FED_20190605b_3T2_PL2017,Sent_Sem, 201,-0.127996
RH_antParietal,774_FED_20190605b_3T2_PL2017,Sent_Perc, 201,2.357034
RH_antParietal,775_FED_20190611a_3T2_PL2017,Pic_Sem, 201,2.191959
RH_antParietal,775_FED_20190611a_3T2_PL2017,Pic_Perc, 201,1.273747
RH_antParietal,775_FED_20190611a_3T2_PL2017,Sent_Sem, 201,1.348275
RH_antParietal,775_FED_20190611a_3T2_PL2017,Sent_Perc, 201,1.800025
RH_antParietal,778_FED_20190614b_3T2_PL2017,Pic_Sem, 201,1.890544
RH_antParietal,778_FED_20190614b_3T2_PL2017,Pic_Perc, 201,2.800871
RH_antParietal,778_FED_20190614b_3T2_PL2017,Sent_Sem, 201,1.989673
RH_antParietal,778_FED_20190614b_3T2_PL2017,Sent_Perc, 201,2.426062
RH_antParietal,863_FED_20211124a_3T1_PL2017,Pic_Sem, 201,0.958190
RH_antParietal,863_FED_20211124a_3T1_PL2017,Pic_Perc, 201,1.869399
RH_antParietal,863_FED_20211124a_3T1_PL2017,Sent_Sem, 201,1.574580
RH_antParietal,863_FED_20211124a_3T1_PL2017,Sent_Perc, 201,1.083600
RH_supFrontal,249_FED_20160519a_3T1_PL2017,Pic_Sem, 179,0.544474
RH_supFrontal,249_FED_20160519a_3T1_PL2017,Pic_Perc, 179,-0.710876
RH_supFrontal,249_FED_20160519a_3T1_PL2017,Sent_Sem, 179,0.162513
RH_supFrontal,249_FED_20160519a_3T1_PL2017,Sent_Perc, 179,0.166595
RH_supFrontal,252_FED_20160907b_3T2_PL2017,Pic_Sem, 179,3.370532
RH_supFrontal,252_FED_20160907b_3T2_PL2017,Pic_Perc, 179,4.164197
RH_supFrontal,252_FED_20160907b_3T2_PL2017,Sent_Sem, 179,5.117678
RH_supFrontal,252_FED_20160907b_3T2_PL2017,Sent_Perc, 179,2.798138
RH_supFrontal,291_FED_20160803c_3T1_PL2017,Pic_Sem, 179,0.010074
RH_supFrontal,291_FED_20160803c_3T1_PL2017,Pic_Perc, 179,-0.251835
RH_supFrontal,291_FED_20160803c_3T1_PL2017,Sent_Sem, 179,0.254427
RH_supFrontal,291_FED_20160803c_3T1_PL2017,Sent_Perc, 179,-0.124864
RH_supFrontal,301_FED_20160908b_3T1_PL2017,Pic_Sem, 179,5.119535
RH_supFrontal,301_FED_20160908b_3T1_PL2017,Pic_Perc, 179,4.506108
RH_supFrontal,301_FED_20160908b_3T1_PL2017,Sent_Sem, 179,4.306537
RH_supFrontal,301_FED_20160908b_3T1_PL2017,Sent_Perc, 179,4.225416
RH_supFrontal,376_FED_20160519b_3T1_PL2017,Pic_Sem, 179,3.188070
RH_supFrontal,376_FED_20160519b_3T1_PL2017,Pic_Perc, 179,2.727378
RH_supFrontal,376_FED_20160519b_3T1_PL2017,Sent_Sem, 179,2.927681
RH_supFrontal,376_FED_20160519b_3T1_PL2017,Sent_Perc, 179,2.996245
RH_supFrontal,399_FED_20160519d_3T1_PL2017,Pic_Sem, 179,0.934122
RH_supFrontal,399_FED_20160519d_3T1_PL2017,Pic_Perc, 179,1.222194
RH_supFrontal,399_FED_20160519d_3T1_PL2017,Sent_Sem, 179,1.089588
RH_supFrontal,399_FED_20160519d_3T1_PL2017,Sent_Perc, 179,1.051005
RH_supFrontal,400_FED_20160520a_3T1_PL2017,Pic_Sem, 179,0.024870
RH_supFrontal,400_FED_20160520a_3T1_PL2017,Pic_Perc, 179,0.385260
RH_supFrontal,400_FED_20160520a_3T1_PL2017,Sent_Sem, 179,-0.786382
RH_supFrontal,400_FED_20160520a_3T1_PL2017,Sent_Perc, 179,-0.651595
RH_supFrontal,401_FED_20160520d_3T1_PL2017,Pic_Sem, 179,1.272775
RH_supFrontal,401_FED_20160520d_3T1_PL2017,Pic_Perc, 179,1.177666
RH_supFrontal,401_FED_20160520d_3T1_PL2017,Sent_Sem, 179,1.405419
RH_supFrontal,401_FED_20160520d_3T1_PL2017,Sent_Perc, 179,0.414885
RH_supFrontal,419_FED_20160805a_3T1_PL2017,Pic_Sem, 179,0.157157
RH_supFrontal,419_FED_20160805a_3T1_PL2017,Pic_Perc, 179,0.238367
RH_supFrontal,419_FED_20160805a_3T1_PL2017,Sent_Sem, 179,0.116389
RH_supFrontal,419_FED_20160805a_3T1_PL2017,Sent_Perc, 179,-0.179495
RH_supFrontal,420_FED_20160805b_3T1_PL2017,Pic_Sem, 179,3.836904
RH_supFrontal,420_FED_20160805b_3T1_PL2017,Pic_Perc, 179,3.670324
RH_supFrontal,420_FED_20160805b_3T1_PL2017,Sent_Sem, 179,1.668519
RH_supFrontal,420_FED_20160805b_3T1_PL2017,Sent_Perc, 179,1.666606
RH_supFrontal,426_FED_20160908d_3T1_PL2017,Pic_Sem, 179,0.203927
RH_supFrontal,426_FED_20160908d_3T1_PL2017,Pic_Perc, 179,-0.316594
RH_supFrontal,426_FED_20160908d_3T1_PL2017,Sent_Sem, 179,-0.383483
RH_supFrontal,426_FED_20160908d_3T1_PL2017,Sent_Perc, 179,0.789758
RH_supFrontal,682_FED_20190426a_3T2_PL2017,Pic_Sem, 179,1.128761
RH_supFrontal,682_FED_20190426a_3T2_PL2017,Pic_Perc, 179,1.046704
RH_supFrontal,682_FED_20190426a_3T2_PL2017,Sent_Sem, 179,0.511725
RH_supFrontal,682_FED_20190426a_3T2_PL2017,Sent_Perc, 179,1.193548
RH_supFrontal,767_FED_20190418b_3T2_PL2017,Pic_Sem, 179,0.960541
RH_supFrontal,767_FED_20190418b_3T2_PL2017,Pic_Perc, 179,2.298778
RH_supFrontal,767_FED_20190418b_3T2_PL2017,Sent_Sem, 179,0.907510
RH_supFrontal,767_FED_20190418b_3T2_PL2017,Sent_Perc, 179,1.123999
RH_supFrontal,769_FED_20190522a_3T2_PL2017,Pic_Sem, 179,1.225888
RH_supFrontal,769_FED_20190522a_3T2_PL2017,Pic_Perc, 179,0.902224
RH_supFrontal,769_FED_20190522a_3T2_PL2017,Sent_Sem, 179,1.170238
RH_supFrontal,769_FED_20190522a_3T2_PL2017,Sent_Perc, 179,0.944450
RH_supFrontal,770_FED_20190523b_3T2_PL2017,Pic_Sem, 179,-0.308223
RH_supFrontal,770_FED_20190523b_3T2_PL2017,Pic_Perc, 179,0.881148
RH_supFrontal,770_FED_20190523b_3T2_PL2017,Sent_Sem, 179,-0.086869
RH_supFrontal,770_FED_20190523b_3T2_PL2017,Sent_Perc, 179,-1.455691
RH_supFrontal,773_FED_20190605c_3T2_PL2017,Pic_Sem, 179,1.352941
RH_supFrontal,773_FED_20190605c_3T2_PL2017,Pic_Perc, 179,2.072673
RH_supFrontal,773_FED_20190605c_3T2_PL2017,Sent_Sem, 179,1.800967
RH_supFrontal,773_FED_20190605c_3T2_PL2017,Sent_Perc, 179,1.272584
RH_supFrontal,774_FED_20190605b_3T2_PL2017,Pic_Sem, 179,6.273624
RH_supFrontal,774_FED_20190605b_3T2_PL2017,Pic_Perc, 179,8.041268
RH_supFrontal,774_FED_20190605b_3T2_PL2017,Sent_Sem, 179,4.521697
RH_supFrontal,774_FED_20190605b_3T2_PL2017,Sent_Perc, 179,5.792003
RH_supFrontal,775_FED_20190611a_3T2_PL2017,Pic_Sem, 179,2.935485
RH_supFrontal,775_FED_20190611a_3T2_PL2017,Pic_Perc, 179,2.560434
RH_supFrontal,775_FED_20190611a_3T2_PL2017,Sent_Sem, 179,1.849526
RH_supFrontal,775_FED_20190611a_3T2_PL2017,Sent_Perc, 179,2.147472
RH_supFrontal,778_FED_20190614b_3T2_PL2017,Pic_Sem, 179,1.652923
RH_supFrontal,778_FED_20190614b_3T2_PL2017,Pic_Perc, 179,1.995000
RH_supFrontal,778_FED_20190614b_3T2_PL2017,Sent_Sem, 179,1.844407
RH_supFrontal,778_FED_20190614b_3T2_PL2017,Sent_Perc, 179,1.821479
RH_supFrontal,863_FED_20211124a_3T1_PL2017,Pic_Sem, 179,1.682411
RH_supFrontal,863_FED_20211124a_3T1_PL2017,Pic_Perc, 179,2.114315
RH_supFrontal,863_FED_20211124a_3T1_PL2017,Sent_Sem, 179,2.673246
RH_supFrontal,863_FED_20211124a_3T1_PL2017,Sent_Perc, 179,1.503515
RH_Precentral_A_precG,249_FED_20160519a_3T1_PL2017,Pic_Sem, 95,2.413627
RH_Precentral_A_precG,249_FED_20160519a_3T1_PL2017,Pic_Perc, 95,2.380779
RH_Precentral_A_precG,249_FED_20160519a_3T1_PL2017,Sent_Sem, 95,1.606653
RH_Precentral_A_precG,249_FED_20160519a_3T1_PL2017,Sent_Perc, 95,1.680017
RH_Precentral_A_precG,252_FED_20160907b_3T2_PL2017,Pic_Sem, 95,4.130609
RH_Precentral_A_precG,252_FED_20160907b_3T2_PL2017,Pic_Perc, 95,5.108704
RH_Precentral_A_precG,252_FED_20160907b_3T2_PL2017,Sent_Sem, 95,6.104398
RH_Precentral_A_precG,252_FED_20160907b_3T2_PL2017,Sent_Perc, 95,3.860572
RH_Precentral_A_precG,291_FED_20160803c_3T1_PL2017,Pic_Sem, 95,0.443251
RH_Precentral_A_precG,291_FED_20160803c_3T1_PL2017,Pic_Perc, 95,0.459719
RH_Precentral_A_precG,291_FED_20160803c_3T1_PL2017,Sent_Sem, 95,1.033003
RH_Precentral_A_precG,291_FED_20160803c_3T1_PL2017,Sent_Perc, 95,0.407579
RH_Precentral_A_precG,301_FED_20160908b_3T1_PL2017,Pic_Sem, 95,5.143403
RH_Precentral_A_precG,301_FED_20160908b_3T1_PL2017,Pic_Perc, 95,4.618290
RH_Precentral_A_precG,301_FED_20160908b_3T1_PL2017,Sent_Sem, 95,3.484717
RH_Precentral_A_precG,301_FED_20160908b_3T1_PL2017,Sent_Perc, 95,4.517069
RH_Precentral_A_precG,376_FED_20160519b_3T1_PL2017,Pic_Sem, 95,3.017236
RH_Precentral_A_precG,376_FED_20160519b_3T1_PL2017,Pic_Perc, 95,2.008983
RH_Precentral_A_precG,376_FED_20160519b_3T1_PL2017,Sent_Sem, 95,2.223799
RH_Precentral_A_precG,376_FED_20160519b_3T1_PL2017,Sent_Perc, 95,2.468424
RH_Precentral_A_precG,399_FED_20160519d_3T1_PL2017,Pic_Sem, 95,1.891275
RH_Precentral_A_precG,399_FED_20160519d_3T1_PL2017,Pic_Perc, 95,1.385956
RH_Precentral_A_precG,399_FED_20160519d_3T1_PL2017,Sent_Sem, 95,1.784853
RH_Precentral_A_precG,399_FED_20160519d_3T1_PL2017,Sent_Perc, 95,1.882282
RH_Precentral_A_precG,400_FED_20160520a_3T1_PL2017,Pic_Sem, 95,-0.111514
RH_Precentral_A_precG,400_FED_20160520a_3T1_PL2017,Pic_Perc, 95,0.013702
RH_Precentral_A_precG,400_FED_20160520a_3T1_PL2017,Sent_Sem, 95,-0.491781
RH_Precentral_A_precG,400_FED_20160520a_3T1_PL2017,Sent_Perc, 95,-0.033082
RH_Precentral_A_precG,401_FED_20160520d_3T1_PL2017,Pic_Sem, 95,2.063299
RH_Precentral_A_precG,401_FED_20160520d_3T1_PL2017,Pic_Perc, 95,2.164938
RH_Precentral_A_precG,401_FED_20160520d_3T1_PL2017,Sent_Sem, 95,1.912926
RH_Precentral_A_precG,401_FED_20160520d_3T1_PL2017,Sent_Perc, 95,1.736637
RH_Precentral_A_precG,419_FED_20160805a_3T1_PL2017,Pic_Sem, 95,-0.185313
RH_Precentral_A_precG,419_FED_20160805a_3T1_PL2017,Pic_Perc, 95,0.284101
RH_Precentral_A_precG,419_FED_20160805a_3T1_PL2017,Sent_Sem, 95,0.059066
RH_Precentral_A_precG,419_FED_20160805a_3T1_PL2017,Sent_Perc, 95,-0.230624
RH_Precentral_A_precG,420_FED_20160805b_3T1_PL2017,Pic_Sem, 95,2.714911
RH_Precentral_A_precG,420_FED_20160805b_3T1_PL2017,Pic_Perc, 95,2.189347
RH_Precentral_A_precG,420_FED_20160805b_3T1_PL2017,Sent_Sem, 95,0.922620
RH_Precentral_A_precG,420_FED_20160805b_3T1_PL2017,Sent_Perc, 95,0.889698
RH_Precentral_A_precG,426_FED_20160908d_3T1_PL2017,Pic_Sem, 95,0.373161
RH_Precentral_A_precG,426_FED_20160908d_3T1_PL2017,Pic_Perc, 95,-0.050918
RH_Precentral_A_precG,426_FED_20160908d_3T1_PL2017,Sent_Sem, 95,0.322154
RH_Precentral_A_precG,426_FED_20160908d_3T1_PL2017,Sent_Perc, 95,0.899347
RH_Precentral_A_precG,682_FED_20190426a_3T2_PL2017,Pic_Sem, 95,4.717900
RH_Precentral_A_precG,682_FED_20190426a_3T2_PL2017,Pic_Perc, 95,4.316876
RH_Precentral_A_precG,682_FED_20190426a_3T2_PL2017,Sent_Sem, 95,2.829867
RH_Precentral_A_precG,682_FED_20190426a_3T2_PL2017,Sent_Perc, 95,4.895093
RH_Precentral_A_precG,767_FED_20190418b_3T2_PL2017,Pic_Sem, 95,1.862119
RH_Precentral_A_precG,767_FED_20190418b_3T2_PL2017,Pic_Perc, 95,2.844947
RH_Precentral_A_precG,767_FED_20190418b_3T2_PL2017,Sent_Sem, 95,1.592121
RH_Precentral_A_precG,767_FED_20190418b_3T2_PL2017,Sent_Perc, 95,1.907036
RH_Precentral_A_precG,769_FED_20190522a_3T2_PL2017,Pic_Sem, 95,2.409551
RH_Precentral_A_precG,769_FED_20190522a_3T2_PL2017,Pic_Perc, 95,3.040103
RH_Precentral_A_precG,769_FED_20190522a_3T2_PL2017,Sent_Sem, 95,2.424426
RH_Precentral_A_precG,769_FED_20190522a_3T2_PL2017,Sent_Perc, 95,2.783101
RH_Precentral_A_precG,770_FED_20190523b_3T2_PL2017,Pic_Sem, 95,0.031333
RH_Precentral_A_precG,770_FED_20190523b_3T2_PL2017,Pic_Perc, 95,2.240696
RH_Precentral_A_precG,770_FED_20190523b_3T2_PL2017,Sent_Sem, 95,0.836548
RH_Precentral_A_precG,770_FED_20190523b_3T2_PL2017,Sent_Perc, 95,-1.398605
RH_Precentral_A_precG,773_FED_20190605c_3T2_PL2017,Pic_Sem, 95,5.319920
RH_Precentral_A_precG,773_FED_20190605c_3T2_PL2017,Pic_Perc, 95,5.070751
RH_Precentral_A_precG,773_FED_20190605c_3T2_PL2017,Sent_Sem, 95,4.270820
RH_Precentral_A_precG,773_FED_20190605c_3T2_PL2017,Sent_Perc, 95,3.104841
RH_Precentral_A_precG,774_FED_20190605b_3T2_PL2017,Pic_Sem, 95,5.510571
RH_Precentral_A_precG,774_FED_20190605b_3T2_PL2017,Pic_Perc, 95,5.761086
RH_Precentral_A_precG,774_FED_20190605b_3T2_PL2017,Sent_Sem, 95,3.481018
RH_Precentral_A_precG,774_FED_20190605b_3T2_PL2017,Sent_Perc, 95,4.123424
RH_Precentral_A_precG,775_FED_20190611a_3T2_PL2017,Pic_Sem, 95,3.171439
RH_Precentral_A_precG,775_FED_20190611a_3T2_PL2017,Pic_Perc, 95,2.838868
RH_Precentral_A_precG,775_FED_20190611a_3T2_PL2017,Sent_Sem, 95,2.304572
RH_Precentral_A_precG,775_FED_20190611a_3T2_PL2017,Sent_Perc, 95,2.577910
RH_Precentral_A_precG,778_FED_20190614b_3T2_PL2017,Pic_Sem, 95,6.656832
RH_Precentral_A_precG,778_FED_20190614b_3T2_PL2017,Pic_Perc, 95,6.344468
RH_Precentral_A_precG,778_FED_20190614b_3T2_PL2017,Sent_Sem, 95,4.420497
RH_Precentral_A_precG,778_FED_20190614b_3T2_PL2017,Sent_Perc, 95,4.726469
RH_Precentral_A_precG,863_FED_20211124a_3T1_PL2017,Pic_Sem, 95,2.000575
RH_Precentral_A_precG,863_FED_20211124a_3T1_PL2017,Pic_Perc, 95,1.804967
RH_Precentral_A_precG,863_FED_20211124a_3T1_PL2017,Sent_Sem, 95,1.872490
RH_Precentral_A_precG,863_FED_20211124a_3T1_PL2017,Sent_Perc, 95,1.271862
RH_Precentral_B_IFGop,249_FED_20160519a_3T1_PL2017,Pic_Sem, 85,2.064806
RH_Precentral_B_IFGop,249_FED_20160519a_3T1_PL2017,Pic_Perc, 85,1.740401
RH_Precentral_B_IFGop,249_FED_20160519a_3T1_PL2017,Sent_Sem, 85,1.008252
RH_Precentral_B_IFGop,249_FED_20160519a_3T1_PL2017,Sent_Perc, 85,1.330321
RH_Precentral_B_IFGop,252_FED_20160907b_3T2_PL2017,Pic_Sem, 85,8.196826
RH_Precentral_B_IFGop,252_FED_20160907b_3T2_PL2017,Pic_Perc, 85,7.768466
RH_Precentral_B_IFGop,252_FED_20160907b_3T2_PL2017,Sent_Sem, 85,8.832153
RH_Precentral_B_IFGop,252_FED_20160907b_3T2_PL2017,Sent_Perc, 85,6.694139
RH_Precentral_B_IFGop,291_FED_20160803c_3T1_PL2017,Pic_Sem, 85,0.876485
RH_Precentral_B_IFGop,291_FED_20160803c_3T1_PL2017,Pic_Perc, 85,-0.290572
RH_Precentral_B_IFGop,291_FED_20160803c_3T1_PL2017,Sent_Sem, 85,0.779322
RH_Precentral_B_IFGop,291_FED_20160803c_3T1_PL2017,Sent_Perc, 85,0.170435
RH_Precentral_B_IFGop,301_FED_20160908b_3T1_PL2017,Pic_Sem, 85,8.234780
RH_Precentral_B_IFGop,301_FED_20160908b_3T1_PL2017,Pic_Perc, 85,6.340635
RH_Precentral_B_IFGop,301_FED_20160908b_3T1_PL2017,Sent_Sem, 85,5.373570
RH_Precentral_B_IFGop,301_FED_20160908b_3T1_PL2017,Sent_Perc, 85,5.181300
RH_Precentral_B_IFGop,376_FED_20160519b_3T1_PL2017,Pic_Sem, 85,3.786271
RH_Precentral_B_IFGop,376_FED_20160519b_3T1_PL2017,Pic_Perc, 85,2.813422
RH_Precentral_B_IFGop,376_FED_20160519b_3T1_PL2017,Sent_Sem, 85,2.331297
RH_Precentral_B_IFGop,376_FED_20160519b_3T1_PL2017,Sent_Perc, 85,2.761285
RH_Precentral_B_IFGop,399_FED_20160519d_3T1_PL2017,Pic_Sem, 85,2.247492
RH_Precentral_B_IFGop,399_FED_20160519d_3T1_PL2017,Pic_Perc, 85,0.917212
RH_Precentral_B_IFGop,399_FED_20160519d_3T1_PL2017,Sent_Sem, 85,1.418155
RH_Precentral_B_IFGop,399_FED_20160519d_3T1_PL2017,Sent_Perc, 85,1.774592
RH_Precentral_B_IFGop,400_FED_20160520a_3T1_PL2017,Pic_Sem, 85,-0.352847
RH_Precentral_B_IFGop,400_FED_20160520a_3T1_PL2017,Pic_Perc, 85,-0.428883
RH_Precentral_B_IFGop,400_FED_20160520a_3T1_PL2017,Sent_Sem, 85,-0.629136
RH_Precentral_B_IFGop,400_FED_20160520a_3T1_PL2017,Sent_Perc, 85,0.161141
RH_Precentral_B_IFGop,401_FED_20160520d_3T1_PL2017,Pic_Sem, 85,2.749508
RH_Precentral_B_IFGop,401_FED_20160520d_3T1_PL2017,Pic_Perc, 85,2.595929
RH_Precentral_B_IFGop,401_FED_20160520d_3T1_PL2017,Sent_Sem, 85,1.491662
RH_Precentral_B_IFGop,401_FED_20160520d_3T1_PL2017,Sent_Perc, 85,1.667621
RH_Precentral_B_IFGop,419_FED_20160805a_3T1_PL2017,Pic_Sem, 85,-0.774502
RH_Precentral_B_IFGop,419_FED_20160805a_3T1_PL2017,Pic_Perc, 85,0.273309
RH_Precentral_B_IFGop,419_FED_20160805a_3T1_PL2017,Sent_Sem, 85,-0.105466
RH_Precentral_B_IFGop,419_FED_20160805a_3T1_PL2017,Sent_Perc, 85,-0.987639
RH_Precentral_B_IFGop,420_FED_20160805b_3T1_PL2017,Pic_Sem, 85,2.892086
RH_Precentral_B_IFGop,420_FED_20160805b_3T1_PL2017,Pic_Perc, 85,2.500968
RH_Precentral_B_IFGop,420_FED_20160805b_3T1_PL2017,Sent_Sem, 85,0.906328
RH_Precentral_B_IFGop,420_FED_20160805b_3T1_PL2017,Sent_Perc, 85,1.166157
RH_Precentral_B_IFGop,426_FED_20160908d_3T1_PL2017,Pic_Sem, 85,-0.024845
RH_Precentral_B_IFGop,426_FED_20160908d_3T1_PL2017,Pic_Perc, 85,0.128305
RH_Precentral_B_IFGop,426_FED_20160908d_3T1_PL2017,Sent_Sem, 85,-0.185392
RH_Precentral_B_IFGop,426_FED_20160908d_3T1_PL2017,Sent_Perc, 85,0.413802
RH_Precentral_B_IFGop,682_FED_20190426a_3T2_PL2017,Pic_Sem, 85,5.808711
RH_Precentral_B_IFGop,682_FED_20190426a_3T2_PL2017,Pic_Perc, 85,4.219125
RH_Precentral_B_IFGop,682_FED_20190426a_3T2_PL2017,Sent_Sem, 85,3.170540
RH_Precentral_B_IFGop,682_FED_20190426a_3T2_PL2017,Sent_Perc, 85,4.683505
RH_Precentral_B_IFGop,767_FED_20190418b_3T2_PL2017,Pic_Sem, 85,2.882332
RH_Precentral_B_IFGop,767_FED_20190418b_3T2_PL2017,Pic_Perc, 85,3.975686
RH_Precentral_B_IFGop,767_FED_20190418b_3T2_PL2017,Sent_Sem, 85,1.439860
RH_Precentral_B_IFGop,767_FED_20190418b_3T2_PL2017,Sent_Perc, 85,2.810333
RH_Precentral_B_IFGop,769_FED_20190522a_3T2_PL2017,Pic_Sem, 85,2.984919
RH_Precentral_B_IFGop,769_FED_20190522a_3T2_PL2017,Pic_Perc, 85,2.638246
RH_Precentral_B_IFGop,769_FED_20190522a_3T2_PL2017,Sent_Sem, 85,2.390789
RH_Precentral_B_IFGop,769_FED_20190522a_3T2_PL2017,Sent_Perc, 85,2.350298
RH_Precentral_B_IFGop,770_FED_20190523b_3T2_PL2017,Pic_Sem, 85,0.568980
RH_Precentral_B_IFGop,770_FED_20190523b_3T2_PL2017,Pic_Perc, 85,2.572660
RH_Precentral_B_IFGop,770_FED_20190523b_3T2_PL2017,Sent_Sem, 85,0.773141
RH_Precentral_B_IFGop,770_FED_20190523b_3T2_PL2017,Sent_Perc, 85,-1.503585
RH_Precentral_B_IFGop,773_FED_20190605c_3T2_PL2017,Pic_Sem, 85,7.259701
RH_Precentral_B_IFGop,773_FED_20190605c_3T2_PL2017,Pic_Perc, 85,6.465888
RH_Precentral_B_IFGop,773_FED_20190605c_3T2_PL2017,Sent_Sem, 85,6.391643
RH_Precentral_B_IFGop,773_FED_20190605c_3T2_PL2017,Sent_Perc, 85,4.714900
RH_Precentral_B_IFGop,774_FED_20190605b_3T2_PL2017,Pic_Sem, 85,5.919481
RH_Precentral_B_IFGop,774_FED_20190605b_3T2_PL2017,Pic_Perc, 85,6.474367
RH_Precentral_B_IFGop,774_FED_20190605b_3T2_PL2017,Sent_Sem, 85,2.797130
RH_Precentral_B_IFGop,774_FED_20190605b_3T2_PL2017,Sent_Perc, 85,4.305593
RH_Precentral_B_IFGop,775_FED_20190611a_3T2_PL2017,Pic_Sem, 85,3.208441
RH_Precentral_B_IFGop,775_FED_20190611a_3T2_PL2017,Pic_Perc, 85,2.361643
RH_Precentral_B_IFGop,775_FED_20190611a_3T2_PL2017,Sent_Sem, 85,2.096105
RH_Precentral_B_IFGop,775_FED_20190611a_3T2_PL2017,Sent_Perc, 85,2.509250
RH_Precentral_B_IFGop,778_FED_20190614b_3T2_PL2017,Pic_Sem, 85,3.960433
RH_Precentral_B_IFGop,778_FED_20190614b_3T2_PL2017,Pic_Perc, 85,3.692925
RH_Precentral_B_IFGop,778_FED_20190614b_3T2_PL2017,Sent_Sem, 85,1.279947
RH_Precentral_B_IFGop,778_FED_20190614b_3T2_PL2017,Sent_Perc, 85,2.662284
RH_Precentral_B_IFGop,863_FED_20211124a_3T1_PL2017,Pic_Sem, 85,3.035308
RH_Precentral_B_IFGop,863_FED_20211124a_3T1_PL2017,Pic_Perc, 85,2.356135
RH_Precentral_B_IFGop,863_FED_20211124a_3T1_PL2017,Sent_Sem, 85,2.733990
RH_Precentral_B_IFGop,863_FED_20211124a_3T1_PL2017,Sent_Perc, 85,1.878110
RH_midFrontal,249_FED_20160519a_3T1_PL2017,Pic_Sem, 159,1.284111
RH_midFrontal,249_FED_20160519a_3T1_PL2017,Pic_Perc, 159,1.025586
RH_midFrontal,249_FED_20160519a_3T1_PL2017,Sent_Sem, 159,0.906152
RH_midFrontal,249_FED_20160519a_3T1_PL2017,Sent_Perc, 159,1.155848
RH_midFrontal,252_FED_20160907b_3T2_PL2017,Pic_Sem, 159,4.401788
RH_midFrontal,252_FED_20160907b_3T2_PL2017,Pic_Perc, 159,5.342599
RH_midFrontal,252_FED_20160907b_3T2_PL2017,Sent_Sem, 159,5.597295
RH_midFrontal,252_FED_20160907b_3T2_PL2017,Sent_Perc, 159,4.784642
RH_midFrontal,291_FED_20160803c_3T1_PL2017,Pic_Sem, 159,0.508015
RH_midFrontal,291_FED_20160803c_3T1_PL2017,Pic_Perc, 159,-0.439550
RH_midFrontal,291_FED_20160803c_3T1_PL2017,Sent_Sem, 159,0.417239
RH_midFrontal,291_FED_20160803c_3T1_PL2017,Sent_Perc, 159,-0.271438
RH_midFrontal,301_FED_20160908b_3T1_PL2017,Pic_Sem, 159,2.362453
RH_midFrontal,301_FED_20160908b_3T1_PL2017,Pic_Perc, 159,3.568520
RH_midFrontal,301_FED_20160908b_3T1_PL2017,Sent_Sem, 159,3.275989
RH_midFrontal,301_FED_20160908b_3T1_PL2017,Sent_Perc, 159,3.571051
RH_midFrontal,376_FED_20160519b_3T1_PL2017,Pic_Sem, 159,2.125749
RH_midFrontal,376_FED_20160519b_3T1_PL2017,Pic_Perc, 159,0.658021
RH_midFrontal,376_FED_20160519b_3T1_PL2017,Sent_Sem, 159,1.411415
RH_midFrontal,376_FED_20160519b_3T1_PL2017,Sent_Perc, 159,2.421522
RH_midFrontal,399_FED_20160519d_3T1_PL2017,Pic_Sem, 159,1.825006
RH_midFrontal,399_FED_20160519d_3T1_PL2017,Pic_Perc, 159,1.601102
RH_midFrontal,399_FED_20160519d_3T1_PL2017,Sent_Sem, 159,1.281435
RH_midFrontal,399_FED_20160519d_3T1_PL2017,Sent_Perc, 159,1.402256
RH_midFrontal,400_FED_20160520a_3T1_PL2017,Pic_Sem, 159,-0.136912
RH_midFrontal,400_FED_20160520a_3T1_PL2017,Pic_Perc, 159,0.055805
RH_midFrontal,400_FED_20160520a_3T1_PL2017,Sent_Sem, 159,-0.566575
RH_midFrontal,400_FED_20160520a_3T1_PL2017,Sent_Perc, 159,-0.258615
RH_midFrontal,401_FED_20160520d_3T1_PL2017,Pic_Sem, 159,0.510100
RH_midFrontal,401_FED_20160520d_3T1_PL2017,Pic_Perc, 159,0.012670
RH_midFrontal,401_FED_20160520d_3T1_PL2017,Sent_Sem, 159,1.156290
RH_midFrontal,401_FED_20160520d_3T1_PL2017,Sent_Perc, 159,0.406908
RH_midFrontal,419_FED_20160805a_3T1_PL2017,Pic_Sem, 159,-0.765518
RH_midFrontal,419_FED_20160805a_3T1_PL2017,Pic_Perc, 159,-0.150786
RH_midFrontal,419_FED_20160805a_3T1_PL2017,Sent_Sem, 159,-0.726513
RH_midFrontal,419_FED_20160805a_3T1_PL2017,Sent_Perc, 159,-1.003781
RH_midFrontal,420_FED_20160805b_3T1_PL2017,Pic_Sem, 159,2.729156
RH_midFrontal,420_FED_20160805b_3T1_PL2017,Pic_Perc, 159,2.549923
RH_midFrontal,420_FED_20160805b_3T1_PL2017,Sent_Sem, 159,0.762904
RH_midFrontal,420_FED_20160805b_3T1_PL2017,Sent_Perc, 159,1.122094
RH_midFrontal,426_FED_20160908d_3T1_PL2017,Pic_Sem, 159,0.265406
RH_midFrontal,426_FED_20160908d_3T1_PL2017,Pic_Perc, 159,0.095826
RH_midFrontal,426_FED_20160908d_3T1_PL2017,Sent_Sem, 159,-0.240860
RH_midFrontal,426_FED_20160908d_3T1_PL2017,Sent_Perc, 159,0.655657
RH_midFrontal,682_FED_20190426a_3T2_PL2017,Pic_Sem, 159,1.993589
RH_midFrontal,682_FED_20190426a_3T2_PL2017,Pic_Perc, 159,3.404374
RH_midFrontal,682_FED_20190426a_3T2_PL2017,Sent_Sem, 159,0.906401
RH_midFrontal,682_FED_20190426a_3T2_PL2017,Sent_Perc, 159,3.617469
RH_midFrontal,767_FED_20190418b_3T2_PL2017,Pic_Sem, 159,2.091838
RH_midFrontal,767_FED_20190418b_3T2_PL2017,Pic_Perc, 159,1.247671
RH_midFrontal,767_FED_20190418b_3T2_PL2017,Sent_Sem, 159,0.642172
RH_midFrontal,767_FED_20190418b_3T2_PL2017,Sent_Perc, 159,0.114876
RH_midFrontal,769_FED_20190522a_3T2_PL2017,Pic_Sem, 159,2.444589
RH_midFrontal,769_FED_20190522a_3T2_PL2017,Pic_Perc, 159,2.778472
RH_midFrontal,769_FED_20190522a_3T2_PL2017,Sent_Sem, 159,2.373326
RH_midFrontal,769_FED_20190522a_3T2_PL2017,Sent_Perc, 159,2.839772
RH_midFrontal,770_FED_20190523b_3T2_PL2017,Pic_Sem, 159,0.191185
RH_midFrontal,770_FED_20190523b_3T2_PL2017,Pic_Perc, 159,2.180011
RH_midFrontal,770_FED_20190523b_3T2_PL2017,Sent_Sem, 159,0.800683
RH_midFrontal,770_FED_20190523b_3T2_PL2017,Sent_Perc, 159,-1.319993
RH_midFrontal,773_FED_20190605c_3T2_PL2017,Pic_Sem, 159,3.318487
RH_midFrontal,773_FED_20190605c_3T2_PL2017,Pic_Perc, 159,2.139821
RH_midFrontal,773_FED_20190605c_3T2_PL2017,Sent_Sem, 159,2.445665
RH_midFrontal,773_FED_20190605c_3T2_PL2017,Sent_Perc, 159,1.890718
RH_midFrontal,774_FED_20190605b_3T2_PL2017,Pic_Sem, 159,4.001212
RH_midFrontal,774_FED_20190605b_3T2_PL2017,Pic_Perc, 159,4.584140
RH_midFrontal,774_FED_20190605b_3T2_PL2017,Sent_Sem, 159,2.404336
RH_midFrontal,774_FED_20190605b_3T2_PL2017,Sent_Perc, 159,4.279753
RH_midFrontal,775_FED_20190611a_3T2_PL2017,Pic_Sem, 159,1.600565
RH_midFrontal,775_FED_20190611a_3T2_PL2017,Pic_Perc, 159,1.351020
RH_midFrontal,775_FED_20190611a_3T2_PL2017,Sent_Sem, 159,0.664876
RH_midFrontal,775_FED_20190611a_3T2_PL2017,Sent_Perc, 159,1.648753
RH_midFrontal,778_FED_20190614b_3T2_PL2017,Pic_Sem, 159,4.252585
RH_midFrontal,778_FED_20190614b_3T2_PL2017,Pic_Perc, 159,3.364762
RH_midFrontal,778_FED_20190614b_3T2_PL2017,Sent_Sem, 159,3.401025
RH_midFrontal,778_FED_20190614b_3T2_PL2017,Sent_Perc, 159,2.432649
RH_midFrontal,863_FED_20211124a_3T1_PL2017,Pic_Sem, 159,1.497770
RH_midFrontal,863_FED_20211124a_3T1_PL2017,Pic_Perc, 159,1.457813
RH_midFrontal,863_FED_20211124a_3T1_PL2017,Sent_Sem, 159,2.149056
RH_midFrontal,863_FED_20211124a_3T1_PL2017,Sent_Perc, 159,1.051946
RH_midFrontalOrb,249_FED_20160519a_3T1_PL2017,Pic_Sem, 162,0.236070
RH_midFrontalOrb,249_FED_20160519a_3T1_PL2017,Pic_Perc, 162,-0.582803
RH_midFrontalOrb,249_FED_20160519a_3T1_PL2017,Sent_Sem, 162,-0.333676
RH_midFrontalOrb,249_FED_20160519a_3T1_PL2017,Sent_Perc, 162,-0.072214
RH_midFrontalOrb,252_FED_20160907b_3T2_PL2017,Pic_Sem, 162,4.077459
RH_midFrontalOrb,252_FED_20160907b_3T2_PL2017,Pic_Perc, 162,5.706999
RH_midFrontalOrb,252_FED_20160907b_3T2_PL2017,Sent_Sem, 162,6.665427
RH_midFrontalOrb,252_FED_20160907b_3T2_PL2017,Sent_Perc, 162,6.578934
RH_midFrontalOrb,291_FED_20160803c_3T1_PL2017,Pic_Sem, 162,0.369955
RH_midFrontalOrb,291_FED_20160803c_3T1_PL2017,Pic_Perc, 162,-0.392991
RH_midFrontalOrb,291_FED_20160803c_3T1_PL2017,Sent_Sem, 162,1.213009
RH_midFrontalOrb,291_FED_20160803c_3T1_PL2017,Sent_Perc, 162,-0.199624
RH_midFrontalOrb,301_FED_20160908b_3T1_PL2017,Pic_Sem, 162,4.044019
RH_midFrontalOrb,301_FED_20160908b_3T1_PL2017,Pic_Perc, 162,6.371752
RH_midFrontalOrb,301_FED_20160908b_3T1_PL2017,Sent_Sem, 162,6.010350
RH_midFrontalOrb,301_FED_20160908b_3T1_PL2017,Sent_Perc, 162,6.482648
RH_midFrontalOrb,376_FED_20160519b_3T1_PL2017,Pic_Sem, 162,3.288111
RH_midFrontalOrb,376_FED_20160519b_3T1_PL2017,Pic_Perc, 162,1.464311
RH_midFrontalOrb,376_FED_20160519b_3T1_PL2017,Sent_Sem, 162,3.059526
RH_midFrontalOrb,376_FED_20160519b_3T1_PL2017,Sent_Perc, 162,4.035935
RH_midFrontalOrb,399_FED_20160519d_3T1_PL2017,Pic_Sem, 162,1.676362
RH_midFrontalOrb,399_FED_20160519d_3T1_PL2017,Pic_Perc, 162,0.485021
RH_midFrontalOrb,399_FED_20160519d_3T1_PL2017,Sent_Sem, 162,0.843764
RH_midFrontalOrb,399_FED_20160519d_3T1_PL2017,Sent_Perc, 162,1.361532
RH_midFrontalOrb,400_FED_20160520a_3T1_PL2017,Pic_Sem, 162,0.224595
RH_midFrontalOrb,400_FED_20160520a_3T1_PL2017,Pic_Perc, 162,0.557746
RH_midFrontalOrb,400_FED_20160520a_3T1_PL2017,Sent_Sem, 162,-0.431373
RH_midFrontalOrb,400_FED_20160520a_3T1_PL2017,Sent_Perc, 162,-0.062277
RH_midFrontalOrb,401_FED_20160520d_3T1_PL2017,Pic_Sem, 162,0.504948
RH_midFrontalOrb,401_FED_20160520d_3T1_PL2017,Pic_Perc, 162,0.509193
RH_midFrontalOrb,401_FED_20160520d_3T1_PL2017,Sent_Sem, 162,1.159897
RH_midFrontalOrb,401_FED_20160520d_3T1_PL2017,Sent_Perc, 162,-0.067293
RH_midFrontalOrb,419_FED_20160805a_3T1_PL2017,Pic_Sem, 162,-0.182040
RH_midFrontalOrb,419_FED_20160805a_3T1_PL2017,Pic_Perc, 162,-0.006235
RH_midFrontalOrb,419_FED_20160805a_3T1_PL2017,Sent_Sem, 162,-0.259334
RH_midFrontalOrb,419_FED_20160805a_3T1_PL2017,Sent_Perc, 162,-0.060253
RH_midFrontalOrb,420_FED_20160805b_3T1_PL2017,Pic_Sem, 162,1.358932
RH_midFrontalOrb,420_FED_20160805b_3T1_PL2017,Pic_Perc, 162,1.017751
RH_midFrontalOrb,420_FED_20160805b_3T1_PL2017,Sent_Sem, 162,0.956206
RH_midFrontalOrb,420_FED_20160805b_3T1_PL2017,Sent_Perc, 162,1.492435
RH_midFrontalOrb,426_FED_20160908d_3T1_PL2017,Pic_Sem, 162,1.006338
RH_midFrontalOrb,426_FED_20160908d_3T1_PL2017,Pic_Perc, 162,-0.156930
RH_midFrontalOrb,426_FED_20160908d_3T1_PL2017,Sent_Sem, 162,-0.856480
RH_midFrontalOrb,426_FED_20160908d_3T1_PL2017,Sent_Perc, 162,0.998424
RH_midFrontalOrb,682_FED_20190426a_3T2_PL2017,Pic_Sem, 162,0.863241
RH_midFrontalOrb,682_FED_20190426a_3T2_PL2017,Pic_Perc, 162,1.918696
RH_midFrontalOrb,682_FED_20190426a_3T2_PL2017,Sent_Sem, 162,0.595581
RH_midFrontalOrb,682_FED_20190426a_3T2_PL2017,Sent_Perc, 162,1.568991
RH_midFrontalOrb,767_FED_20190418b_3T2_PL2017,Pic_Sem, 162,0.103661
RH_midFrontalOrb,767_FED_20190418b_3T2_PL2017,Pic_Perc, 162,1.248421
RH_midFrontalOrb,767_FED_20190418b_3T2_PL2017,Sent_Sem, 162,0.499695
RH_midFrontalOrb,767_FED_20190418b_3T2_PL2017,Sent_Perc, 162,-0.159005
RH_midFrontalOrb,769_FED_20190522a_3T2_PL2017,Pic_Sem, 162,0.627538
RH_midFrontalOrb,769_FED_20190522a_3T2_PL2017,Pic_Perc, 162,1.145354
RH_midFrontalOrb,769_FED_20190522a_3T2_PL2017,Sent_Sem, 162,0.736802
RH_midFrontalOrb,769_FED_20190522a_3T2_PL2017,Sent_Perc, 162,2.010244
RH_midFrontalOrb,770_FED_20190523b_3T2_PL2017,Pic_Sem, 162,1.562082
RH_midFrontalOrb,770_FED_20190523b_3T2_PL2017,Pic_Perc, 162,1.841664
RH_midFrontalOrb,770_FED_20190523b_3T2_PL2017,Sent_Sem, 162,-0.010404
RH_midFrontalOrb,770_FED_20190523b_3T2_PL2017,Sent_Perc, 162,-1.593576
RH_midFrontalOrb,773_FED_20190605c_3T2_PL2017,Pic_Sem, 162,2.253500
RH_midFrontalOrb,773_FED_20190605c_3T2_PL2017,Pic_Perc, 162,1.538236
RH_midFrontalOrb,773_FED_20190605c_3T2_PL2017,Sent_Sem, 162,3.077954
RH_midFrontalOrb,773_FED_20190605c_3T2_PL2017,Sent_Perc, 162,1.304847
RH_midFrontalOrb,774_FED_20190605b_3T2_PL2017,Pic_Sem, 162,5.401871
RH_midFrontalOrb,774_FED_20190605b_3T2_PL2017,Pic_Perc, 162,6.168648
RH_midFrontalOrb,774_FED_20190605b_3T2_PL2017,Sent_Sem, 162,2.203918
RH_midFrontalOrb,774_FED_20190605b_3T2_PL2017,Sent_Perc, 162,4.776440
RH_midFrontalOrb,775_FED_20190611a_3T2_PL2017,Pic_Sem, 162,1.428272
RH_midFrontalOrb,775_FED_20190611a_3T2_PL2017,Pic_Perc, 162,1.468072
RH_midFrontalOrb,775_FED_20190611a_3T2_PL2017,Sent_Sem, 162,0.909416
RH_midFrontalOrb,775_FED_20190611a_3T2_PL2017,Sent_Perc, 162,2.262016
RH_midFrontalOrb,778_FED_20190614b_3T2_PL2017,Pic_Sem, 162,0.695622
RH_midFrontalOrb,778_FED_20190614b_3T2_PL2017,Pic_Perc, 162,1.858368
RH_midFrontalOrb,778_FED_20190614b_3T2_PL2017,Sent_Sem, 162,2.430263
RH_midFrontalOrb,778_FED_20190614b_3T2_PL2017,Sent_Perc, 162,1.424350
RH_midFrontalOrb,863_FED_20211124a_3T1_PL2017,Pic_Sem, 162,0.800836
RH_midFrontalOrb,863_FED_20211124a_3T1_PL2017,Pic_Perc, 162,2.054958
RH_midFrontalOrb,863_FED_20211124a_3T1_PL2017,Sent_Sem, 162,2.376693
RH_midFrontalOrb,863_FED_20211124a_3T1_PL2017,Sent_Perc, 162,1.497059
RH_insula,249_FED_20160519a_3T1_PL2017,Pic_Sem, 64,0.032980
RH_insula,249_FED_20160519a_3T1_PL2017,Pic_Perc, 64,-0.105170
RH_insula,249_FED_20160519a_3T1_PL2017,Sent_Sem, 64,-0.065979
RH_insula,249_FED_20160519a_3T1_PL2017,Sent_Perc, 64,-0.466628
RH_insula,252_FED_20160907b_3T2_PL2017,Pic_Sem, 64,2.006912
RH_insula,252_FED_20160907b_3T2_PL2017,Pic_Perc, 64,2.769712
RH_insula,252_FED_20160907b_3T2_PL2017,Sent_Sem, 64,3.188760
RH_insula,252_FED_20160907b_3T2_PL2017,Sent_Perc, 64,2.651936
RH_insula,291_FED_20160803c_3T1_PL2017,Pic_Sem, 64,0.696514
RH_insula,291_FED_20160803c_3T1_PL2017,Pic_Perc, 64,-0.089503
RH_insula,291_FED_20160803c_3T1_PL2017,Sent_Sem, 64,0.249089
RH_insula,291_FED_20160803c_3T1_PL2017,Sent_Perc, 64,0.025746
RH_insula,301_FED_20160908b_3T1_PL2017,Pic_Sem, 64,2.435059
RH_insula,301_FED_20160908b_3T1_PL2017,Pic_Perc, 64,3.379363
RH_insula,301_FED_20160908b_3T1_PL2017,Sent_Sem, 64,2.514306
RH_insula,301_FED_20160908b_3T1_PL2017,Sent_Perc, 64,2.444846
RH_insula,376_FED_20160519b_3T1_PL2017,Pic_Sem, 64,2.335344
RH_insula,376_FED_20160519b_3T1_PL2017,Pic_Perc, 64,1.027540
RH_insula,376_FED_20160519b_3T1_PL2017,Sent_Sem, 64,1.992977
RH_insula,376_FED_20160519b_3T1_PL2017,Sent_Perc, 64,1.997978
RH_insula,399_FED_20160519d_3T1_PL2017,Pic_Sem, 64,0.862659
RH_insula,399_FED_20160519d_3T1_PL2017,Pic_Perc, 64,0.549997
RH_insula,399_FED_20160519d_3T1_PL2017,Sent_Sem, 64,0.974941
RH_insula,399_FED_20160519d_3T1_PL2017,Sent_Perc, 64,1.121541
RH_insula,400_FED_20160520a_3T1_PL2017,Pic_Sem, 64,0.547258
RH_insula,400_FED_20160520a_3T1_PL2017,Pic_Perc, 64,0.246488
RH_insula,400_FED_20160520a_3T1_PL2017,Sent_Sem, 64,0.227708
RH_insula,400_FED_20160520a_3T1_PL2017,Sent_Perc, 64,0.330276
RH_insula,401_FED_20160520d_3T1_PL2017,Pic_Sem, 64,1.681211
RH_insula,401_FED_20160520d_3T1_PL2017,Pic_Perc, 64,1.215169
RH_insula,401_FED_20160520d_3T1_PL2017,Sent_Sem, 64,2.012076
RH_insula,401_FED_20160520d_3T1_PL2017,Sent_Perc, 64,1.192705
RH_insula,419_FED_20160805a_3T1_PL2017,Pic_Sem, 64,0.029330
RH_insula,419_FED_20160805a_3T1_PL2017,Pic_Perc, 64,0.106358
RH_insula,419_FED_20160805a_3T1_PL2017,Sent_Sem, 64,0.462510
RH_insula,419_FED_20160805a_3T1_PL2017,Sent_Perc, 64,0.107196
RH_insula,420_FED_20160805b_3T1_PL2017,Pic_Sem, 64,2.467146
RH_insula,420_FED_20160805b_3T1_PL2017,Pic_Perc, 64,1.265631
RH_insula,420_FED_20160805b_3T1_PL2017,Sent_Sem, 64,1.448200
RH_insula,420_FED_20160805b_3T1_PL2017,Sent_Perc, 64,0.624725
RH_insula,426_FED_20160908d_3T1_PL2017,Pic_Sem, 64,-0.104598
RH_insula,426_FED_20160908d_3T1_PL2017,Pic_Perc, 64,-0.305199
RH_insula,426_FED_20160908d_3T1_PL2017,Sent_Sem, 64,0.110036
RH_insula,426_FED_20160908d_3T1_PL2017,Sent_Perc, 64,0.083146
RH_insula,682_FED_20190426a_3T2_PL2017,Pic_Sem, 64,1.119908
RH_insula,682_FED_20190426a_3T2_PL2017,Pic_Perc, 64,1.571504
RH_insula,682_FED_20190426a_3T2_PL2017,Sent_Sem, 64,1.600931
RH_insula,682_FED_20190426a_3T2_PL2017,Sent_Perc, 64,1.786514
RH_insula,767_FED_20190418b_3T2_PL2017,Pic_Sem, 64,2.157710
RH_insula,767_FED_20190418b_3T2_PL2017,Pic_Perc, 64,2.574621
RH_insula,767_FED_20190418b_3T2_PL2017,Sent_Sem, 64,2.612999
RH_insula,767_FED_20190418b_3T2_PL2017,Sent_Perc, 64,1.248212
RH_insula,769_FED_20190522a_3T2_PL2017,Pic_Sem, 64,2.369972
RH_insula,769_FED_20190522a_3T2_PL2017,Pic_Perc, 64,2.246645
RH_insula,769_FED_20190522a_3T2_PL2017,Sent_Sem, 64,2.145114
RH_insula,769_FED_20190522a_3T2_PL2017,Sent_Perc, 64,0.637015
RH_insula,770_FED_20190523b_3T2_PL2017,Pic_Sem, 64,0.419700
RH_insula,770_FED_20190523b_3T2_PL2017,Pic_Perc, 64,1.305244
RH_insula,770_FED_20190523b_3T2_PL2017,Sent_Sem, 64,0.349430
RH_insula,770_FED_20190523b_3T2_PL2017,Sent_Perc, 64,-0.565164
RH_insula,773_FED_20190605c_3T2_PL2017,Pic_Sem, 64,1.465420
RH_insula,773_FED_20190605c_3T2_PL2017,Pic_Perc, 64,2.382640
RH_insula,773_FED_20190605c_3T2_PL2017,Sent_Sem, 64,2.395700
RH_insula,773_FED_20190605c_3T2_PL2017,Sent_Perc, 64,1.351904
RH_insula,774_FED_20190605b_3T2_PL2017,Pic_Sem, 64,2.848287
RH_insula,774_FED_20190605b_3T2_PL2017,Pic_Perc, 64,3.478252
RH_insula,774_FED_20190605b_3T2_PL2017,Sent_Sem, 64,1.387046
RH_insula,774_FED_20190605b_3T2_PL2017,Sent_Perc, 64,2.177500
RH_insula,775_FED_20190611a_3T2_PL2017,Pic_Sem, 64,1.022393
RH_insula,775_FED_20190611a_3T2_PL2017,Pic_Perc, 64,0.888149
RH_insula,775_FED_20190611a_3T2_PL2017,Sent_Sem, 64,0.832301
RH_insula,775_FED_20190611a_3T2_PL2017,Sent_Perc, 64,0.997851
RH_insula,778_FED_20190614b_3T2_PL2017,Pic_Sem, 64,2.838332
RH_insula,778_FED_20190614b_3T2_PL2017,Pic_Perc, 64,3.047487
RH_insula,778_FED_20190614b_3T2_PL2017,Sent_Sem, 64,3.810377
RH_insula,778_FED_20190614b_3T2_PL2017,Sent_Perc, 64,2.651016
RH_insula,863_FED_20211124a_3T1_PL2017,Pic_Sem, 64,0.974656
RH_insula,863_FED_20211124a_3T1_PL2017,Pic_Perc, 64,1.661393
RH_insula,863_FED_20211124a_3T1_PL2017,Sent_Sem, 64,1.763995
RH_insula,863_FED_20211124a_3T1_PL2017,Sent_Perc, 64,1.353462
RH_medialFrontal,249_FED_20160519a_3T1_PL2017,Pic_Sem, 111,0.735703
RH_medialFrontal,249_FED_20160519a_3T1_PL2017,Pic_Perc, 111,0.625727
RH_medialFrontal,249_FED_20160519a_3T1_PL2017,Sent_Sem, 111,0.643706
RH_medialFrontal,249_FED_20160519a_3T1_PL2017,Sent_Perc, 111,0.358424
RH_medialFrontal,252_FED_20160907b_3T2_PL2017,Pic_Sem, 111,2.897731
RH_medialFrontal,252_FED_20160907b_3T2_PL2017,Pic_Perc, 111,3.813229
RH_medialFrontal,252_FED_20160907b_3T2_PL2017,Sent_Sem, 111,4.257142
RH_medialFrontal,252_FED_20160907b_3T2_PL2017,Sent_Perc, 111,2.730555
RH_medialFrontal,291_FED_20160803c_3T1_PL2017,Pic_Sem, 111,0.116456
RH_medialFrontal,291_FED_20160803c_3T1_PL2017,Pic_Perc, 111,-0.262004
RH_medialFrontal,291_FED_20160803c_3T1_PL2017,Sent_Sem, 111,-0.001949
RH_medialFrontal,291_FED_20160803c_3T1_PL2017,Sent_Perc, 111,-0.557196
RH_medialFrontal,301_FED_20160908b_3T1_PL2017,Pic_Sem, 111,3.122384
RH_medialFrontal,301_FED_20160908b_3T1_PL2017,Pic_Perc, 111,3.622235
RH_medialFrontal,301_FED_20160908b_3T1_PL2017,Sent_Sem, 111,3.674947
RH_medialFrontal,301_FED_20160908b_3T1_PL2017,Sent_Perc, 111,3.098629
RH_medialFrontal,376_FED_20160519b_3T1_PL2017,Pic_Sem, 111,2.484239
RH_medialFrontal,376_FED_20160519b_3T1_PL2017,Pic_Perc, 111,0.934728
RH_medialFrontal,376_FED_20160519b_3T1_PL2017,Sent_Sem, 111,1.841457
RH_medialFrontal,376_FED_20160519b_3T1_PL2017,Sent_Perc, 111,2.211044
RH_medialFrontal,399_FED_20160519d_3T1_PL2017,Pic_Sem, 111,1.442592
RH_medialFrontal,399_FED_20160519d_3T1_PL2017,Pic_Perc, 111,1.365384
RH_medialFrontal,399_FED_20160519d_3T1_PL2017,Sent_Sem, 111,1.251171
RH_medialFrontal,399_FED_20160519d_3T1_PL2017,Sent_Perc, 111,1.763157
RH_medialFrontal,400_FED_20160520a_3T1_PL2017,Pic_Sem, 111,0.440477
RH_medialFrontal,400_FED_20160520a_3T1_PL2017,Pic_Perc, 111,0.291757
RH_medialFrontal,400_FED_20160520a_3T1_PL2017,Sent_Sem, 111,-0.349469
RH_medialFrontal,400_FED_20160520a_3T1_PL2017,Sent_Perc, 111,0.225655
RH_medialFrontal,401_FED_20160520d_3T1_PL2017,Pic_Sem, 111,1.035633
RH_medialFrontal,401_FED_20160520d_3T1_PL2017,Pic_Perc, 111,0.362875
RH_medialFrontal,401_FED_20160520d_3T1_PL2017,Sent_Sem, 111,1.725279
RH_medialFrontal,401_FED_20160520d_3T1_PL2017,Sent_Perc, 111,0.531037
RH_medialFrontal,419_FED_20160805a_3T1_PL2017,Pic_Sem, 111,0.529030
RH_medialFrontal,419_FED_20160805a_3T1_PL2017,Pic_Perc, 111,0.376683
RH_medialFrontal,419_FED_20160805a_3T1_PL2017,Sent_Sem, 111,0.462171
RH_medialFrontal,419_FED_20160805a_3T1_PL2017,Sent_Perc, 111,0.611425
RH_medialFrontal,420_FED_20160805b_3T1_PL2017,Pic_Sem, 111,2.727876
RH_medialFrontal,420_FED_20160805b_3T1_PL2017,Pic_Perc, 111,1.950793
RH_medialFrontal,420_FED_20160805b_3T1_PL2017,Sent_Sem, 111,1.762501
RH_medialFrontal,420_FED_20160805b_3T1_PL2017,Sent_Perc, 111,1.427735
RH_medialFrontal,426_FED_20160908d_3T1_PL2017,Pic_Sem, 111,0.413231
RH_medialFrontal,426_FED_20160908d_3T1_PL2017,Pic_Perc, 111,-0.229470
RH_medialFrontal,426_FED_20160908d_3T1_PL2017,Sent_Sem, 111,0.137779
RH_medialFrontal,426_FED_20160908d_3T1_PL2017,Sent_Perc, 111,0.251422
RH_medialFrontal,682_FED_20190426a_3T2_PL2017,Pic_Sem, 111,1.134338
RH_medialFrontal,682_FED_20190426a_3T2_PL2017,Pic_Perc, 111,1.232027
RH_medialFrontal,682_FED_20190426a_3T2_PL2017,Sent_Sem, 111,1.195490
RH_medialFrontal,682_FED_20190426a_3T2_PL2017,Sent_Perc, 111,1.768787
RH_medialFrontal,767_FED_20190418b_3T2_PL2017,Pic_Sem, 111,1.066664
RH_medialFrontal,767_FED_20190418b_3T2_PL2017,Pic_Perc, 111,1.527197
RH_medialFrontal,767_FED_20190418b_3T2_PL2017,Sent_Sem, 111,2.039324
RH_medialFrontal,767_FED_20190418b_3T2_PL2017,Sent_Perc, 111,0.316230
RH_medialFrontal,769_FED_20190522a_3T2_PL2017,Pic_Sem, 111,1.602098
RH_medialFrontal,769_FED_20190522a_3T2_PL2017,Pic_Perc, 111,1.159137
RH_medialFrontal,769_FED_20190522a_3T2_PL2017,Sent_Sem, 111,1.533374
RH_medialFrontal,769_FED_20190522a_3T2_PL2017,Sent_Perc, 111,0.741546
RH_medialFrontal,770_FED_20190523b_3T2_PL2017,Pic_Sem, 111,0.113275
RH_medialFrontal,770_FED_20190523b_3T2_PL2017,Pic_Perc, 111,1.037198
RH_medialFrontal,770_FED_20190523b_3T2_PL2017,Sent_Sem, 111,-0.249363
RH_medialFrontal,770_FED_20190523b_3T2_PL2017,Sent_Perc, 111,-0.896265
RH_medialFrontal,773_FED_20190605c_3T2_PL2017,Pic_Sem, 111,1.851237
RH_medialFrontal,773_FED_20190605c_3T2_PL2017,Pic_Perc, 111,1.991486
RH_medialFrontal,773_FED_20190605c_3T2_PL2017,Sent_Sem, 111,2.006269
RH_medialFrontal,773_FED_20190605c_3T2_PL2017,Sent_Perc, 111,1.019473
RH_medialFrontal,774_FED_20190605b_3T2_PL2017,Pic_Sem, 111,2.985768
RH_medialFrontal,774_FED_20190605b_3T2_PL2017,Pic_Perc, 111,3.283253
RH_medialFrontal,774_FED_20190605b_3T2_PL2017,Sent_Sem, 111,1.359200
RH_medialFrontal,774_FED_20190605b_3T2_PL2017,Sent_Perc, 111,2.553277
RH_medialFrontal,775_FED_20190611a_3T2_PL2017,Pic_Sem, 111,1.378979
RH_medialFrontal,775_FED_20190611a_3T2_PL2017,Pic_Perc, 111,1.533887
RH_medialFrontal,775_FED_20190611a_3T2_PL2017,Sent_Sem, 111,1.365812
RH_medialFrontal,775_FED_20190611a_3T2_PL2017,Sent_Perc, 111,1.417227
RH_medialFrontal,778_FED_20190614b_3T2_PL2017,Pic_Sem, 111,2.814342
RH_medialFrontal,778_FED_20190614b_3T2_PL2017,Pic_Perc, 111,1.852504
RH_medialFrontal,778_FED_20190614b_3T2_PL2017,Sent_Sem, 111,2.869566
RH_medialFrontal,778_FED_20190614b_3T2_PL2017,Sent_Perc, 111,2.234153
RH_medialFrontal,863_FED_20211124a_3T1_PL2017,Pic_Sem, 111,1.826575
RH_medialFrontal,863_FED_20211124a_3T1_PL2017,Pic_Perc, 111,1.898205
RH_medialFrontal,863_FED_20211124a_3T1_PL2017,Sent_Sem, 111,2.748474
RH_medialFrontal,863_FED_20211124a_3T1_PL2017,Sent_Perc, 111,1.769186
