subject,semantic_task,target_network,semantic_roi,target_roi,overlap,overlap_method,run_label,space
199,Events2move,language,LH_F2,LH_IFGorb,0.0,overlap_coef,all,froi
199,Events2move,language,LH_F2,LH_IFG,0.013157894736842105,overlap_coef,all,froi
199,Events2move,language,LH_F2,LH_MFG,0.0,overlap_coef,all,froi
199,Events2move,language,LH_F2,LH_AntTemp,0.0,overlap_coef,all,froi
199,Events2move,language,LH_F2,LH_PostTemp,0.0,overlap_coef,all,froi
199,Events2move,language,LH_F2,LH_AngG,0.0,overlap_coef,all,froi
199,Events2move,language,LH_F1,LH_IFGorb,0.0,overlap_coef,all,froi
199,Events2move,language,LH_F1,LH_IFG,0.0,overlap_coef,all,froi
199,Events2move,language,LH_F1,LH_MFG,0.0,overlap_coef,all,froi
199,Events2move,language,LH_F1,LH_AntTemp,0.0,overlap_coef,all,froi
199,Events2move,language,LH_F1,LH_PostTemp,0.0,overlap_coef,all,froi
199,Events2move,language,LH_F1,LH_AngG,0.0,overlap_coef,all,froi
199,Events2move,language,LH_TP2,LH_IFGorb,0.0,overlap_coef,all,froi
199,Events2move,language,LH_TP2,LH_IFG,0.0,overlap_coef,all,froi
199,Events2move,language,LH_TP2,LH_MFG,0.0,overlap_coef,all,froi
199,Events2move,language,LH_TP2,LH_AntTemp,0.0,overlap_coef,all,froi
199,Events2move,language,LH_TP2,LH_PostTemp,0.046511627906976744,overlap_coef,all,froi
199,Events2move,language,LH_TP2,LH_AngG,0.0,overlap_coef,all,froi
199,Events2move,language,LH_TP3,LH_IFGorb,0.0,overlap_coef,all,froi
199,Events2move,language,LH_TP3,LH_IFG,0.0,overlap_coef,all,froi
199,Events2move,language,LH_TP3,LH_MFG,0.0,overlap_coef,all,froi
199,Events2move,language,LH_TP3,LH_AntTemp,0.0,overlap_coef,all,froi
199,Events2move,language,LH_TP3,LH_PostTemp,0.013333333333333334,overlap_coef,all,froi
199,Events2move,language,LH_TP3,LH_AngG,0.20270270270270271,overlap_coef,all,froi
199,Events2move,language,LH_TP1,LH_IFGorb,0.0,overlap_coef,all,froi
199,Events2move,language,LH_TP1,LH_IFG,0.0,overlap_coef,all,froi
199,Events2move,language,LH_TP1,LH_MFG,0.0,overlap_coef,all,froi
199,Events2move,language,LH_TP1,LH_AntTemp,0.0,overlap_coef,all,froi
199,Events2move,language,LH_TP1,LH_PostTemp,0.0,overlap_coef,all,froi
199,Events2move,language,LH_TP1,LH_AngG,0.0,overlap_coef,all,froi
199,Events2move,language,LH_TP4,LH_IFGorb,0.0,overlap_coef,all,froi
199,Events2move,language,LH_TP4,LH_IFG,0.0,overlap_coef,all,froi
199,Events2move,language,LH_TP4,LH_MFG,0.0,overlap_coef,all,froi
199,Events2move,language,LH_TP4,LH_AntTemp,0.0,overlap_coef,all,froi
199,Events2move,language,LH_TP4,LH_PostTemp,0.0,overlap_coef,all,froi
199,Events2move,language,LH_TP4,LH_AngG,0.0,overlap_coef,all,froi
199,Events2move,language,RH_Cer1,LH_IFGorb,0.0,overlap_coef,all,froi
199,Events2move,language,RH_Cer1,LH_IFG,0.0,overlap_coef,all,froi
199,Events2move,language,RH_Cer1,LH_MFG,0.0,overlap_coef,all,froi
199,Events2move,language,RH_Cer1,LH_AntTemp,0.0,overlap_coef,all,froi
199,Events2move,language,RH_Cer1,LH_PostTemp,0.0,overlap_coef,all,froi
199,Events2move,language,RH_Cer1,LH_AngG,0.0,overlap_coef,all,froi
199,Events2move,language,LH_MID3,LH_IFGorb,0.0,overlap_coef,all,froi
199,Events2move,language,LH_MID3,LH_IFG,0.0,overlap_coef,all,froi
199,Events2move,language,LH_MID3,LH_MFG,0.0,overlap_coef,all,froi
199,Events2move,language,LH_MID3,LH_AntTemp,0.0,overlap_coef,all,froi
199,Events2move,language,LH_MID3,LH_PostTemp,0.0,overlap_coef,all,froi
199,Events2move,language,LH_MID3,LH_AngG,0.0,overlap_coef,all,froi
199,Events2move,language,LH_F4,LH_IFGorb,0.0,overlap_coef,all,froi
199,Events2move,language,LH_F4,LH_IFG,0.0,overlap_coef,all,froi
199,Events2move,language,LH_F4,LH_MFG,0.0,overlap_coef,all,froi
199,Events2move,language,LH_F4,LH_AntTemp,0.0,overlap_coef,all,froi
199,Events2move,language,LH_F4,LH_PostTemp,0.0,overlap_coef,all,froi
199,Events2move,language,LH_F4,LH_AngG,0.0,overlap_coef,all,froi
199,Events2move,language,RH_Cer2,LH_IFGorb,0.0,overlap_coef,all,froi
199,Events2move,language,RH_Cer2,LH_IFG,0.0,overlap_coef,all,froi
199,Events2move,language,RH_Cer2,LH_MFG,0.0,overlap_coef,all,froi
199,Events2move,language,RH_Cer2,LH_AntTemp,0.0,overlap_coef,all,froi
199,Events2move,language,RH_Cer2,LH_PostTemp,0.0,overlap_coef,all,froi
199,Events2move,language,RH_Cer2,LH_AngG,0.0,overlap_coef,all,froi
199,Events2move,language,LH_F3,LH_IFGorb,0.0,overlap_coef,all,froi
199,Events2move,language,LH_F3,LH_IFG,0.0,overlap_coef,all,froi
199,Events2move,language,LH_F3,LH_MFG,0.0,overlap_coef,all,froi
199,Events2move,language,LH_F3,LH_AntTemp,0.0,overlap_coef,all,froi
199,Events2move,language,LH_F3,LH_PostTemp,0.0,overlap_coef,all,froi
199,Events2move,language,LH_F3,LH_AngG,0.0,overlap_coef,all,froi
199,Events2move,language,LH_F5,LH_IFGorb,0.0,overlap_coef,all,froi
199,Events2move,language,LH_F5,LH_IFG,0.0,overlap_coef,all,froi
199,Events2move,language,LH_F5,LH_MFG,0.0,overlap_coef,all,froi
199,Events2move,language,LH_F5,LH_AntTemp,0.0,overlap_coef,all,froi
199,Events2move,language,LH_F5,LH_PostTemp,0.0,overlap_coef,all,froi
199,Events2move,language,LH_F5,LH_AngG,0.0,overlap_coef,all,froi
199,Events2move,md,LH_F2,LH_postParietal,0.0,overlap_coef,all,froi
199,Events2move,md,LH_F2,LH_midParietal,0.0,overlap_coef,all,froi
199,Events2move,md,LH_F2,LH_antParietal,0.0,overlap_coef,all,froi
199,Events2move,md,LH_F2,LH_supFrontal,0.0,overlap_coef,all,froi
199,Events2move,md,LH_F2,LH_Precentral_A_precG,0.013888888888888888,overlap_coef,all,froi
199,Events2move,md,LH_F2,LH_Precentral_B_IFGop,0.08823529411764706,overlap_coef,all,froi
199,Events2move,md,LH_F2,LH_midFrontal,0.029556650246305417,overlap_coef,all,froi
199,Events2move,md,LH_F2,LH_midFrontalOrb,0.0,overlap_coef,all,froi
199,Events2move,md,LH_F2,LH_insula,0.0,overlap_coef,all,froi
199,Events2move,md,LH_F2,LH_medialFrontal,0.0,overlap_coef,all,froi
199,Events2move,md,LH_F1,LH_postParietal,0.0,overlap_coef,all,froi
199,Events2move,md,LH_F1,LH_midParietal,0.0,overlap_coef,all,froi
199,Events2move,md,LH_F1,LH_antParietal,0.0,overlap_coef,all,froi
199,Events2move,md,LH_F1,LH_supFrontal,0.0,overlap_coef,all,froi
199,Events2move,md,LH_F1,LH_Precentral_A_precG,0.0,overlap_coef,all,froi
199,Events2move,md,LH_F1,LH_Precentral_B_IFGop,0.0,overlap_coef,all,froi
199,Events2move,md,LH_F1,LH_midFrontal,0.0,overlap_coef,all,froi
199,Events2move,md,LH_F1,LH_midFrontalOrb,0.0,overlap_coef,all,froi
199,Events2move,md,LH_F1,LH_insula,0.0,overlap_coef,all,froi
199,Events2move,md,LH_F1,LH_medialFrontal,0.0,overlap_coef,all,froi
199,Events2move,md,LH_TP2,LH_postParietal,0.0,overlap_coef,all,froi
199,Events2move,md,LH_TP2,LH_midParietal,0.0,overlap_coef,all,froi
199,Events2move,md,LH_TP2,LH_antParietal,0.0,overlap_coef,all,froi
199,Events2move,md,LH_TP2,LH_supFrontal,0.0,overlap_coef,all,froi
199,Events2move,md,LH_TP2,LH_Precentral_A_precG,0.0,overlap_coef,all,froi
199,Events2move,md,LH_TP2,LH_Precentral_B_IFGop,0.0,overlap_coef,all,froi
199,Events2move,md,LH_TP2,LH_midFrontal,0.0,overlap_coef,all,froi
199,Events2move,md,LH_TP2,LH_midFrontalOrb,0.0,overlap_coef,all,froi
199,Events2move,md,LH_TP2,LH_insula,0.0,overlap_coef,all,froi
199,Events2move,md,LH_TP2,LH_medialFrontal,0.0,overlap_coef,all,froi
199,Events2move,md,LH_TP3,LH_postParietal,0.0,overlap_coef,all,froi
199,Events2move,md,LH_TP3,LH_midParietal,0.0,overlap_coef,all,froi
199,Events2move,md,LH_TP3,LH_antParietal,0.0,overlap_coef,all,froi
199,Events2move,md,LH_TP3,LH_supFrontal,0.0,overlap_coef,all,froi
199,Events2move,md,LH_TP3,LH_Precentral_A_precG,0.0,overlap_coef,all,froi
199,Events2move,md,LH_TP3,LH_Precentral_B_IFGop,0.0,overlap_coef,all,froi
199,Events2move,md,LH_TP3,LH_midFrontal,0.0,overlap_coef,all,froi
199,Events2move,md,LH_TP3,LH_midFrontalOrb,0.0,overlap_coef,all,froi
199,Events2move,md,LH_TP3,LH_insula,0.0,overlap_coef,all,froi
199,Events2move,md,LH_TP3,LH_medialFrontal,0.0,overlap_coef,all,froi
199,Events2move,md,LH_TP1,LH_postParietal,0.0,overlap_coef,all,froi
199,Events2move,md,LH_TP1,LH_midParietal,0.0,overlap_coef,all,froi
199,Events2move,md,LH_TP1,LH_antParietal,0.0,overlap_coef,all,froi
199,Events2move,md,LH_TP1,LH_supFrontal,0.0,overlap_coef,all,froi
199,Events2move,md,LH_TP1,LH_Precentral_A_precG,0.0,overlap_coef,all,froi
199,Events2move,md,LH_TP1,LH_Precentral_B_IFGop,0.0,overlap_coef,all,froi
199,Events2move,md,LH_TP1,LH_midFrontal,0.0,overlap_coef,all,froi
199,Events2move,md,LH_TP1,LH_midFrontalOrb,0.0,overlap_coef,all,froi
199,Events2move,md,LH_TP1,LH_insula,0.0,overlap_coef,all,froi
199,Events2move,md,LH_TP1,LH_medialFrontal,0.0,overlap_coef,all,froi
199,Events2move,md,LH_TP4,LH_postParietal,0.27350427350427353,overlap_coef,all,froi
199,Events2move,md,LH_TP4,LH_midParietal,0.0,overlap_coef,all,froi
199,Events2move,md,LH_TP4,LH_antParietal,0.0,overlap_coef,all,froi
199,Events2move,md,LH_TP4,LH_supFrontal,0.0,overlap_coef,all,froi
199,Events2move,md,LH_TP4,LH_Precentral_A_precG,0.0,overlap_coef,all,froi
199,Events2move,md,LH_TP4,LH_Precentral_B_IFGop,0.0,overlap_coef,all,froi
199,Events2move,md,LH_TP4,LH_midFrontal,0.0,overlap_coef,all,froi
199,Events2move,md,LH_TP4,LH_midFrontalOrb,0.0,overlap_coef,all,froi
199,Events2move,md,LH_TP4,LH_insula,0.0,overlap_coef,all,froi
199,Events2move,md,LH_TP4,LH_medialFrontal,0.0,overlap_coef,all,froi
199,Events2move,md,RH_Cer1,LH_postParietal,0.0,overlap_coef,all,froi
199,Events2move,md,RH_Cer1,LH_midParietal,0.0,overlap_coef,all,froi
199,Events2move,md,RH_Cer1,LH_antParietal,0.0,overlap_coef,all,froi
199,Events2move,md,RH_Cer1,LH_supFrontal,0.0,overlap_coef,all,froi
199,Events2move,md,RH_Cer1,LH_Precentral_A_precG,0.0,overlap_coef,all,froi
199,Events2move,md,RH_Cer1,LH_Precentral_B_IFGop,0.0,overlap_coef,all,froi
199,Events2move,md,RH_Cer1,LH_midFrontal,0.0,overlap_coef,all,froi
199,Events2move,md,RH_Cer1,LH_midFrontalOrb,0.0,overlap_coef,all,froi
199,Events2move,md,RH_Cer1,LH_insula,0.0,overlap_coef,all,froi
199,Events2move,md,RH_Cer1,LH_medialFrontal,0.0,overlap_coef,all,froi
199,Events2move,md,LH_MID3,LH_postParietal,0.0,overlap_coef,all,froi
199,Events2move,md,LH_MID3,LH_midParietal,0.0,overlap_coef,all,froi
199,Events2move,md,LH_MID3,LH_antParietal,0.0,overlap_coef,all,froi
199,Events2move,md,LH_MID3,LH_supFrontal,0.0,overlap_coef,all,froi
199,Events2move,md,LH_MID3,LH_Precentral_A_precG,0.0,overlap_coef,all,froi
199,Events2move,md,LH_MID3,LH_Precentral_B_IFGop,0.0,overlap_coef,all,froi
199,Events2move,md,LH_MID3,LH_midFrontal,0.0,overlap_coef,all,froi
199,Events2move,md,LH_MID3,LH_midFrontalOrb,0.0,overlap_coef,all,froi
199,Events2move,md,LH_MID3,LH_insula,0.0,overlap_coef,all,froi
199,Events2move,md,LH_MID3,LH_medialFrontal,0.11764705882352941,overlap_coef,all,froi
199,Events2move,md,LH_F4,LH_postParietal,0.0,overlap_coef,all,froi
199,Events2move,md,LH_F4,LH_midParietal,0.0,overlap_coef,all,froi
199,Events2move,md,LH_F4,LH_antParietal,0.0,overlap_coef,all,froi
199,Events2move,md,LH_F4,LH_supFrontal,0.04,overlap_coef,all,froi
199,Events2move,md,LH_F4,LH_Precentral_A_precG,0.0,overlap_coef,all,froi
199,Events2move,md,LH_F4,LH_Precentral_B_IFGop,0.0,overlap_coef,all,froi
199,Events2move,md,LH_F4,LH_midFrontal,0.0,overlap_coef,all,froi
199,Events2move,md,LH_F4,LH_midFrontalOrb,0.0,overlap_coef,all,froi
199,Events2move,md,LH_F4,LH_insula,0.0,overlap_coef,all,froi
199,Events2move,md,LH_F4,LH_medialFrontal,0.0,overlap_coef,all,froi
199,Events2move,md,RH_Cer2,LH_postParietal,0.0,overlap_coef,all,froi
199,Events2move,md,RH_Cer2,LH_midParietal,0.0,overlap_coef,all,froi
199,Events2move,md,RH_Cer2,LH_antParietal,0.0,overlap_coef,all,froi
199,Events2move,md,RH_Cer2,LH_supFrontal,0.0,overlap_coef,all,froi
199,Events2move,md,RH_Cer2,LH_Precentral_A_precG,0.0,overlap_coef,all,froi
199,Events2move,md,RH_Cer2,LH_Precentral_B_IFGop,0.0,overlap_coef,all,froi
199,Events2move,md,RH_Cer2,LH_midFrontal,0.0,overlap_coef,all,froi
199,Events2move,md,RH_Cer2,LH_midFrontalOrb,0.0,overlap_coef,all,froi
199,Events2move,md,RH_Cer2,LH_insula,0.0,overlap_coef,all,froi
199,Events2move,md,RH_Cer2,LH_medialFrontal,0.0,overlap_coef,all,froi
199,Events2move,md,LH_F3,LH_postParietal,0.0,overlap_coef,all,froi
199,Events2move,md,LH_F3,LH_midParietal,0.0,overlap_coef,all,froi
199,Events2move,md,LH_F3,LH_antParietal,0.0,overlap_coef,all,froi
199,Events2move,md,LH_F3,LH_supFrontal,0.0851063829787234,overlap_coef,all,froi
199,Events2move,md,LH_F3,LH_Precentral_A_precG,0.0,overlap_coef,all,froi
199,Events2move,md,LH_F3,LH_Precentral_B_IFGop,0.0,overlap_coef,all,froi
199,Events2move,md,LH_F3,LH_midFrontal,0.0,overlap_coef,all,froi
199,Events2move,md,LH_F3,LH_midFrontalOrb,0.0,overlap_coef,all,froi
199,Events2move,md,LH_F3,LH_insula,0.0,overlap_coef,all,froi
199,Events2move,md,LH_F3,LH_medialFrontal,0.0,overlap_coef,all,froi
199,Events2move,md,LH_F5,LH_postParietal,0.0,overlap_coef,all,froi
199,Events2move,md,LH_F5,LH_midParietal,0.0,overlap_coef,all,froi
199,Events2move,md,LH_F5,LH_antParietal,0.0,overlap_coef,all,froi
199,Events2move,md,LH_F5,LH_supFrontal,0.0,overlap_coef,all,froi
199,Events2move,md,LH_F5,LH_Precentral_A_precG,0.0,overlap_coef,all,froi
199,Events2move,md,LH_F5,LH_Precentral_B_IFGop,0.0,overlap_coef,all,froi
199,Events2move,md,LH_F5,LH_midFrontal,0.0,overlap_coef,all,froi
199,Events2move,md,LH_F5,LH_midFrontalOrb,0.0,overlap_coef,all,froi
199,Events2move,md,LH_F5,LH_insula,0.0,overlap_coef,all,froi
199,Events2move,md,LH_F5,LH_medialFrontal,0.0,overlap_coef,all,froi
199,Events2move,dmn,LH_F2,LH_FrontalMed,0.0,overlap_coef,all,froi
199,Events2move,dmn,LH_F2,LH_PostCing,0.0,overlap_coef,all,froi
199,Events2move,dmn,LH_F2,LH_TPJ,0.0,overlap_coef,all,froi
199,Events2move,dmn,LH_F2,LH_MidCing,0.0,overlap_coef,all,froi
199,Events2move,dmn,LH_F2,LH_STGorInsula,0.0,overlap_coef,all,froi
199,Events2move,dmn,LH_F2,LH_AntTemp,0.0,overlap_coef,all,froi
199,Events2move,dmn,LH_F1,LH_FrontalMed,0.0,overlap_coef,all,froi
199,Events2move,dmn,LH_F1,LH_PostCing,0.0,overlap_coef,all,froi
199,Events2move,dmn,LH_F1,LH_TPJ,0.0,overlap_coef,all,froi
199,Events2move,dmn,LH_F1,LH_MidCing,0.0,overlap_coef,all,froi
199,Events2move,dmn,LH_F1,LH_STGorInsula,0.0,overlap_coef,all,froi
199,Events2move,dmn,LH_F1,LH_AntTemp,0.0,overlap_coef,all,froi
199,Events2move,dmn,LH_TP2,LH_FrontalMed,0.0,overlap_coef,all,froi
199,Events2move,dmn,LH_TP2,LH_PostCing,0.0,overlap_coef,all,froi
199,Events2move,dmn,LH_TP2,LH_TPJ,0.0,overlap_coef,all,froi
199,Events2move,dmn,LH_TP2,LH_MidCing,0.0,overlap_coef,all,froi
199,Events2move,dmn,LH_TP2,LH_STGorInsula,0.0,overlap_coef,all,froi
199,Events2move,dmn,LH_TP2,LH_AntTemp,0.0,overlap_coef,all,froi
199,Events2move,dmn,LH_TP3,LH_FrontalMed,0.0,overlap_coef,all,froi
199,Events2move,dmn,LH_TP3,LH_PostCing,0.0,overlap_coef,all,froi
199,Events2move,dmn,LH_TP3,LH_TPJ,0.0,overlap_coef,all,froi
199,Events2move,dmn,LH_TP3,LH_MidCing,0.0,overlap_coef,all,froi
199,Events2move,dmn,LH_TP3,LH_STGorInsula,0.0,overlap_coef,all,froi
199,Events2move,dmn,LH_TP3,LH_AntTemp,0.0,overlap_coef,all,froi
199,Events2move,dmn,LH_TP1,LH_FrontalMed,0.0,overlap_coef,all,froi
199,Events2move,dmn,LH_TP1,LH_PostCing,0.0,overlap_coef,all,froi
199,Events2move,dmn,LH_TP1,LH_TPJ,0.0,overlap_coef,all,froi
199,Events2move,dmn,LH_TP1,LH_MidCing,0.0,overlap_coef,all,froi
199,Events2move,dmn,LH_TP1,LH_STGorInsula,0.0,overlap_coef,all,froi
199,Events2move,dmn,LH_TP1,LH_AntTemp,0.0,overlap_coef,all,froi
199,Events2move,dmn,LH_TP4,LH_FrontalMed,0.0,overlap_coef,all,froi
199,Events2move,dmn,LH_TP4,LH_PostCing,0.0,overlap_coef,all,froi
199,Events2move,dmn,LH_TP4,LH_TPJ,0.0,overlap_coef,all,froi
199,Events2move,dmn,LH_TP4,LH_MidCing,0.0,overlap_coef,all,froi
199,Events2move,dmn,LH_TP4,LH_STGorInsula,0.0,overlap_coef,all,froi
199,Events2move,dmn,LH_TP4,LH_AntTemp,0.0,overlap_coef,all,froi
199,Events2move,dmn,RH_Cer1,LH_FrontalMed,0.0,overlap_coef,all,froi
199,Events2move,dmn,RH_Cer1,LH_PostCing,0.0,overlap_coef,all,froi
199,Events2move,dmn,RH_Cer1,LH_TPJ,0.0,overlap_coef,all,froi
199,Events2move,dmn,RH_Cer1,LH_MidCing,0.0,overlap_coef,all,froi
199,Events2move,dmn,RH_Cer1,LH_STGorInsula,0.0,overlap_coef,all,froi
199,Events2move,dmn,RH_Cer1,LH_AntTemp,0.0,overlap_coef,all,froi
199,Events2move,dmn,LH_MID3,LH_FrontalMed,0.0,overlap_coef,all,froi
199,Events2move,dmn,LH_MID3,LH_PostCing,0.0,overlap_coef,all,froi
199,Events2move,dmn,LH_MID3,LH_TPJ,0.0,overlap_coef,all,froi
199,Events2move,dmn,LH_MID3,LH_MidCing,0.0,overlap_coef,all,froi
199,Events2move,dmn,LH_MID3,LH_STGorInsula,0.0,overlap_coef,all,froi
199,Events2move,dmn,LH_MID3,LH_AntTemp,0.0,overlap_coef,all,froi
199,Events2move,dmn,LH_F4,LH_FrontalMed,0.0,overlap_coef,all,froi
199,Events2move,dmn,LH_F4,LH_PostCing,0.0,overlap_coef,all,froi
199,Events2move,dmn,LH_F4,LH_TPJ,0.0,overlap_coef,all,froi
199,Events2move,dmn,LH_F4,LH_MidCing,0.0,overlap_coef,all,froi
199,Events2move,dmn,LH_F4,LH_STGorInsula,0.0,overlap_coef,all,froi
199,Events2move,dmn,LH_F4,LH_AntTemp,0.0,overlap_coef,all,froi
199,Events2move,dmn,RH_Cer2,LH_FrontalMed,0.0,overlap_coef,all,froi
199,Events2move,dmn,RH_Cer2,LH_PostCing,0.0,overlap_coef,all,froi
199,Events2move,dmn,RH_Cer2,LH_TPJ,0.0,overlap_coef,all,froi
199,Events2move,dmn,RH_Cer2,LH_MidCing,0.0,overlap_coef,all,froi
199,Events2move,dmn,RH_Cer2,LH_STGorInsula,0.0,overlap_coef,all,froi
199,Events2move,dmn,RH_Cer2,LH_AntTemp,0.0,overlap_coef,all,froi
199,Events2move,dmn,LH_F3,LH_FrontalMed,0.0,overlap_coef,all,froi
199,Events2move,dmn,LH_F3,LH_PostCing,0.0,overlap_coef,all,froi
199,Events2move,dmn,LH_F3,LH_TPJ,0.0,overlap_coef,all,froi
199,Events2move,dmn,LH_F3,LH_MidCing,0.0,overlap_coef,all,froi
199,Events2move,dmn,LH_F3,LH_STGorInsula,0.0,overlap_coef,all,froi
199,Events2move,dmn,LH_F3,LH_AntTemp,0.0,overlap_coef,all,froi
199,Events2move,dmn,LH_F5,LH_FrontalMed,0.0,overlap_coef,all,froi
199,Events2move,dmn,LH_F5,LH_PostCing,0.0,overlap_coef,all,froi
199,Events2move,dmn,LH_F5,LH_TPJ,0.0,overlap_coef,all,froi
199,Events2move,dmn,LH_F5,LH_MidCing,0.0,overlap_coef,all,froi
199,Events2move,dmn,LH_F5,LH_STGorInsula,0.0,overlap_coef,all,froi
199,Events2move,dmn,LH_F5,LH_AntTemp,0.0,overlap_coef,all,froi
261,Events2move,language,LH_F2,LH_IFGorb,0.0,overlap_coef,all,froi
261,Events2move,language,LH_F2,LH_IFG,0.07894736842105263,overlap_coef,all,froi
261,Events2move,language,LH_F2,LH_MFG,0.0,overlap_coef,all,froi
261,Events2move,language,LH_F2,LH_AntTemp,0.0,overlap_coef,all,froi
261,Events2move,language,LH_F2,LH_PostTemp,0.0,overlap_coef,all,froi
261,Events2move,language,LH_F2,LH_AngG,0.0,overlap_coef,all,froi
261,Events2move,language,LH_F1,LH_IFGorb,0.05405405405405406,overlap_coef,all,froi
261,Events2move,language,LH_F1,LH_IFG,0.0,overlap_coef,all,froi
261,Events2move,language,LH_F1,LH_MFG,0.0,overlap_coef,all,froi
261,Events2move,language,LH_F1,LH_AntTemp,0.0,overlap_coef,all,froi
261,Events2move,language,LH_F1,LH_PostTemp,0.0,overlap_coef,all,froi
261,Events2move,language,LH_F1,LH_AngG,0.0,overlap_coef,all,froi
261,Events2move,language,LH_TP2,LH_IFGorb,0.0,overlap_coef,all,froi
261,Events2move,language,LH_TP2,LH_IFG,0.0,overlap_coef,all,froi
261,Events2move,language,LH_TP2,LH_MFG,0.0,overlap_coef,all,froi
261,Events2move,language,LH_TP2,LH_AntTemp,0.0,overlap_coef,all,froi
261,Events2move,language,LH_TP2,LH_PostTemp,0.21511627906976744,overlap_coef,all,froi
261,Events2move,language,LH_TP2,LH_AngG,0.0,overlap_coef,all,froi
261,Events2move,language,LH_TP3,LH_IFGorb,0.0,overlap_coef,all,froi
261,Events2move,language,LH_TP3,LH_IFG,0.0,overlap_coef,all,froi
261,Events2move,language,LH_TP3,LH_MFG,0.0,overlap_coef,all,froi
261,Events2move,language,LH_TP3,LH_AntTemp,0.0,overlap_coef,all,froi
261,Events2move,language,LH_TP3,LH_PostTemp,0.1288888888888889,overlap_coef,all,froi
261,Events2move,language,LH_TP3,LH_AngG,0.013513513513513514,overlap_coef,all,froi
261,Events2move,language,LH_TP1,LH_IFGorb,0.0,overlap_coef,all,froi
261,Events2move,language,LH_TP1,LH_IFG,0.0,overlap_coef,all,froi
261,Events2move,language,LH_TP1,LH_MFG,0.0,overlap_coef,all,froi
261,Events2move,language,LH_TP1,LH_AntTemp,0.0,overlap_coef,all,froi
261,Events2move,language,LH_TP1,LH_PostTemp,0.0,overlap_coef,all,froi
261,Events2move,language,LH_TP1,LH_AngG,0.0,overlap_coef,all,froi
261,Events2move,language,LH_TP4,LH_IFGorb,0.0,overlap_coef,all,froi
261,Events2move,language,LH_TP4,LH_IFG,0.0,overlap_coef,all,froi
261,Events2move,language,LH_TP4,LH_MFG,0.0,overlap_coef,all,froi
261,Events2move,language,LH_TP4,LH_AntTemp,0.0,overlap_coef,all,froi
261,Events2move,language,LH_TP4,LH_PostTemp,0.0,overlap_coef,all,froi
261,Events2move,language,LH_TP4,LH_AngG,0.0,overlap_coef,all,froi
261,Events2move,language,RH_Cer1,LH_IFGorb,0.0,overlap_coef,all,froi
261,Events2move,language,RH_Cer1,LH_IFG,0.0,overlap_coef,all,froi
261,Events2move,language,RH_Cer1,LH_MFG,0.0,overlap_coef,all,froi
261,Events2move,language,RH_Cer1,LH_AntTemp,0.0,overlap_coef,all,froi
261,Events2move,language,RH_Cer1,LH_PostTemp,0.0,overlap_coef,all,froi
261,Events2move,language,RH_Cer1,LH_AngG,0.0,overlap_coef,all,froi
261,Events2move,language,LH_MID3,LH_IFGorb,0.0,overlap_coef,all,froi
261,Events2move,language,LH_MID3,LH_IFG,0.0,overlap_coef,all,froi
261,Events2move,language,LH_MID3,LH_MFG,0.0,overlap_coef,all,froi
261,Events2move,language,LH_MID3,LH_AntTemp,0.0,overlap_coef,all,froi
261,Events2move,language,LH_MID3,LH_PostTemp,0.0,overlap_coef,all,froi
261,Events2move,language,LH_MID3,LH_AngG,0.0,overlap_coef,all,froi
261,Events2move,language,LH_F4,LH_IFGorb,0.0,overlap_coef,all,froi
261,Events2move,language,LH_F4,LH_IFG,0.0,overlap_coef,all,froi
261,Events2move,language,LH_F4,LH_MFG,0.0,overlap_coef,all,froi
261,Events2move,language,LH_F4,LH_AntTemp,0.0,overlap_coef,all,froi
261,Events2move,language,LH_F4,LH_PostTemp,0.0,overlap_coef,all,froi
261,Events2move,language,LH_F4,LH_AngG,0.0,overlap_coef,all,froi
261,Events2move,language,RH_Cer2,LH_IFGorb,0.0,overlap_coef,all,froi
261,Events2move,language,RH_Cer2,LH_IFG,0.0,overlap_coef,all,froi
261,Events2move,language,RH_Cer2,LH_MFG,0.0,overlap_coef,all,froi
261,Events2move,language,RH_Cer2,LH_AntTemp,0.0,overlap_coef,all,froi
261,Events2move,language,RH_Cer2,LH_PostTemp,0.0,overlap_coef,all,froi
261,Events2move,language,RH_Cer2,LH_AngG,0.0,overlap_coef,all,froi
261,Events2move,language,LH_F3,LH_IFGorb,0.0,overlap_coef,all,froi
261,Events2move,language,LH_F3,LH_IFG,0.0,overlap_coef,all,froi
261,Events2move,language,LH_F3,LH_MFG,0.0,overlap_coef,all,froi
261,Events2move,language,LH_F3,LH_AntTemp,0.0,overlap_coef,all,froi
261,Events2move,language,LH_F3,LH_PostTemp,0.0,overlap_coef,all,froi
261,Events2move,language,LH_F3,LH_AngG,0.0,overlap_coef,all,froi
261,Events2move,language,LH_F5,LH_IFGorb,0.0,overlap_coef,all,froi
261,Events2move,language,LH_F5,LH_IFG,0.0,overlap_coef,all,froi
261,Events2move,language,LH_F5,LH_MFG,0.0,overlap_coef,all,froi
261,Events2move,language,LH_F5,LH_AntTemp,0.0,overlap_coef,all,froi
261,Events2move,language,LH_F5,LH_PostTemp,0.0,overlap_coef,all,froi
261,Events2move,language,LH_F5,LH_AngG,0.0,overlap_coef,all,froi
261,Events2move,md,LH_F2,LH_postParietal,0.0,overlap_coef,all,froi
261,Events2move,md,LH_F2,LH_midParietal,0.0,overlap_coef,all,froi
261,Events2move,md,LH_F2,LH_antParietal,0.0,overlap_coef,all,froi
261,Events2move,md,LH_F2,LH_supFrontal,0.0,overlap_coef,all,froi
261,Events2move,md,LH_F2,LH_Precentral_A_precG,0.006944444444444444,overlap_coef,all,froi
261,Events2move,md,LH_F2,LH_Precentral_B_IFGop,0.29411764705882354,overlap_coef,all,froi
261,Events2move,md,LH_F2,LH_midFrontal,0.009852216748768473,overlap_coef,all,froi
261,Events2move,md,LH_F2,LH_midFrontalOrb,0.0,overlap_coef,all,froi
261,Events2move,md,LH_F2,LH_insula,0.0,overlap_coef,all,froi
261,Events2move,md,LH_F2,LH_medialFrontal,0.0,overlap_coef,all,froi
261,Events2move,md,LH_F1,LH_postParietal,0.0,overlap_coef,all,froi
261,Events2move,md,LH_F1,LH_midParietal,0.0,overlap_coef,all,froi
261,Events2move,md,LH_F1,LH_antParietal,0.0,overlap_coef,all,froi
261,Events2move,md,LH_F1,LH_supFrontal,0.0,overlap_coef,all,froi
261,Events2move,md,LH_F1,LH_Precentral_A_precG,0.0,overlap_coef,all,froi
261,Events2move,md,LH_F1,LH_Precentral_B_IFGop,0.0,overlap_coef,all,froi
261,Events2move,md,LH_F1,LH_midFrontal,0.0,overlap_coef,all,froi
261,Events2move,md,LH_F1,LH_midFrontalOrb,0.0,overlap_coef,all,froi
261,Events2move,md,LH_F1,LH_insula,0.0,overlap_coef,all,froi
261,Events2move,md,LH_F1,LH_medialFrontal,0.0,overlap_coef,all,froi
261,Events2move,md,LH_TP2,LH_postParietal,0.0,overlap_coef,all,froi
261,Events2move,md,LH_TP2,LH_midParietal,0.0,overlap_coef,all,froi
261,Events2move,md,LH_TP2,LH_antParietal,0.0,overlap_coef,all,froi
261,Events2move,md,LH_TP2,LH_supFrontal,0.0,overlap_coef,all,froi
261,Events2move,md,LH_TP2,LH_Precentral_A_precG,0.0,overlap_coef,all,froi
261,Events2move,md,LH_TP2,LH_Precentral_B_IFGop,0.0,overlap_coef,all,froi
261,Events2move,md,LH_TP2,LH_midFrontal,0.0,overlap_coef,all,froi
261,Events2move,md,LH_TP2,LH_midFrontalOrb,0.0,overlap_coef,all,froi
261,Events2move,md,LH_TP2,LH_insula,0.0,overlap_coef,all,froi
261,Events2move,md,LH_TP2,LH_medialFrontal,0.0,overlap_coef,all,froi
261,Events2move,md,LH_TP3,LH_postParietal,0.0,overlap_coef,all,froi
261,Events2move,md,LH_TP3,LH_midParietal,0.0,overlap_coef,all,froi
261,Events2move,md,LH_TP3,LH_antParietal,0.0,overlap_coef,all,froi
261,Events2move,md,LH_TP3,LH_supFrontal,0.0,overlap_coef,all,froi
261,Events2move,md,LH_TP3,LH_Precentral_A_precG,0.0,overlap_coef,all,froi
261,Events2move,md,LH_TP3,LH_Precentral_B_IFGop,0.0,overlap_coef,all,froi
261,Events2move,md,LH_TP3,LH_midFrontal,0.0,overlap_coef,all,froi
261,Events2move,md,LH_TP3,LH_midFrontalOrb,0.0,overlap_coef,all,froi
261,Events2move,md,LH_TP3,LH_insula,0.0,overlap_coef,all,froi
261,Events2move,md,LH_TP3,LH_medialFrontal,0.0,overlap_coef,all,froi
261,Events2move,md,LH_TP1,LH_postParietal,0.0,overlap_coef,all,froi
261,Events2move,md,LH_TP1,LH_midParietal,0.0,overlap_coef,all,froi
261,Events2move,md,LH_TP1,LH_antParietal,0.0,overlap_coef,all,froi
261,Events2move,md,LH_TP1,LH_supFrontal,0.0,overlap_coef,all,froi
261,Events2move,md,LH_TP1,LH_Precentral_A_precG,0.0,overlap_coef,all,froi
261,Events2move,md,LH_TP1,LH_Precentral_B_IFGop,0.0,overlap_coef,all,froi
261,Events2move,md,LH_TP1,LH_midFrontal,0.0,overlap_coef,all,froi
261,Events2move,md,LH_TP1,LH_midFrontalOrb,0.0,overlap_coef,all,froi
261,Events2move,md,LH_TP1,LH_insula,0.0,overlap_coef,all,froi
261,Events2move,md,LH_TP1,LH_medialFrontal,0.0,overlap_coef,all,froi
261,Events2move,md,LH_TP4,LH_postParietal,0.13675213675213677,overlap_coef,all,froi
261,Events2move,md,LH_TP4,LH_midParietal,0.0,overlap_coef,all,froi
261,Events2move,md,LH_TP4,LH_antParietal,0.0,overlap_coef,all,froi
261,Events2move,md,LH_TP4,LH_supFrontal,0.0,overlap_coef,all,froi
261,Events2move,md,LH_TP4,LH_Precentral_A_precG,0.0,overlap_coef,all,froi
261,Events2move,md,LH_TP4,LH_Precentral_B_IFGop,0.0,overlap_coef,all,froi
261,Events2move,md,LH_TP4,LH_midFrontal,0.0,overlap_coef,all,froi
261,Events2move,md,LH_TP4,LH_midFrontalOrb,0.0,overlap_coef,all,froi
261,Events2move,md,LH_TP4,LH_insula,0.0,overlap_coef,all,froi
261,Events2move,md,LH_TP4,LH_medialFrontal,0.0,overlap_coef,all,froi
261,Events2move,md,RH_Cer1,LH_postParietal,0.0,overlap_coef,all,froi
261,Events2move,md,RH_Cer1,LH_midParietal,0.0,overlap_coef,all,froi
261,Events2move,md,RH_Cer1,LH_antParietal,0.0,overlap_coef,all,froi
261,Events2move,md,RH_Cer1,LH_supFrontal,0.0,overlap_coef,all,froi
261,Events2move,md,RH_Cer1,LH_Precentral_A_precG,0.0,overlap_coef,all,froi
261,Events2move,md,RH_Cer1,LH_Precentral_B_IFGop,0.0,overlap_coef,all,froi
261,Events2move,md,RH_Cer1,LH_midFrontal,0.0,overlap_coef,all,froi
261,Events2move,md,RH_Cer1,LH_midFrontalOrb,0.0,overlap_coef,all,froi
261,Events2move,md,RH_Cer1,LH_insula,0.0,overlap_coef,all,froi
261,Events2move,md,RH_Cer1,LH_medialFrontal,0.0,overlap_coef,all,froi
261,Events2move,md,LH_MID3,LH_postParietal,0.0,overlap_coef,all,froi
261,Events2move,md,LH_MID3,LH_midParietal,0.0,overlap_coef,all,froi
261,Events2move,md,LH_MID3,LH_antParietal,0.0,overlap_coef,all,froi
261,Events2move,md,LH_MID3,LH_supFrontal,0.0,overlap_coef,all,froi
261,Events2move,md,LH_MID3,LH_Precentral_A_precG,0.0,overlap_coef,all,froi
261,Events2move,md,LH_MID3,LH_Precentral_B_IFGop,0.0,overlap_coef,all,froi
261,Events2move,md,LH_MID3,LH_midFrontal,0.0,overlap_coef,all,froi
261,Events2move,md,LH_MID3,LH_midFrontalOrb,0.0,overlap_coef,all,froi
261,Events2move,md,LH_MID3,LH_insula,0.0,overlap_coef,all,froi
261,Events2move,md,LH_MID3,LH_medialFrontal,0.37254901960784315,overlap_coef,all,froi
261,Events2move,md,LH_F4,LH_postParietal,0.0,overlap_coef,all,froi
261,Events2move,md,LH_F4,LH_midParietal,0.0,overlap_coef,all,froi
261,Events2move,md,LH_F4,LH_antParietal,0.0,overlap_coef,all,froi
261,Events2move,md,LH_F4,LH_supFrontal,0.18,overlap_coef,all,froi
261,Events2move,md,LH_F4,LH_Precentral_A_precG,0.0,overlap_coef,all,froi
261,Events2move,md,LH_F4,LH_Precentral_B_IFGop,0.0,overlap_coef,all,froi
261,Events2move,md,LH_F4,LH_midFrontal,0.0,overlap_coef,all,froi
261,Events2move,md,LH_F4,LH_midFrontalOrb,0.0,overlap_coef,all,froi
261,Events2move,md,LH_F4,LH_insula,0.0,overlap_coef,all,froi
261,Events2move,md,LH_F4,LH_medialFrontal,0.0,overlap_coef,all,froi
261,Events2move,md,RH_Cer2,LH_postParietal,0.0,overlap_coef,all,froi
261,Events2move,md,RH_Cer2,LH_midParietal,0.0,overlap_coef,all,froi
261,Events2move,md,RH_Cer2,LH_antParietal,0.0,overlap_coef,all,froi
261,Events2move,md,RH_Cer2,LH_supFrontal,0.0,overlap_coef,all,froi
261,Events2move,md,RH_Cer2,LH_Precentral_A_precG,0.0,overlap_coef,all,froi
261,Events2move,md,RH_Cer2,LH_Precentral_B_IFGop,0.0,overlap_coef,all,froi
261,Events2move,md,RH_Cer2,LH_midFrontal,0.0,overlap_coef,all,froi
261,Events2move,md,RH_Cer2,LH_midFrontalOrb,0.0,overlap_coef,all,froi
261,Events2move,md,RH_Cer2,LH_insula,0.0,overlap_coef,all,froi
261,Events2move,md,RH_Cer2,LH_medialFrontal,0.0,overlap_coef,all,froi
261,Events2move,md,LH_F3,LH_postParietal,0.0,overlap_coef,all,froi
261,Events2move,md,LH_F3,LH_midParietal,0.0,overlap_coef,all,froi
261,Events2move,md,LH_F3,LH_antParietal,0.0,overlap_coef,all,froi
261,Events2move,md,LH_F3,LH_supFrontal,0.0851063829787234,overlap_coef,all,froi
261,Events2move,md,LH_F3,LH_Precentral_A_precG,0.0,overlap_coef,all,froi
261,Events2move,md,LH_F3,LH_Precentral_B_IFGop,0.0,overlap_coef,all,froi
261,Events2move,md,LH_F3,LH_midFrontal,0.0,overlap_coef,all,froi
261,Events2move,md,LH_F3,LH_midFrontalOrb,0.0,overlap_coef,all,froi
261,Events2move,md,LH_F3,LH_insula,0.0,overlap_coef,all,froi
261,Events2move,md,LH_F3,LH_medialFrontal,0.0,overlap_coef,all,froi
261,Events2move,md,LH_F5,LH_postParietal,0.0,overlap_coef,all,froi
261,Events2move,md,LH_F5,LH_midParietal,0.0,overlap_coef,all,froi
261,Events2move,md,LH_F5,LH_antParietal,0.0,overlap_coef,all,froi
261,Events2move,md,LH_F5,LH_supFrontal,0.0,overlap_coef,all,froi
261,Events2move,md,LH_F5,LH_Precentral_A_precG,0.0,overlap_coef,all,froi
261,Events2move,md,LH_F5,LH_Precentral_B_IFGop,0.0,overlap_coef,all,froi
261,Events2move,md,LH_F5,LH_midFrontal,0.0,overlap_coef,all,froi
261,Events2move,md,LH_F5,LH_midFrontalOrb,0.0,overlap_coef,all,froi
261,Events2move,md,LH_F5,LH_insula,0.0,overlap_coef,all,froi
261,Events2move,md,LH_F5,LH_medialFrontal,0.0,overlap_coef,all,froi
261,Events2move,dmn,LH_F2,LH_FrontalMed,0.0,overlap_coef,all,froi
261,Events2move,dmn,LH_F2,LH_PostCing,0.0,overlap_coef,all,froi
261,Events2move,dmn,LH_F2,LH_TPJ,0.0,overlap_coef,all,froi
261,Events2move,dmn,LH_F2,LH_MidCing,0.0,overlap_coef,all,froi
261,Events2move,dmn,LH_F2,LH_STGorInsula,0.0,overlap_coef,all,froi
261,Events2move,dmn,LH_F2,LH_AntTemp,0.0,overlap_coef,all,froi
261,Events2move,dmn,LH_F1,LH_FrontalMed,0.0,overlap_coef,all,froi
261,Events2move,dmn,LH_F1,LH_PostCing,0.0,overlap_coef,all,froi
261,Events2move,dmn,LH_F1,LH_TPJ,0.0,overlap_coef,all,froi
261,Events2move,dmn,LH_F1,LH_MidCing,0.0,overlap_coef,all,froi
261,Events2move,dmn,LH_F1,LH_STGorInsula,0.0,overlap_coef,all,froi
261,Events2move,dmn,LH_F1,LH_AntTemp,0.0,overlap_coef,all,froi
261,Events2move,dmn,LH_TP2,LH_FrontalMed,0.0,overlap_coef,all,froi
261,Events2move,dmn,LH_TP2,LH_PostCing,0.0,overlap_coef,all,froi
261,Events2move,dmn,LH_TP2,LH_TPJ,0.0,overlap_coef,all,froi
261,Events2move,dmn,LH_TP2,LH_MidCing,0.0,overlap_coef,all,froi
261,Events2move,dmn,LH_TP2,LH_STGorInsula,0.0,overlap_coef,all,froi
261,Events2move,dmn,LH_TP2,LH_AntTemp,0.0,overlap_coef,all,froi
261,Events2move,dmn,LH_TP3,LH_FrontalMed,0.0,overlap_coef,all,froi
261,Events2move,dmn,LH_TP3,LH_PostCing,0.0,overlap_coef,all,froi
261,Events2move,dmn,LH_TP3,LH_TPJ,0.05405405405405406,overlap_coef,all,froi
261,Events2move,dmn,LH_TP3,LH_MidCing,0.0,overlap_coef,all,froi
261,Events2move,dmn,LH_TP3,LH_STGorInsula,0.0,overlap_coef,all,froi
261,Events2move,dmn,LH_TP3,LH_AntTemp,0.0,overlap_coef,all,froi
261,Events2move,dmn,LH_TP1,LH_FrontalMed,0.0,overlap_coef,all,froi
261,Events2move,dmn,LH_TP1,LH_PostCing,0.0,overlap_coef,all,froi
261,Events2move,dmn,LH_TP1,LH_TPJ,0.0,overlap_coef,all,froi
261,Events2move,dmn,LH_TP1,LH_MidCing,0.0,overlap_coef,all,froi
261,Events2move,dmn,LH_TP1,LH_STGorInsula,0.0,overlap_coef,all,froi
261,Events2move,dmn,LH_TP1,LH_AntTemp,0.0,overlap_coef,all,froi
261,Events2move,dmn,LH_TP4,LH_FrontalMed,0.0,overlap_coef,all,froi
261,Events2move,dmn,LH_TP4,LH_PostCing,0.0,overlap_coef,all,froi
261,Events2move,dmn,LH_TP4,LH_TPJ,0.0,overlap_coef,all,froi
261,Events2move,dmn,LH_TP4,LH_MidCing,0.0,overlap_coef,all,froi
261,Events2move,dmn,LH_TP4,LH_STGorInsula,0.0,overlap_coef,all,froi
261,Events2move,dmn,LH_TP4,LH_AntTemp,0.0,overlap_coef,all,froi
261,Events2move,dmn,RH_Cer1,LH_FrontalMed,0.0,overlap_coef,all,froi
261,Events2move,dmn,RH_Cer1,LH_PostCing,0.0,overlap_coef,all,froi
261,Events2move,dmn,RH_Cer1,LH_TPJ,0.0,overlap_coef,all,froi
261,Events2move,dmn,RH_Cer1,LH_MidCing,0.0,overlap_coef,all,froi
261,Events2move,dmn,RH_Cer1,LH_STGorInsula,0.0,overlap_coef,all,froi
261,Events2move,dmn,RH_Cer1,LH_AntTemp,0.0,overlap_coef,all,froi
261,Events2move,dmn,LH_MID3,LH_FrontalMed,0.0,overlap_coef,all,froi
261,Events2move,dmn,LH_MID3,LH_PostCing,0.0,overlap_coef,all,froi
261,Events2move,dmn,LH_MID3,LH_TPJ,0.0,overlap_coef,all,froi
261,Events2move,dmn,LH_MID3,LH_MidCing,0.0,overlap_coef,all,froi
261,Events2move,dmn,LH_MID3,LH_STGorInsula,0.0,overlap_coef,all,froi
261,Events2move,dmn,LH_MID3,LH_AntTemp,0.0,overlap_coef,all,froi
261,Events2move,dmn,LH_F4,LH_FrontalMed,0.0,overlap_coef,all,froi
261,Events2move,dmn,LH_F4,LH_PostCing,0.0,overlap_coef,all,froi
261,Events2move,dmn,LH_F4,LH_TPJ,0.0,overlap_coef,all,froi
261,Events2move,dmn,LH_F4,LH_MidCing,0.0,overlap_coef,all,froi
261,Events2move,dmn,LH_F4,LH_STGorInsula,0.0,overlap_coef,all,froi
261,Events2move,dmn,LH_F4,LH_AntTemp,0.0,overlap_coef,all,froi
261,Events2move,dmn,RH_Cer2,LH_FrontalMed,0.0,overlap_coef,all,froi
261,Events2move,dmn,RH_Cer2,LH_PostCing,0.0,overlap_coef,all,froi
261,Events2move,dmn,RH_Cer2,LH_TPJ,0.0,overlap_coef,all,froi
261,Events2move,dmn,RH_Cer2,LH_MidCing,0.0,overlap_coef,all,froi
261,Events2move,dmn,RH_Cer2,LH_STGorInsula,0.0,overlap_coef,all,froi
261,Events2move,dmn,RH_Cer2,LH_AntTemp,0.0,overlap_coef,all,froi
261,Events2move,dmn,LH_F3,LH_FrontalMed,0.0,overlap_coef,all,froi
261,Events2move,dmn,LH_F3,LH_PostCing,0.0,overlap_coef,all,froi
261,Events2move,dmn,LH_F3,LH_TPJ,0.0,overlap_coef,all,froi
261,Events2move,dmn,LH_F3,LH_MidCing,0.0,overlap_coef,all,froi
261,Events2move,dmn,LH_F3,LH_STGorInsula,0.0,overlap_coef,all,froi
261,Events2move,dmn,LH_F3,LH_AntTemp,0.0,overlap_coef,all,froi
261,Events2move,dmn,LH_F5,LH_FrontalMed,0.0,overlap_coef,all,froi
261,Events2move,dmn,LH_F5,LH_PostCing,0.0,overlap_coef,all,froi
261,Events2move,dmn,LH_F5,LH_TPJ,0.0,overlap_coef,all,froi
261,Events2move,dmn,LH_F5,LH_MidCing,0.0,overlap_coef,all,froi
261,Events2move,dmn,LH_F5,LH_STGorInsula,0.0,overlap_coef,all,froi
261,Events2move,dmn,LH_F5,LH_AntTemp,0.0,overlap_coef,all,froi
407,Events2move,language,LH_F2,LH_IFGorb,0.0,overlap_coef,all,froi
407,Events2move,language,LH_F2,LH_IFG,0.0,overlap_coef,all,froi
407,Events2move,language,LH_F2,LH_MFG,0.0,overlap_coef,all,froi
407,Events2move,language,LH_F2,LH_AntTemp,0.0,overlap_coef,all,froi
407,Events2move,language,LH_F2,LH_PostTemp,0.0,overlap_coef,all,froi
407,Events2move,language,LH_F2,LH_AngG,0.0,overlap_coef,all,froi
407,Events2move,language,LH_F1,LH_IFGorb,0.10810810810810811,overlap_coef,all,froi
407,Events2move,language,LH_F1,LH_IFG,0.013157894736842105,overlap_coef,all,froi
407,Events2move,language,LH_F1,LH_MFG,0.0,overlap_coef,all,froi
407,Events2move,language,LH_F1,LH_AntTemp,0.0,overlap_coef,all,froi
407,Events2move,language,LH_F1,LH_PostTemp,0.0,overlap_coef,all,froi
407,Events2move,language,LH_F1,LH_AngG,0.0,overlap_coef,all,froi
407,Events2move,language,LH_TP2,LH_IFGorb,0.0,overlap_coef,all,froi
407,Events2move,language,LH_TP2,LH_IFG,0.0,overlap_coef,all,froi
407,Events2move,language,LH_TP2,LH_MFG,0.0,overlap_coef,all,froi
407,Events2move,language,LH_TP2,LH_AntTemp,0.0,overlap_coef,all,froi
407,Events2move,language,LH_TP2,LH_PostTemp,0.23837209302325582,overlap_coef,all,froi
407,Events2move,language,LH_TP2,LH_AngG,0.0,overlap_coef,all,froi
407,Events2move,language,LH_TP3,LH_IFGorb,0.0,overlap_coef,all,froi
407,Events2move,language,LH_TP3,LH_IFG,0.0,overlap_coef,all,froi
407,Events2move,language,LH_TP3,LH_MFG,0.0,overlap_coef,all,froi
407,Events2move,language,LH_TP3,LH_AntTemp,0.0,overlap_coef,all,froi
407,Events2move,language,LH_TP3,LH_PostTemp,0.0,overlap_coef,all,froi
407,Events2move,language,LH_TP3,LH_AngG,0.14864864864864866,overlap_coef,all,froi
407,Events2move,language,LH_TP1,LH_IFGorb,0.0,overlap_coef,all,froi
407,Events2move,language,LH_TP1,LH_IFG,0.0,overlap_coef,all,froi
407,Events2move,language,LH_TP1,LH_MFG,0.0,overlap_coef,all,froi
407,Events2move,language,LH_TP1,LH_AntTemp,0.0,overlap_coef,all,froi
407,Events2move,language,LH_TP1,LH_PostTemp,0.0,overlap_coef,all,froi
407,Events2move,language,LH_TP1,LH_AngG,0.0,overlap_coef,all,froi
407,Events2move,language,LH_TP4,LH_IFGorb,0.0,overlap_coef,all,froi
407,Events2move,language,LH_TP4,LH_IFG,0.0,overlap_coef,all,froi
407,Events2move,language,LH_TP4,LH_MFG,0.0,overlap_coef,all,froi
407,Events2move,language,LH_TP4,LH_AntTemp,0.0,overlap_coef,all,froi
407,Events2move,language,LH_TP4,LH_PostTemp,0.0,overlap_coef,all,froi
407,Events2move,language,LH_TP4,LH_AngG,0.0,overlap_coef,all,froi
407,Events2move,language,RH_Cer1,LH_IFGorb,0.0,overlap_coef,all,froi
407,Events2move,language,RH_Cer1,LH_IFG,0.0,overlap_coef,all,froi
407,Events2move,language,RH_Cer1,LH_MFG,0.0,overlap_coef,all,froi
407,Events2move,language,RH_Cer1,LH_AntTemp,0.0,overlap_coef,all,froi
407,Events2move,language,RH_Cer1,LH_PostTemp,0.0,overlap_coef,all,froi
407,Events2move,language,RH_Cer1,LH_AngG,0.0,overlap_coef,all,froi
407,Events2move,language,LH_MID3,LH_IFGorb,0.0,overlap_coef,all,froi
407,Events2move,language,LH_MID3,LH_IFG,0.0,overlap_coef,all,froi
407,Events2move,language,LH_MID3,LH_MFG,0.0,overlap_coef,all,froi
407,Events2move,language,LH_MID3,LH_AntTemp,0.0,overlap_coef,all,froi
407,Events2move,language,LH_MID3,LH_PostTemp,0.0,overlap_coef,all,froi
407,Events2move,language,LH_MID3,LH_AngG,0.0,overlap_coef,all,froi
407,Events2move,language,LH_F4,LH_IFGorb,0.0,overlap_coef,all,froi
407,Events2move,language,LH_F4,LH_IFG,0.0,overlap_coef,all,froi
407,Events2move,language,LH_F4,LH_MFG,0.0,overlap_coef,all,froi
407,Events2move,language,LH_F4,LH_AntTemp,0.0,overlap_coef,all,froi
407,Events2move,language,LH_F4,LH_PostTemp,0.0,overlap_coef,all,froi
407,Events2move,language,LH_F4,LH_AngG,0.0,overlap_coef,all,froi
407,Events2move,language,RH_Cer2,LH_IFGorb,0.0,overlap_coef,all,froi
407,Events2move,language,RH_Cer2,LH_IFG,0.0,overlap_coef,all,froi
407,Events2move,language,RH_Cer2,LH_MFG,0.0,overlap_coef,all,froi
407,Events2move,language,RH_Cer2,LH_AntTemp,0.0,overlap_coef,all,froi
407,Events2move,language,RH_Cer2,LH_PostTemp,0.0,overlap_coef,all,froi
407,Events2move,language,RH_Cer2,LH_AngG,0.0,overlap_coef,all,froi
407,Events2move,language,LH_F3,LH_IFGorb,0.0,overlap_coef,all,froi
407,Events2move,language,LH_F3,LH_IFG,0.0,overlap_coef,all,froi
407,Events2move,language,LH_F3,LH_MFG,0.0,overlap_coef,all,froi
407,Events2move,language,LH_F3,LH_AntTemp,0.0,overlap_coef,all,froi
407,Events2move,language,LH_F3,LH_PostTemp,0.0,overlap_coef,all,froi
407,Events2move,language,LH_F3,LH_AngG,0.0,overlap_coef,all,froi
407,Events2move,language,LH_F5,LH_IFGorb,0.0,overlap_coef,all,froi
407,Events2move,language,LH_F5,LH_IFG,0.0,overlap_coef,all,froi
407,Events2move,language,LH_F5,LH_MFG,0.0,overlap_coef,all,froi
407,Events2move,language,LH_F5,LH_AntTemp,0.0,overlap_coef,all,froi
407,Events2move,language,LH_F5,LH_PostTemp,0.0,overlap_coef,all,froi
407,Events2move,language,LH_F5,LH_AngG,0.0,overlap_coef,all,froi
407,Events2move,md,LH_F2,LH_postParietal,0.0,overlap_coef,all,froi
407,Events2move,md,LH_F2,LH_midParietal,0.0,overlap_coef,all,froi
407,Events2move,md,LH_F2,LH_antParietal,0.0,overlap_coef,all,froi
407,Events2move,md,LH_F2,LH_supFrontal,0.0,overlap_coef,all,froi
407,Events2move,md,LH_F2,LH_Precentral_A_precG,0.0,overlap_coef,all,froi
407,Events2move,md,LH_F2,LH_Precentral_B_IFGop,0.0,overlap_coef,all,froi
407,Events2move,md,LH_F2,LH_midFrontal,0.06403940886699508,overlap_coef,all,froi
407,Events2move,md,LH_F2,LH_midFrontalOrb,0.0,overlap_coef,all,froi
407,Events2move,md,LH_F2,LH_insula,0.0,overlap_coef,all,froi
407,Events2move,md,LH_F2,LH_medialFrontal,0.0,overlap_coef,all,froi
407,Events2move,md,LH_F1,LH_postParietal,0.0,overlap_coef,all,froi
407,Events2move,md,LH_F1,LH_midParietal,0.0,overlap_coef,all,froi
407,Events2move,md,LH_F1,LH_antParietal,0.0,overlap_coef,all,froi
407,Events2move,md,LH_F1,LH_supFrontal,0.0,overlap_coef,all,froi
407,Events2move,md,LH_F1,LH_Precentral_A_precG,0.0,overlap_coef,all,froi
407,Events2move,md,LH_F1,LH_Precentral_B_IFGop,0.0,overlap_coef,all,froi
407,Events2move,md,LH_F1,LH_midFrontal,0.0,overlap_coef,all,froi
407,Events2move,md,LH_F1,LH_midFrontalOrb,0.0,overlap_coef,all,froi
407,Events2move,md,LH_F1,LH_insula,0.0,overlap_coef,all,froi
407,Events2move,md,LH_F1,LH_medialFrontal,0.0,overlap_coef,all,froi
407,Events2move,md,LH_TP2,LH_postParietal,0.0,overlap_coef,all,froi
407,Events2move,md,LH_TP2,LH_midParietal,0.0,overlap_coef,all,froi
407,Events2move,md,LH_TP2,LH_antParietal,0.0,overlap_coef,all,froi
407,Events2move,md,LH_TP2,LH_supFrontal,0.0,overlap_coef,all,froi
407,Events2move,md,LH_TP2,LH_Precentral_A_precG,0.0,overlap_coef,all,froi
407,Events2move,md,LH_TP2,LH_Precentral_B_IFGop,0.0,overlap_coef,all,froi
407,Events2move,md,LH_TP2,LH_midFrontal,0.0,overlap_coef,all,froi
407,Events2move,md,LH_TP2,LH_midFrontalOrb,0.0,overlap_coef,all,froi
407,Events2move,md,LH_TP2,LH_insula,0.0,overlap_coef,all,froi
407,Events2move,md,LH_TP2,LH_medialFrontal,0.0,overlap_coef,all,froi
407,Events2move,md,LH_TP3,LH_postParietal,0.0,overlap_coef,all,froi
407,Events2move,md,LH_TP3,LH_midParietal,0.0,overlap_coef,all,froi
407,Events2move,md,LH_TP3,LH_antParietal,0.0,overlap_coef,all,froi
407,Events2move,md,LH_TP3,LH_supFrontal,0.0,overlap_coef,all,froi
407,Events2move,md,LH_TP3,LH_Precentral_A_precG,0.0,overlap_coef,all,froi
407,Events2move,md,LH_TP3,LH_Precentral_B_IFGop,0.0,overlap_coef,all,froi
407,Events2move,md,LH_TP3,LH_midFrontal,0.0,overlap_coef,all,froi
407,Events2move,md,LH_TP3,LH_midFrontalOrb,0.0,overlap_coef,all,froi
407,Events2move,md,LH_TP3,LH_insula,0.0,overlap_coef,all,froi
407,Events2move,md,LH_TP3,LH_medialFrontal,0.0,overlap_coef,all,froi
407,Events2move,md,LH_TP1,LH_postParietal,0.0,overlap_coef,all,froi
407,Events2move,md,LH_TP1,LH_midParietal,0.0,overlap_coef,all,froi
407,Events2move,md,LH_TP1,LH_antParietal,0.0,overlap_coef,all,froi
407,Events2move,md,LH_TP1,LH_supFrontal,0.0,overlap_coef,all,froi
407,Events2move,md,LH_TP1,LH_Precentral_A_precG,0.0,overlap_coef,all,froi
407,Events2move,md,LH_TP1,LH_Precentral_B_IFGop,0.0,overlap_coef,all,froi
407,Events2move,md,LH_TP1,LH_midFrontal,0.0,overlap_coef,all,froi
407,Events2move,md,LH_TP1,LH_midFrontalOrb,0.0,overlap_coef,all,froi
407,Events2move,md,LH_TP1,LH_insula,0.0,overlap_coef,all,froi
407,Events2move,md,LH_TP1,LH_medialFrontal,0.0,overlap_coef,all,froi
407,Events2move,md,LH_TP4,LH_postParietal,0.06837606837606838,overlap_coef,all,froi
407,Events2move,md,LH_TP4,LH_midParietal,0.0,overlap_coef,all,froi
407,Events2move,md,LH_TP4,LH_antParietal,0.0,overlap_coef,all,froi
407,Events2move,md,LH_TP4,LH_supFrontal,0.0,overlap_coef,all,froi
407,Events2move,md,LH_TP4,LH_Precentral_A_precG,0.0,overlap_coef,all,froi
407,Events2move,md,LH_TP4,LH_Precentral_B_IFGop,0.0,overlap_coef,all,froi
407,Events2move,md,LH_TP4,LH_midFrontal,0.0,overlap_coef,all,froi
407,Events2move,md,LH_TP4,LH_midFrontalOrb,0.0,overlap_coef,all,froi
407,Events2move,md,LH_TP4,LH_insula,0.0,overlap_coef,all,froi
407,Events2move,md,LH_TP4,LH_medialFrontal,0.0,overlap_coef,all,froi
407,Events2move,md,RH_Cer1,LH_postParietal,0.0,overlap_coef,all,froi
407,Events2move,md,RH_Cer1,LH_midParietal,0.0,overlap_coef,all,froi
407,Events2move,md,RH_Cer1,LH_antParietal,0.0,overlap_coef,all,froi
407,Events2move,md,RH_Cer1,LH_supFrontal,0.0,overlap_coef,all,froi
407,Events2move,md,RH_Cer1,LH_Precentral_A_precG,0.0,overlap_coef,all,froi
407,Events2move,md,RH_Cer1,LH_Precentral_B_IFGop,0.0,overlap_coef,all,froi
407,Events2move,md,RH_Cer1,LH_midFrontal,0.0,overlap_coef,all,froi
407,Events2move,md,RH_Cer1,LH_midFrontalOrb,0.0,overlap_coef,all,froi
407,Events2move,md,RH_Cer1,LH_insula,0.0,overlap_coef,all,froi
407,Events2move,md,RH_Cer1,LH_medialFrontal,0.0,overlap_coef,all,froi
407,Events2move,md,LH_MID3,LH_postParietal,0.0,overlap_coef,all,froi
407,Events2move,md,LH_MID3,LH_midParietal,0.0,overlap_coef,all,froi
407,Events2move,md,LH_MID3,LH_antParietal,0.0,overlap_coef,all,froi
407,Events2move,md,LH_MID3,LH_supFrontal,0.0,overlap_coef,all,froi
407,Events2move,md,LH_MID3,LH_Precentral_A_precG,0.0,overlap_coef,all,froi
407,Events2move,md,LH_MID3,LH_Precentral_B_IFGop,0.0,overlap_coef,all,froi
407,Events2move,md,LH_MID3,LH_midFrontal,0.0,overlap_coef,all,froi
407,Events2move,md,LH_MID3,LH_midFrontalOrb,0.0,overlap_coef,all,froi
407,Events2move,md,LH_MID3,LH_insula,0.0,overlap_coef,all,froi
407,Events2move,md,LH_MID3,LH_medialFrontal,0.0392156862745098,overlap_coef,all,froi
407,Events2move,md,LH_F4,LH_postParietal,0.0,overlap_coef,all,froi
407,Events2move,md,LH_F4,LH_midParietal,0.0,overlap_coef,all,froi
407,Events2move,md,LH_F4,LH_antParietal,0.0,overlap_coef,all,froi
407,Events2move,md,LH_F4,LH_supFrontal,0.12,overlap_coef,all,froi
407,Events2move,md,LH_F4,LH_Precentral_A_precG,0.02,overlap_coef,all,froi
407,Events2move,md,LH_F4,LH_Precentral_B_IFGop,0.0,overlap_coef,all,froi
407,Events2move,md,LH_F4,LH_midFrontal,0.0,overlap_coef,all,froi
407,Events2move,md,LH_F4,LH_midFrontalOrb,0.0,overlap_coef,all,froi
407,Events2move,md,LH_F4,LH_insula,0.0,overlap_coef,all,froi
407,Events2move,md,LH_F4,LH_medialFrontal,0.0,overlap_coef,all,froi
407,Events2move,md,RH_Cer2,LH_postParietal,0.0,overlap_coef,all,froi
407,Events2move,md,RH_Cer2,LH_midParietal,0.0,overlap_coef,all,froi
407,Events2move,md,RH_Cer2,LH_antParietal,0.0,overlap_coef,all,froi
407,Events2move,md,RH_Cer2,LH_supFrontal,0.0,overlap_coef,all,froi
407,Events2move,md,RH_Cer2,LH_Precentral_A_precG,0.0,overlap_coef,all,froi
407,Events2move,md,RH_Cer2,LH_Precentral_B_IFGop,0.0,overlap_coef,all,froi
407,Events2move,md,RH_Cer2,LH_midFrontal,0.0,overlap_coef,all,froi
407,Events2move,md,RH_Cer2,LH_midFrontalOrb,0.0,overlap_coef,all,froi
407,Events2move,md,RH_Cer2,LH_insula,0.0,overlap_coef,all,froi
407,Events2move,md,RH_Cer2,LH_medialFrontal,0.0,overlap_coef,all,froi
407,Events2move,md,LH_F3,LH_postParietal,0.0,overlap_coef,all,froi
407,Events2move,md,LH_F3,LH_midParietal,0.0,overlap_coef,all,froi
407,Events2move,md,LH_F3,LH_antParietal,0.0,overlap_coef,all,froi
407,Events2move,md,LH_F3,LH_supFrontal,0.0,overlap_coef,all,froi
407,Events2move,md,LH_F3,LH_Precentral_A_precG,0.0,overlap_coef,all,froi
407,Events2move,md,LH_F3,LH_Precentral_B_IFGop,0.0,overlap_coef,all,froi
407,Events2move,md,LH_F3,LH_midFrontal,0.0,overlap_coef,all,froi
407,Events2move,md,LH_F3,LH_midFrontalOrb,0.0,overlap_coef,all,froi
407,Events2move,md,LH_F3,LH_insula,0.0,overlap_coef,all,froi
407,Events2move,md,LH_F3,LH_medialFrontal,0.0,overlap_coef,all,froi
407,Events2move,md,LH_F5,LH_postParietal,0.0,overlap_coef,all,froi
407,Events2move,md,LH_F5,LH_midParietal,0.0,overlap_coef,all,froi
407,Events2move,md,LH_F5,LH_antParietal,0.0,overlap_coef,all,froi
407,Events2move,md,LH_F5,LH_supFrontal,0.0,overlap_coef,all,froi
407,Events2move,md,LH_F5,LH_Precentral_A_precG,0.0,overlap_coef,all,froi
407,Events2move,md,LH_F5,LH_Precentral_B_IFGop,0.0,overlap_coef,all,froi
407,Events2move,md,LH_F5,LH_midFrontal,0.0,overlap_coef,all,froi
407,Events2move,md,LH_F5,LH_midFrontalOrb,0.0,overlap_coef,all,froi
407,Events2move,md,LH_F5,LH_insula,0.0,overlap_coef,all,froi
407,Events2move,md,LH_F5,LH_medialFrontal,0.0,overlap_coef,all,froi
407,Events2move,dmn,LH_F2,LH_FrontalMed,0.0,overlap_coef,all,froi
407,Events2move,dmn,LH_F2,LH_PostCing,0.0,overlap_coef,all,froi
407,Events2move,dmn,LH_F2,LH_TPJ,0.0,overlap_coef,all,froi
407,Events2move,dmn,LH_F2,LH_MidCing,0.0,overlap_coef,all,froi
407,Events2move,dmn,LH_F2,LH_STGorInsula,0.0,overlap_coef,all,froi
407,Events2move,dmn,LH_F2,LH_AntTemp,0.0,overlap_coef,all,froi
407,Events2move,dmn,LH_F1,LH_FrontalMed,0.0,overlap_coef,all,froi
407,Events2move,dmn,LH_F1,LH_PostCing,0.0,overlap_coef,all,froi
407,Events2move,dmn,LH_F1,LH_TPJ,0.0,overlap_coef,all,froi
407,Events2move,dmn,LH_F1,LH_MidCing,0.0,overlap_coef,all,froi
407,Events2move,dmn,LH_F1,LH_STGorInsula,0.0,overlap_coef,all,froi
407,Events2move,dmn,LH_F1,LH_AntTemp,0.0,overlap_coef,all,froi
407,Events2move,dmn,LH_TP2,LH_FrontalMed,0.0,overlap_coef,all,froi
407,Events2move,dmn,LH_TP2,LH_PostCing,0.0,overlap_coef,all,froi
407,Events2move,dmn,LH_TP2,LH_TPJ,0.0,overlap_coef,all,froi
407,Events2move,dmn,LH_TP2,LH_MidCing,0.0,overlap_coef,all,froi
407,Events2move,dmn,LH_TP2,LH_STGorInsula,0.0,overlap_coef,all,froi
407,Events2move,dmn,LH_TP2,LH_AntTemp,0.0,overlap_coef,all,froi
407,Events2move,dmn,LH_TP3,LH_FrontalMed,0.0,overlap_coef,all,froi
407,Events2move,dmn,LH_TP3,LH_PostCing,0.0,overlap_coef,all,froi
407,Events2move,dmn,LH_TP3,LH_TPJ,0.24324324324324326,overlap_coef,all,froi
407,Events2move,dmn,LH_TP3,LH_MidCing,0.0,overlap_coef,all,froi
407,Events2move,dmn,LH_TP3,LH_STGorInsula,0.0,overlap_coef,all,froi
407,Events2move,dmn,LH_TP3,LH_AntTemp,0.0,overlap_coef,all,froi
407,Events2move,dmn,LH_TP1,LH_FrontalMed,0.0,overlap_coef,all,froi
407,Events2move,dmn,LH_TP1,LH_PostCing,0.0,overlap_coef,all,froi
407,Events2move,dmn,LH_TP1,LH_TPJ,0.0,overlap_coef,all,froi
407,Events2move,dmn,LH_TP1,LH_MidCing,0.0,overlap_coef,all,froi
407,Events2move,dmn,LH_TP1,LH_STGorInsula,0.0,overlap_coef,all,froi
407,Events2move,dmn,LH_TP1,LH_AntTemp,0.0,overlap_coef,all,froi
407,Events2move,dmn,LH_TP4,LH_FrontalMed,0.0,overlap_coef,all,froi
407,Events2move,dmn,LH_TP4,LH_PostCing,0.0,overlap_coef,all,froi
407,Events2move,dmn,LH_TP4,LH_TPJ,0.0,overlap_coef,all,froi
407,Events2move,dmn,LH_TP4,LH_MidCing,0.0,overlap_coef,all,froi
407,Events2move,dmn,LH_TP4,LH_STGorInsula,0.0,overlap_coef,all,froi
407,Events2move,dmn,LH_TP4,LH_AntTemp,0.0,overlap_coef,all,froi
407,Events2move,dmn,RH_Cer1,LH_FrontalMed,0.0,overlap_coef,all,froi
407,Events2move,dmn,RH_Cer1,LH_PostCing,0.0,overlap_coef,all,froi
407,Events2move,dmn,RH_Cer1,LH_TPJ,0.0,overlap_coef,all,froi
407,Events2move,dmn,RH_Cer1,LH_MidCing,0.0,overlap_coef,all,froi
407,Events2move,dmn,RH_Cer1,LH_STGorInsula,0.0,overlap_coef,all,froi
407,Events2move,dmn,RH_Cer1,LH_AntTemp,0.0,overlap_coef,all,froi
407,Events2move,dmn,LH_MID3,LH_FrontalMed,0.0,overlap_coef,all,froi
407,Events2move,dmn,LH_MID3,LH_PostCing,0.0,overlap_coef,all,froi
407,Events2move,dmn,LH_MID3,LH_TPJ,0.0,overlap_coef,all,froi
407,Events2move,dmn,LH_MID3,LH_MidCing,0.0,overlap_coef,all,froi
407,Events2move,dmn,LH_MID3,LH_STGorInsula,0.0,overlap_coef,all,froi
407,Events2move,dmn,LH_MID3,LH_AntTemp,0.0,overlap_coef,all,froi
407,Events2move,dmn,LH_F4,LH_FrontalMed,0.0,overlap_coef,all,froi
407,Events2move,dmn,LH_F4,LH_PostCing,0.0,overlap_coef,all,froi
407,Events2move,dmn,LH_F4,LH_TPJ,0.0,overlap_coef,all,froi
407,Events2move,dmn,LH_F4,LH_MidCing,0.0,overlap_coef,all,froi
407,Events2move,dmn,LH_F4,LH_STGorInsula,0.0,overlap_coef,all,froi
407,Events2move,dmn,LH_F4,LH_AntTemp,0.0,overlap_coef,all,froi
407,Events2move,dmn,RH_Cer2,LH_FrontalMed,0.0,overlap_coef,all,froi
407,Events2move,dmn,RH_Cer2,LH_PostCing,0.0,overlap_coef,all,froi
407,Events2move,dmn,RH_Cer2,LH_TPJ,0.0,overlap_coef,all,froi
407,Events2move,dmn,RH_Cer2,LH_MidCing,0.0,overlap_coef,all,froi
407,Events2move,dmn,RH_Cer2,LH_STGorInsula,0.0,overlap_coef,all,froi
407,Events2move,dmn,RH_Cer2,LH_AntTemp,0.0,overlap_coef,all,froi
407,Events2move,dmn,LH_F3,LH_FrontalMed,0.0,overlap_coef,all,froi
407,Events2move,dmn,LH_F3,LH_PostCing,0.0,overlap_coef,all,froi
407,Events2move,dmn,LH_F3,LH_TPJ,0.0,overlap_coef,all,froi
407,Events2move,dmn,LH_F3,LH_MidCing,0.0,overlap_coef,all,froi
407,Events2move,dmn,LH_F3,LH_STGorInsula,0.0,overlap_coef,all,froi
407,Events2move,dmn,LH_F3,LH_AntTemp,0.0,overlap_coef,all,froi
407,Events2move,dmn,LH_F5,LH_FrontalMed,0.0,overlap_coef,all,froi
407,Events2move,dmn,LH_F5,LH_PostCing,0.0,overlap_coef,all,froi
407,Events2move,dmn,LH_F5,LH_TPJ,0.0,overlap_coef,all,froi
407,Events2move,dmn,LH_F5,LH_MidCing,0.0,overlap_coef,all,froi
407,Events2move,dmn,LH_F5,LH_STGorInsula,0.0,overlap_coef,all,froi
407,Events2move,dmn,LH_F5,LH_AntTemp,0.0,overlap_coef,all,froi
408,Events2move,language,LH_F2,LH_IFGorb,0.0,overlap_coef,all,froi
408,Events2move,language,LH_F2,LH_IFG,0.0,overlap_coef,all,froi
408,Events2move,language,LH_F2,LH_MFG,0.0,overlap_coef,all,froi
408,Events2move,language,LH_F2,LH_AntTemp,0.0,overlap_coef,all,froi
408,Events2move,language,LH_F2,LH_PostTemp,0.0,overlap_coef,all,froi
408,Events2move,language,LH_F2,LH_AngG,0.0,overlap_coef,all,froi
408,Events2move,language,LH_F1,LH_IFGorb,0.02702702702702703,overlap_coef,all,froi
408,Events2move,language,LH_F1,LH_IFG,0.013157894736842105,overlap_coef,all,froi
408,Events2move,language,LH_F1,LH_MFG,0.0,overlap_coef,all,froi
408,Events2move,language,LH_F1,LH_AntTemp,0.0,overlap_coef,all,froi
408,Events2move,language,LH_F1,LH_PostTemp,0.0,overlap_coef,all,froi
408,Events2move,language,LH_F1,LH_AngG,0.0,overlap_coef,all,froi
408,Events2move,language,LH_TP2,LH_IFGorb,0.0,overlap_coef,all,froi
408,Events2move,language,LH_TP2,LH_IFG,0.0,overlap_coef,all,froi
408,Events2move,language,LH_TP2,LH_MFG,0.0,overlap_coef,all,froi
408,Events2move,language,LH_TP2,LH_AntTemp,0.0,overlap_coef,all,froi
408,Events2move,language,LH_TP2,LH_PostTemp,0.36627906976744184,overlap_coef,all,froi
408,Events2move,language,LH_TP2,LH_AngG,0.0,overlap_coef,all,froi
408,Events2move,language,LH_TP3,LH_IFGorb,0.0,overlap_coef,all,froi
408,Events2move,language,LH_TP3,LH_IFG,0.0,overlap_coef,all,froi
408,Events2move,language,LH_TP3,LH_MFG,0.0,overlap_coef,all,froi
408,Events2move,language,LH_TP3,LH_AntTemp,0.0,overlap_coef,all,froi
408,Events2move,language,LH_TP3,LH_PostTemp,0.0,overlap_coef,all,froi
408,Events2move,language,LH_TP3,LH_AngG,0.1891891891891892,overlap_coef,all,froi
408,Events2move,language,LH_TP1,LH_IFGorb,0.0,overlap_coef,all,froi
408,Events2move,language,LH_TP1,LH_IFG,0.0,overlap_coef,all,froi
408,Events2move,language,LH_TP1,LH_MFG,0.0,overlap_coef,all,froi
408,Events2move,language,LH_TP1,LH_AntTemp,0.0,overlap_coef,all,froi
408,Events2move,language,LH_TP1,LH_PostTemp,0.0,overlap_coef,all,froi
408,Events2move,language,LH_TP1,LH_AngG,0.0,overlap_coef,all,froi
408,Events2move,language,LH_TP4,LH_IFGorb,0.0,overlap_coef,all,froi
408,Events2move,language,LH_TP4,LH_IFG,0.0,overlap_coef,all,froi
408,Events2move,language,LH_TP4,LH_MFG,0.0,overlap_coef,all,froi
408,Events2move,language,LH_TP4,LH_AntTemp,0.0,overlap_coef,all,froi
408,Events2move,language,LH_TP4,LH_PostTemp,0.0,overlap_coef,all,froi
408,Events2move,language,LH_TP4,LH_AngG,0.0,overlap_coef,all,froi
408,Events2move,language,RH_Cer1,LH_IFGorb,0.0,overlap_coef,all,froi
408,Events2move,language,RH_Cer1,LH_IFG,0.0,overlap_coef,all,froi
408,Events2move,language,RH_Cer1,LH_MFG,0.0,overlap_coef,all,froi
408,Events2move,language,RH_Cer1,LH_AntTemp,0.0,overlap_coef,all,froi
408,Events2move,language,RH_Cer1,LH_PostTemp,0.0,overlap_coef,all,froi
408,Events2move,language,RH_Cer1,LH_AngG,0.0,overlap_coef,all,froi
408,Events2move,language,LH_MID3,LH_IFGorb,0.0,overlap_coef,all,froi
408,Events2move,language,LH_MID3,LH_IFG,0.0,overlap_coef,all,froi
408,Events2move,language,LH_MID3,LH_MFG,0.0,overlap_coef,all,froi
408,Events2move,language,LH_MID3,LH_AntTemp,0.0,overlap_coef,all,froi
408,Events2move,language,LH_MID3,LH_PostTemp,0.0,overlap_coef,all,froi
408,Events2move,language,LH_MID3,LH_AngG,0.0,overlap_coef,all,froi
408,Events2move,language,LH_F4,LH_IFGorb,0.0,overlap_coef,all,froi
408,Events2move,language,LH_F4,LH_IFG,0.0,overlap_coef,all,froi
408,Events2move,language,LH_F4,LH_MFG,0.0,overlap_coef,all,froi
408,Events2move,language,LH_F4,LH_AntTemp,0.0,overlap_coef,all,froi
408,Events2move,language,LH_F4,LH_PostTemp,0.0,overlap_coef,all,froi
408,Events2move,language,LH_F4,LH_AngG,0.0,overlap_coef,all,froi
408,Events2move,language,RH_Cer2,LH_IFGorb,0.0,overlap_coef,all,froi
408,Events2move,language,RH_Cer2,LH_IFG,0.0,overlap_coef,all,froi
408,Events2move,language,RH_Cer2,LH_MFG,0.0,overlap_coef,all,froi
408,Events2move,language,RH_Cer2,LH_AntTemp,0.0,overlap_coef,all,froi
408,Events2move,language,RH_Cer2,LH_PostTemp,0.0,overlap_coef,all,froi
408,Events2move,language,RH_Cer2,LH_AngG,0.0,overlap_coef,all,froi
408,Events2move,language,LH_F3,LH_IFGorb,0.0,overlap_coef,all,froi
408,Events2move,language,LH_F3,LH_IFG,0.0,overlap_coef,all,froi
408,Events2move,language,LH_F3,LH_MFG,0.0,overlap_coef,all,froi
408,Events2move,language,LH_F3,LH_AntTemp,0.0,overlap_coef,all,froi
408,Events2move,language,LH_F3,LH_PostTemp,0.0,overlap_coef,all,froi
408,Events2move,language,LH_F3,LH_AngG,0.0,overlap_coef,all,froi
408,Events2move,language,LH_F5,LH_IFGorb,0.0,overlap_coef,all,froi
408,Events2move,language,LH_F5,LH_IFG,0.0,overlap_coef,all,froi
408,Events2move,language,LH_F5,LH_MFG,0.0,overlap_coef,all,froi
408,Events2move,language,LH_F5,LH_AntTemp,0.0,overlap_coef,all,froi
408,Events2move,language,LH_F5,LH_PostTemp,0.0,overlap_coef,all,froi
408,Events2move,language,LH_F5,LH_AngG,0.0,overlap_coef,all,froi
408,Events2move,md,LH_F2,LH_postParietal,0.0,overlap_coef,all,froi
408,Events2move,md,LH_F2,LH_midParietal,0.0,overlap_coef,all,froi
408,Events2move,md,LH_F2,LH_antParietal,0.0,overlap_coef,all,froi
408,Events2move,md,LH_F2,LH_supFrontal,0.0,overlap_coef,all,froi
408,Events2move,md,LH_F2,LH_Precentral_A_precG,0.0,overlap_coef,all,froi
408,Events2move,md,LH_F2,LH_Precentral_B_IFGop,0.0,overlap_coef,all,froi
408,Events2move,md,LH_F2,LH_midFrontal,0.0,overlap_coef,all,froi
408,Events2move,md,LH_F2,LH_midFrontalOrb,0.0,overlap_coef,all,froi
408,Events2move,md,LH_F2,LH_insula,0.0,overlap_coef,all,froi
408,Events2move,md,LH_F2,LH_medialFrontal,0.0,overlap_coef,all,froi
408,Events2move,md,LH_F1,LH_postParietal,0.0,overlap_coef,all,froi
408,Events2move,md,LH_F1,LH_midParietal,0.0,overlap_coef,all,froi
408,Events2move,md,LH_F1,LH_antParietal,0.0,overlap_coef,all,froi
408,Events2move,md,LH_F1,LH_supFrontal,0.0,overlap_coef,all,froi
408,Events2move,md,LH_F1,LH_Precentral_A_precG,0.0,overlap_coef,all,froi
408,Events2move,md,LH_F1,LH_Precentral_B_IFGop,0.0,overlap_coef,all,froi
408,Events2move,md,LH_F1,LH_midFrontal,0.013888888888888888,overlap_coef,all,froi
408,Events2move,md,LH_F1,LH_midFrontalOrb,0.006944444444444444,overlap_coef,all,froi
408,Events2move,md,LH_F1,LH_insula,0.0,overlap_coef,all,froi
408,Events2move,md,LH_F1,LH_medialFrontal,0.0,overlap_coef,all,froi
408,Events2move,md,LH_TP2,LH_postParietal,0.0,overlap_coef,all,froi
408,Events2move,md,LH_TP2,LH_midParietal,0.0,overlap_coef,all,froi
408,Events2move,md,LH_TP2,LH_antParietal,0.0,overlap_coef,all,froi
408,Events2move,md,LH_TP2,LH_supFrontal,0.0,overlap_coef,all,froi
408,Events2move,md,LH_TP2,LH_Precentral_A_precG,0.0,overlap_coef,all,froi
408,Events2move,md,LH_TP2,LH_Precentral_B_IFGop,0.0,overlap_coef,all,froi
408,Events2move,md,LH_TP2,LH_midFrontal,0.0,overlap_coef,all,froi
408,Events2move,md,LH_TP2,LH_midFrontalOrb,0.0,overlap_coef,all,froi
408,Events2move,md,LH_TP2,LH_insula,0.0,overlap_coef,all,froi
408,Events2move,md,LH_TP2,LH_medialFrontal,0.0,overlap_coef,all,froi
408,Events2move,md,LH_TP3,LH_postParietal,0.0,overlap_coef,all,froi
408,Events2move,md,LH_TP3,LH_midParietal,0.0,overlap_coef,all,froi
408,Events2move,md,LH_TP3,LH_antParietal,0.0,overlap_coef,all,froi
408,Events2move,md,LH_TP3,LH_supFrontal,0.0,overlap_coef,all,froi
408,Events2move,md,LH_TP3,LH_Precentral_A_precG,0.0,overlap_coef,all,froi
408,Events2move,md,LH_TP3,LH_Precentral_B_IFGop,0.0,overlap_coef,all,froi
408,Events2move,md,LH_TP3,LH_midFrontal,0.0,overlap_coef,all,froi
408,Events2move,md,LH_TP3,LH_midFrontalOrb,0.0,overlap_coef,all,froi
408,Events2move,md,LH_TP3,LH_insula,0.0,overlap_coef,all,froi
408,Events2move,md,LH_TP3,LH_medialFrontal,0.0,overlap_coef,all,froi
408,Events2move,md,LH_TP1,LH_postParietal,0.0,overlap_coef,all,froi
408,Events2move,md,LH_TP1,LH_midParietal,0.0,overlap_coef,all,froi
408,Events2move,md,LH_TP1,LH_antParietal,0.0,overlap_coef,all,froi
408,Events2move,md,LH_TP1,LH_supFrontal,0.0,overlap_coef,all,froi
408,Events2move,md,LH_TP1,LH_Precentral_A_precG,0.0,overlap_coef,all,froi
408,Events2move,md,LH_TP1,LH_Precentral_B_IFGop,0.0,overlap_coef,all,froi
408,Events2move,md,LH_TP1,LH_midFrontal,0.0,overlap_coef,all,froi
408,Events2move,md,LH_TP1,LH_midFrontalOrb,0.0,overlap_coef,all,froi
408,Events2move,md,LH_TP1,LH_insula,0.0,overlap_coef,all,froi
408,Events2move,md,LH_TP1,LH_medialFrontal,0.0,overlap_coef,all,froi
408,Events2move,md,LH_TP4,LH_postParietal,0.0,overlap_coef,all,froi
408,Events2move,md,LH_TP4,LH_midParietal,0.0,overlap_coef,all,froi
408,Events2move,md,LH_TP4,LH_antParietal,0.0,overlap_coef,all,froi
408,Events2move,md,LH_TP4,LH_supFrontal,0.0,overlap_coef,all,froi
408,Events2move,md,LH_TP4,LH_Precentral_A_precG,0.0,overlap_coef,all,froi
408,Events2move,md,LH_TP4,LH_Precentral_B_IFGop,0.0,overlap_coef,all,froi
408,Events2move,md,LH_TP4,LH_midFrontal,0.0,overlap_coef,all,froi
408,Events2move,md,LH_TP4,LH_midFrontalOrb,0.0,overlap_coef,all,froi
408,Events2move,md,LH_TP4,LH_insula,0.0,overlap_coef,all,froi
408,Events2move,md,LH_TP4,LH_medialFrontal,0.0,overlap_coef,all,froi
408,Events2move,md,RH_Cer1,LH_postParietal,0.0,overlap_coef,all,froi
408,Events2move,md,RH_Cer1,LH_midParietal,0.0,overlap_coef,all,froi
408,Events2move,md,RH_Cer1,LH_antParietal,0.0,overlap_coef,all,froi
408,Events2move,md,RH_Cer1,LH_supFrontal,0.0,overlap_coef,all,froi
408,Events2move,md,RH_Cer1,LH_Precentral_A_precG,0.0,overlap_coef,all,froi
408,Events2move,md,RH_Cer1,LH_Precentral_B_IFGop,0.0,overlap_coef,all,froi
408,Events2move,md,RH_Cer1,LH_midFrontal,0.0,overlap_coef,all,froi
408,Events2move,md,RH_Cer1,LH_midFrontalOrb,0.0,overlap_coef,all,froi
408,Events2move,md,RH_Cer1,LH_insula,0.0,overlap_coef,all,froi
408,Events2move,md,RH_Cer1,LH_medialFrontal,0.0,overlap_coef,all,froi
408,Events2move,md,LH_MID3,LH_postParietal,0.0,overlap_coef,all,froi
408,Events2move,md,LH_MID3,LH_midParietal,0.0,overlap_coef,all,froi
408,Events2move,md,LH_MID3,LH_antParietal,0.0,overlap_coef,all,froi
408,Events2move,md,LH_MID3,LH_supFrontal,0.0,overlap_coef,all,froi
408,Events2move,md,LH_MID3,LH_Precentral_A_precG,0.0,overlap_coef,all,froi
408,Events2move,md,LH_MID3,LH_Precentral_B_IFGop,0.0,overlap_coef,all,froi
408,Events2move,md,LH_MID3,LH_midFrontal,0.0,overlap_coef,all,froi
408,Events2move,md,LH_MID3,LH_midFrontalOrb,0.0,overlap_coef,all,froi
408,Events2move,md,LH_MID3,LH_insula,0.0,overlap_coef,all,froi
408,Events2move,md,LH_MID3,LH_medialFrontal,0.17647058823529413,overlap_coef,all,froi
408,Events2move,md,LH_F4,LH_postParietal,0.0,overlap_coef,all,froi
408,Events2move,md,LH_F4,LH_midParietal,0.0,overlap_coef,all,froi
408,Events2move,md,LH_F4,LH_antParietal,0.0,overlap_coef,all,froi
408,Events2move,md,LH_F4,LH_supFrontal,0.0,overlap_coef,all,froi
408,Events2move,md,LH_F4,LH_Precentral_A_precG,0.0,overlap_coef,all,froi
408,Events2move,md,LH_F4,LH_Precentral_B_IFGop,0.0,overlap_coef,all,froi
408,Events2move,md,LH_F4,LH_midFrontal,0.0,overlap_coef,all,froi
408,Events2move,md,LH_F4,LH_midFrontalOrb,0.0,overlap_coef,all,froi
408,Events2move,md,LH_F4,LH_insula,0.0,overlap_coef,all,froi
408,Events2move,md,LH_F4,LH_medialFrontal,0.0,overlap_coef,all,froi
408,Events2move,md,RH_Cer2,LH_postParietal,0.0,overlap_coef,all,froi
408,Events2move,md,RH_Cer2,LH_midParietal,0.0,overlap_coef,all,froi
408,Events2move,md,RH_Cer2,LH_antParietal,0.0,overlap_coef,all,froi
408,Events2move,md,RH_Cer2,LH_supFrontal,0.0,overlap_coef,all,froi
408,Events2move,md,RH_Cer2,LH_Precentral_A_precG,0.0,overlap_coef,all,froi
408,Events2move,md,RH_Cer2,LH_Precentral_B_IFGop,0.0,overlap_coef,all,froi
408,Events2move,md,RH_Cer2,LH_midFrontal,0.0,overlap_coef,all,froi
408,Events2move,md,RH_Cer2,LH_midFrontalOrb,0.0,overlap_coef,all,froi
408,Events2move,md,RH_Cer2,LH_insula,0.0,overlap_coef,all,froi
408,Events2move,md,RH_Cer2,LH_medialFrontal,0.0,overlap_coef,all,froi
408,Events2move,md,LH_F3,LH_postParietal,0.0,overlap_coef,all,froi
408,Events2move,md,LH_F3,LH_midParietal,0.0,overlap_coef,all,froi
408,Events2move,md,LH_F3,LH_antParietal,0.0,overlap_coef,all,froi
408,Events2move,md,LH_F3,LH_supFrontal,0.0,overlap_coef,all,froi
408,Events2move,md,LH_F3,LH_Precentral_A_precG,0.0,overlap_coef,all,froi
408,Events2move,md,LH_F3,LH_Precentral_B_IFGop,0.0,overlap_coef,all,froi
408,Events2move,md,LH_F3,LH_midFrontal,0.0,overlap_coef,all,froi
408,Events2move,md,LH_F3,LH_midFrontalOrb,0.0,overlap_coef,all,froi
408,Events2move,md,LH_F3,LH_insula,0.0,overlap_coef,all,froi
408,Events2move,md,LH_F3,LH_medialFrontal,0.0,overlap_coef,all,froi
408,Events2move,md,LH_F5,LH_postParietal,0.0,overlap_coef,all,froi
408,Events2move,md,LH_F5,LH_midParietal,0.0,overlap_coef,all,froi
408,Events2move,md,LH_F5,LH_antParietal,0.0,overlap_coef,all,froi
408,Events2move,md,LH_F5,LH_supFrontal,0.0,overlap_coef,all,froi
408,Events2move,md,LH_F5,LH_Precentral_A_precG,0.0,overlap_coef,all,froi
408,Events2move,md,LH_F5,LH_Precentral_B_IFGop,0.0,overlap_coef,all,froi
408,Events2move,md,LH_F5,LH_midFrontal,0.0,overlap_coef,all,froi
408,Events2move,md,LH_F5,LH_midFrontalOrb,0.0,overlap_coef,all,froi
408,Events2move,md,LH_F5,LH_insula,0.0,overlap_coef,all,froi
408,Events2move,md,LH_F5,LH_medialFrontal,0.0,overlap_coef,all,froi
408,Events2move,dmn,LH_F2,LH_FrontalMed,0.0,overlap_coef,all,froi
408,Events2move,dmn,LH_F2,LH_PostCing,0.0,overlap_coef,all,froi
408,Events2move,dmn,LH_F2,LH_TPJ,0.0,overlap_coef,all,froi
408,Events2move,dmn,LH_F2,LH_MidCing,0.0,overlap_coef,all,froi
408,Events2move,dmn,LH_F2,LH_STGorInsula,0.0,overlap_coef,all,froi
408,Events2move,dmn,LH_F2,LH_AntTemp,0.0,overlap_coef,all,froi
408,Events2move,dmn,LH_F1,LH_FrontalMed,0.0,overlap_coef,all,froi
408,Events2move,dmn,LH_F1,LH_PostCing,0.0,overlap_coef,all,froi
408,Events2move,dmn,LH_F1,LH_TPJ,0.0,overlap_coef,all,froi
408,Events2move,dmn,LH_F1,LH_MidCing,0.0,overlap_coef,all,froi
408,Events2move,dmn,LH_F1,LH_STGorInsula,0.0,overlap_coef,all,froi
408,Events2move,dmn,LH_F1,LH_AntTemp,0.0,overlap_coef,all,froi
408,Events2move,dmn,LH_TP2,LH_FrontalMed,0.0,overlap_coef,all,froi
408,Events2move,dmn,LH_TP2,LH_PostCing,0.0,overlap_coef,all,froi
408,Events2move,dmn,LH_TP2,LH_TPJ,0.0,overlap_coef,all,froi
408,Events2move,dmn,LH_TP2,LH_MidCing,0.0,overlap_coef,all,froi
408,Events2move,dmn,LH_TP2,LH_STGorInsula,0.0,overlap_coef,all,froi
408,Events2move,dmn,LH_TP2,LH_AntTemp,0.0,overlap_coef,all,froi
408,Events2move,dmn,LH_TP3,LH_FrontalMed,0.0,overlap_coef,all,froi
408,Events2move,dmn,LH_TP3,LH_PostCing,0.0,overlap_coef,all,froi
408,Events2move,dmn,LH_TP3,LH_TPJ,0.16216216216216217,overlap_coef,all,froi
408,Events2move,dmn,LH_TP3,LH_MidCing,0.0,overlap_coef,all,froi
408,Events2move,dmn,LH_TP3,LH_STGorInsula,0.0,overlap_coef,all,froi
408,Events2move,dmn,LH_TP3,LH_AntTemp,0.0,overlap_coef,all,froi
408,Events2move,dmn,LH_TP1,LH_FrontalMed,0.0,overlap_coef,all,froi
408,Events2move,dmn,LH_TP1,LH_PostCing,0.0,overlap_coef,all,froi
408,Events2move,dmn,LH_TP1,LH_TPJ,0.0,overlap_coef,all,froi
408,Events2move,dmn,LH_TP1,LH_MidCing,0.0,overlap_coef,all,froi
408,Events2move,dmn,LH_TP1,LH_STGorInsula,0.0,overlap_coef,all,froi
408,Events2move,dmn,LH_TP1,LH_AntTemp,0.0,overlap_coef,all,froi
408,Events2move,dmn,LH_TP4,LH_FrontalMed,0.0,overlap_coef,all,froi
408,Events2move,dmn,LH_TP4,LH_PostCing,0.0,overlap_coef,all,froi
408,Events2move,dmn,LH_TP4,LH_TPJ,0.0,overlap_coef,all,froi
408,Events2move,dmn,LH_TP4,LH_MidCing,0.0,overlap_coef,all,froi
408,Events2move,dmn,LH_TP4,LH_STGorInsula,0.0,overlap_coef,all,froi
408,Events2move,dmn,LH_TP4,LH_AntTemp,0.0,overlap_coef,all,froi
408,Events2move,dmn,RH_Cer1,LH_FrontalMed,0.0,overlap_coef,all,froi
408,Events2move,dmn,RH_Cer1,LH_PostCing,0.0,overlap_coef,all,froi
408,Events2move,dmn,RH_Cer1,LH_TPJ,0.0,overlap_coef,all,froi
408,Events2move,dmn,RH_Cer1,LH_MidCing,0.0,overlap_coef,all,froi
408,Events2move,dmn,RH_Cer1,LH_STGorInsula,0.0,overlap_coef,all,froi
408,Events2move,dmn,RH_Cer1,LH_AntTemp,0.0,overlap_coef,all,froi
408,Events2move,dmn,LH_MID3,LH_FrontalMed,0.0,overlap_coef,all,froi
408,Events2move,dmn,LH_MID3,LH_PostCing,0.0,overlap_coef,all,froi
408,Events2move,dmn,LH_MID3,LH_TPJ,0.0,overlap_coef,all,froi
408,Events2move,dmn,LH_MID3,LH_MidCing,0.0,overlap_coef,all,froi
408,Events2move,dmn,LH_MID3,LH_STGorInsula,0.0,overlap_coef,all,froi
408,Events2move,dmn,LH_MID3,LH_AntTemp,0.0,overlap_coef,all,froi
408,Events2move,dmn,LH_F4,LH_FrontalMed,0.0,overlap_coef,all,froi
408,Events2move,dmn,LH_F4,LH_PostCing,0.0,overlap_coef,all,froi
408,Events2move,dmn,LH_F4,LH_TPJ,0.0,overlap_coef,all,froi
408,Events2move,dmn,LH_F4,LH_MidCing,0.0,overlap_coef,all,froi
408,Events2move,dmn,LH_F4,LH_STGorInsula,0.0,overlap_coef,all,froi
408,Events2move,dmn,LH_F4,LH_AntTemp,0.0,overlap_coef,all,froi
408,Events2move,dmn,RH_Cer2,LH_FrontalMed,0.0,overlap_coef,all,froi
408,Events2move,dmn,RH_Cer2,LH_PostCing,0.0,overlap_coef,all,froi
408,Events2move,dmn,RH_Cer2,LH_TPJ,0.0,overlap_coef,all,froi
408,Events2move,dmn,RH_Cer2,LH_MidCing,0.0,overlap_coef,all,froi
408,Events2move,dmn,RH_Cer2,LH_STGorInsula,0.0,overlap_coef,all,froi
408,Events2move,dmn,RH_Cer2,LH_AntTemp,0.0,overlap_coef,all,froi
408,Events2move,dmn,LH_F3,LH_FrontalMed,0.0,overlap_coef,all,froi
408,Events2move,dmn,LH_F3,LH_PostCing,0.0,overlap_coef,all,froi
408,Events2move,dmn,LH_F3,LH_TPJ,0.0,overlap_coef,all,froi
408,Events2move,dmn,LH_F3,LH_MidCing,0.0,overlap_coef,all,froi
408,Events2move,dmn,LH_F3,LH_STGorInsula,0.0,overlap_coef,all,froi
408,Events2move,dmn,LH_F3,LH_AntTemp,0.0,overlap_coef,all,froi
408,Events2move,dmn,LH_F5,LH_FrontalMed,0.0,overlap_coef,all,froi
408,Events2move,dmn,LH_F5,LH_PostCing,0.0,overlap_coef,all,froi
408,Events2move,dmn,LH_F5,LH_TPJ,0.0,overlap_coef,all,froi
408,Events2move,dmn,LH_F5,LH_MidCing,0.0,overlap_coef,all,froi
408,Events2move,dmn,LH_F5,LH_STGorInsula,0.0,overlap_coef,all,froi
408,Events2move,dmn,LH_F5,LH_AntTemp,0.0,overlap_coef,all,froi
409,Events2move,language,LH_F2,LH_IFGorb,0.0,overlap_coef,all,froi
409,Events2move,language,LH_F2,LH_IFG,0.02631578947368421,overlap_coef,all,froi
409,Events2move,language,LH_F2,LH_MFG,0.0,overlap_coef,all,froi
409,Events2move,language,LH_F2,LH_AntTemp,0.0,overlap_coef,all,froi
409,Events2move,language,LH_F2,LH_PostTemp,0.0,overlap_coef,all,froi
409,Events2move,language,LH_F2,LH_AngG,0.0,overlap_coef,all,froi
409,Events2move,language,LH_F1,LH_IFGorb,0.16216216216216217,overlap_coef,all,froi
409,Events2move,language,LH_F1,LH_IFG,0.0,overlap_coef,all,froi
409,Events2move,language,LH_F1,LH_MFG,0.0,overlap_coef,all,froi
409,Events2move,language,LH_F1,LH_AntTemp,0.0,overlap_coef,all,froi
409,Events2move,language,LH_F1,LH_PostTemp,0.0,overlap_coef,all,froi
409,Events2move,language,LH_F1,LH_AngG,0.0,overlap_coef,all,froi
409,Events2move,language,LH_TP2,LH_IFGorb,0.0,overlap_coef,all,froi
409,Events2move,language,LH_TP2,LH_IFG,0.0,overlap_coef,all,froi
409,Events2move,language,LH_TP2,LH_MFG,0.0,overlap_coef,all,froi
409,Events2move,language,LH_TP2,LH_AntTemp,0.0,overlap_coef,all,froi
409,Events2move,language,LH_TP2,LH_PostTemp,0.3313953488372093,overlap_coef,all,froi
409,Events2move,language,LH_TP2,LH_AngG,0.0,overlap_coef,all,froi
409,Events2move,language,LH_TP3,LH_IFGorb,0.0,overlap_coef,all,froi
409,Events2move,language,LH_TP3,LH_IFG,0.0,overlap_coef,all,froi
409,Events2move,language,LH_TP3,LH_MFG,0.0,overlap_coef,all,froi
409,Events2move,language,LH_TP3,LH_AntTemp,0.0,overlap_coef,all,froi
409,Events2move,language,LH_TP3,LH_PostTemp,0.013333333333333334,overlap_coef,all,froi
409,Events2move,language,LH_TP3,LH_AngG,0.8783783783783784,overlap_coef,all,froi
409,Events2move,language,LH_TP1,LH_IFGorb,0.0,overlap_coef,all,froi
409,Events2move,language,LH_TP1,LH_IFG,0.0,overlap_coef,all,froi
409,Events2move,language,LH_TP1,LH_MFG,0.0,overlap_coef,all,froi
409,Events2move,language,LH_TP1,LH_AntTemp,0.0,overlap_coef,all,froi
409,Events2move,language,LH_TP1,LH_PostTemp,0.0,overlap_coef,all,froi
409,Events2move,language,LH_TP1,LH_AngG,0.0,overlap_coef,all,froi
409,Events2move,language,LH_TP4,LH_IFGorb,0.0,overlap_coef,all,froi
409,Events2move,language,LH_TP4,LH_IFG,0.0,overlap_coef,all,froi
409,Events2move,language,LH_TP4,LH_MFG,0.0,overlap_coef,all,froi
409,Events2move,language,LH_TP4,LH_AntTemp,0.0,overlap_coef,all,froi
409,Events2move,language,LH_TP4,LH_PostTemp,0.0,overlap_coef,all,froi
409,Events2move,language,LH_TP4,LH_AngG,0.0,overlap_coef,all,froi
409,Events2move,language,RH_Cer1,LH_IFGorb,0.0,overlap_coef,all,froi
409,Events2move,language,RH_Cer1,LH_IFG,0.0,overlap_coef,all,froi
409,Events2move,language,RH_Cer1,LH_MFG,0.0,overlap_coef,all,froi
409,Events2move,language,RH_Cer1,LH_AntTemp,0.0,overlap_coef,all,froi
409,Events2move,language,RH_Cer1,LH_PostTemp,0.0,overlap_coef,all,froi
409,Events2move,language,RH_Cer1,LH_AngG,0.0,overlap_coef,all,froi
409,Events2move,language,LH_MID3,LH_IFGorb,0.0,overlap_coef,all,froi
409,Events2move,language,LH_MID3,LH_IFG,0.0,overlap_coef,all,froi
409,Events2move,language,LH_MID3,LH_MFG,0.0,overlap_coef,all,froi
409,Events2move,language,LH_MID3,LH_AntTemp,0.0,overlap_coef,all,froi
409,Events2move,language,LH_MID3,LH_PostTemp,0.0,overlap_coef,all,froi
409,Events2move,language,LH_MID3,LH_AngG,0.0,overlap_coef,all,froi
409,Events2move,language,LH_F4,LH_IFGorb,0.0,overlap_coef,all,froi
409,Events2move,language,LH_F4,LH_IFG,0.0,overlap_coef,all,froi
409,Events2move,language,LH_F4,LH_MFG,0.0,overlap_coef,all,froi
409,Events2move,language,LH_F4,LH_AntTemp,0.0,overlap_coef,all,froi
409,Events2move,language,LH_F4,LH_PostTemp,0.0,overlap_coef,all,froi
409,Events2move,language,LH_F4,LH_AngG,0.0,overlap_coef,all,froi
409,Events2move,language,RH_Cer2,LH_IFGorb,0.0,overlap_coef,all,froi
409,Events2move,language,RH_Cer2,LH_IFG,0.0,overlap_coef,all,froi
409,Events2move,language,RH_Cer2,LH_MFG,0.0,overlap_coef,all,froi
409,Events2move,language,RH_Cer2,LH_AntTemp,0.0,overlap_coef,all,froi
409,Events2move,language,RH_Cer2,LH_PostTemp,0.0,overlap_coef,all,froi
409,Events2move,language,RH_Cer2,LH_AngG,0.0,overlap_coef,all,froi
409,Events2move,language,LH_F3,LH_IFGorb,0.0,overlap_coef,all,froi
409,Events2move,language,LH_F3,LH_IFG,0.0,overlap_coef,all,froi
409,Events2move,language,LH_F3,LH_MFG,0.0,overlap_coef,all,froi
409,Events2move,language,LH_F3,LH_AntTemp,0.0,overlap_coef,all,froi
409,Events2move,language,LH_F3,LH_PostTemp,0.0,overlap_coef,all,froi
409,Events2move,language,LH_F3,LH_AngG,0.0,overlap_coef,all,froi
409,Events2move,language,LH_F5,LH_IFGorb,0.0,overlap_coef,all,froi
409,Events2move,language,LH_F5,LH_IFG,0.0,overlap_coef,all,froi
409,Events2move,language,LH_F5,LH_MFG,0.0,overlap_coef,all,froi
409,Events2move,language,LH_F5,LH_AntTemp,0.0,overlap_coef,all,froi
409,Events2move,language,LH_F5,LH_PostTemp,0.0,overlap_coef,all,froi
409,Events2move,language,LH_F5,LH_AngG,0.0,overlap_coef,all,froi
409,Events2move,md,LH_F2,LH_postParietal,0.0,overlap_coef,all,froi
409,Events2move,md,LH_F2,LH_midParietal,0.0,overlap_coef,all,froi
409,Events2move,md,LH_F2,LH_antParietal,0.0,overlap_coef,all,froi
409,Events2move,md,LH_F2,LH_supFrontal,0.0,overlap_coef,all,froi
409,Events2move,md,LH_F2,LH_Precentral_A_precG,0.0,overlap_coef,all,froi
409,Events2move,md,LH_F2,LH_Precentral_B_IFGop,0.0,overlap_coef,all,froi
409,Events2move,md,LH_F2,LH_midFrontal,0.0,overlap_coef,all,froi
409,Events2move,md,LH_F2,LH_midFrontalOrb,0.0,overlap_coef,all,froi
409,Events2move,md,LH_F2,LH_insula,0.0,overlap_coef,all,froi
409,Events2move,md,LH_F2,LH_medialFrontal,0.0,overlap_coef,all,froi
409,Events2move,md,LH_F1,LH_postParietal,0.0,overlap_coef,all,froi
409,Events2move,md,LH_F1,LH_midParietal,0.0,overlap_coef,all,froi
409,Events2move,md,LH_F1,LH_antParietal,0.0,overlap_coef,all,froi
409,Events2move,md,LH_F1,LH_supFrontal,0.0,overlap_coef,all,froi
409,Events2move,md,LH_F1,LH_Precentral_A_precG,0.0,overlap_coef,all,froi
409,Events2move,md,LH_F1,LH_Precentral_B_IFGop,0.0,overlap_coef,all,froi
409,Events2move,md,LH_F1,LH_midFrontal,0.0,overlap_coef,all,froi
409,Events2move,md,LH_F1,LH_midFrontalOrb,0.0,overlap_coef,all,froi
409,Events2move,md,LH_F1,LH_insula,0.0,overlap_coef,all,froi
409,Events2move,md,LH_F1,LH_medialFrontal,0.0,overlap_coef,all,froi
409,Events2move,md,LH_TP2,LH_postParietal,0.0,overlap_coef,all,froi
409,Events2move,md,LH_TP2,LH_midParietal,0.0,overlap_coef,all,froi
409,Events2move,md,LH_TP2,LH_antParietal,0.0,overlap_coef,all,froi
409,Events2move,md,LH_TP2,LH_supFrontal,0.0,overlap_coef,all,froi
409,Events2move,md,LH_TP2,LH_Precentral_A_precG,0.0,overlap_coef,all,froi
409,Events2move,md,LH_TP2,LH_Precentral_B_IFGop,0.0,overlap_coef,all,froi
409,Events2move,md,LH_TP2,LH_midFrontal,0.0,overlap_coef,all,froi
409,Events2move,md,LH_TP2,LH_midFrontalOrb,0.0,overlap_coef,all,froi
409,Events2move,md,LH_TP2,LH_insula,0.0,overlap_coef,all,froi
409,Events2move,md,LH_TP2,LH_medialFrontal,0.0,overlap_coef,all,froi
409,Events2move,md,LH_TP3,LH_postParietal,0.0,overlap_coef,all,froi
409,Events2move,md,LH_TP3,LH_midParietal,0.0,overlap_coef,all,froi
409,Events2move,md,LH_TP3,LH_antParietal,0.0,overlap_coef,all,froi
409,Events2move,md,LH_TP3,LH_supFrontal,0.0,overlap_coef,all,froi
409,Events2move,md,LH_TP3,LH_Precentral_A_precG,0.0,overlap_coef,all,froi
409,Events2move,md,LH_TP3,LH_Precentral_B_IFGop,0.0,overlap_coef,all,froi
409,Events2move,md,LH_TP3,LH_midFrontal,0.0,overlap_coef,all,froi
409,Events2move,md,LH_TP3,LH_midFrontalOrb,0.0,overlap_coef,all,froi
409,Events2move,md,LH_TP3,LH_insula,0.0,overlap_coef,all,froi
409,Events2move,md,LH_TP3,LH_medialFrontal,0.0,overlap_coef,all,froi
409,Events2move,md,LH_TP1,LH_postParietal,0.0,overlap_coef,all,froi
409,Events2move,md,LH_TP1,LH_midParietal,0.0,overlap_coef,all,froi
409,Events2move,md,LH_TP1,LH_antParietal,0.0,overlap_coef,all,froi
409,Events2move,md,LH_TP1,LH_supFrontal,0.0,overlap_coef,all,froi
409,Events2move,md,LH_TP1,LH_Precentral_A_precG,0.0,overlap_coef,all,froi
409,Events2move,md,LH_TP1,LH_Precentral_B_IFGop,0.0,overlap_coef,all,froi
409,Events2move,md,LH_TP1,LH_midFrontal,0.0,overlap_coef,all,froi
409,Events2move,md,LH_TP1,LH_midFrontalOrb,0.0,overlap_coef,all,froi
409,Events2move,md,LH_TP1,LH_insula,0.0,overlap_coef,all,froi
409,Events2move,md,LH_TP1,LH_medialFrontal,0.0,overlap_coef,all,froi
409,Events2move,md,LH_TP4,LH_postParietal,0.0,overlap_coef,all,froi
409,Events2move,md,LH_TP4,LH_midParietal,0.0,overlap_coef,all,froi
409,Events2move,md,LH_TP4,LH_antParietal,0.0,overlap_coef,all,froi
409,Events2move,md,LH_TP4,LH_supFrontal,0.0,overlap_coef,all,froi
409,Events2move,md,LH_TP4,LH_Precentral_A_precG,0.0,overlap_coef,all,froi
409,Events2move,md,LH_TP4,LH_Precentral_B_IFGop,0.0,overlap_coef,all,froi
409,Events2move,md,LH_TP4,LH_midFrontal,0.0,overlap_coef,all,froi
409,Events2move,md,LH_TP4,LH_midFrontalOrb,0.0,overlap_coef,all,froi
409,Events2move,md,LH_TP4,LH_insula,0.0,overlap_coef,all,froi
409,Events2move,md,LH_TP4,LH_medialFrontal,0.0,overlap_coef,all,froi
409,Events2move,md,RH_Cer1,LH_postParietal,0.0,overlap_coef,all,froi
409,Events2move,md,RH_Cer1,LH_midParietal,0.0,overlap_coef,all,froi
409,Events2move,md,RH_Cer1,LH_antParietal,0.0,overlap_coef,all,froi
409,Events2move,md,RH_Cer1,LH_supFrontal,0.0,overlap_coef,all,froi
409,Events2move,md,RH_Cer1,LH_Precentral_A_precG,0.0,overlap_coef,all,froi
409,Events2move,md,RH_Cer1,LH_Precentral_B_IFGop,0.0,overlap_coef,all,froi
409,Events2move,md,RH_Cer1,LH_midFrontal,0.0,overlap_coef,all,froi
409,Events2move,md,RH_Cer1,LH_midFrontalOrb,0.0,overlap_coef,all,froi
409,Events2move,md,RH_Cer1,LH_insula,0.0,overlap_coef,all,froi
409,Events2move,md,RH_Cer1,LH_medialFrontal,0.0,overlap_coef,all,froi
409,Events2move,md,LH_MID3,LH_postParietal,0.0,overlap_coef,all,froi
409,Events2move,md,LH_MID3,LH_midParietal,0.0,overlap_coef,all,froi
409,Events2move,md,LH_MID3,LH_antParietal,0.0,overlap_coef,all,froi
409,Events2move,md,LH_MID3,LH_supFrontal,0.0,overlap_coef,all,froi
409,Events2move,md,LH_MID3,LH_Precentral_A_precG,0.0,overlap_coef,all,froi
409,Events2move,md,LH_MID3,LH_Precentral_B_IFGop,0.0,overlap_coef,all,froi
409,Events2move,md,LH_MID3,LH_midFrontal,0.0,overlap_coef,all,froi
409,Events2move,md,LH_MID3,LH_midFrontalOrb,0.0,overlap_coef,all,froi
409,Events2move,md,LH_MID3,LH_insula,0.0,overlap_coef,all,froi
409,Events2move,md,LH_MID3,LH_medialFrontal,0.11764705882352941,overlap_coef,all,froi
409,Events2move,md,LH_F4,LH_postParietal,0.0,overlap_coef,all,froi
409,Events2move,md,LH_F4,LH_midParietal,0.0,overlap_coef,all,froi
409,Events2move,md,LH_F4,LH_antParietal,0.0,overlap_coef,all,froi
409,Events2move,md,LH_F4,LH_supFrontal,0.0,overlap_coef,all,froi
409,Events2move,md,LH_F4,LH_Precentral_A_precG,0.0,overlap_coef,all,froi
409,Events2move,md,LH_F4,LH_Precentral_B_IFGop,0.0,overlap_coef,all,froi
409,Events2move,md,LH_F4,LH_midFrontal,0.0,overlap_coef,all,froi
409,Events2move,md,LH_F4,LH_midFrontalOrb,0.0,overlap_coef,all,froi
409,Events2move,md,LH_F4,LH_insula,0.0,overlap_coef,all,froi
409,Events2move,md,LH_F4,LH_medialFrontal,0.0,overlap_coef,all,froi
409,Events2move,md,RH_Cer2,LH_postParietal,0.0,overlap_coef,all,froi
409,Events2move,md,RH_Cer2,LH_midParietal,0.0,overlap_coef,all,froi
409,Events2move,md,RH_Cer2,LH_antParietal,0.0,overlap_coef,all,froi
409,Events2move,md,RH_Cer2,LH_supFrontal,0.0,overlap_coef,all,froi
409,Events2move,md,RH_Cer2,LH_Precentral_A_precG,0.0,overlap_coef,all,froi
409,Events2move,md,RH_Cer2,LH_Precentral_B_IFGop,0.0,overlap_coef,all,froi
409,Events2move,md,RH_Cer2,LH_midFrontal,0.0,overlap_coef,all,froi
409,Events2move,md,RH_Cer2,LH_midFrontalOrb,0.0,overlap_coef,all,froi
409,Events2move,md,RH_Cer2,LH_insula,0.0,overlap_coef,all,froi
409,Events2move,md,RH_Cer2,LH_medialFrontal,0.0,overlap_coef,all,froi
409,Events2move,md,LH_F3,LH_postParietal,0.0,overlap_coef,all,froi
409,Events2move,md,LH_F3,LH_midParietal,0.0,overlap_coef,all,froi
409,Events2move,md,LH_F3,LH_antParietal,0.0,overlap_coef,all,froi
409,Events2move,md,LH_F3,LH_supFrontal,0.0,overlap_coef,all,froi
409,Events2move,md,LH_F3,LH_Precentral_A_precG,0.0,overlap_coef,all,froi
409,Events2move,md,LH_F3,LH_Precentral_B_IFGop,0.0,overlap_coef,all,froi
409,Events2move,md,LH_F3,LH_midFrontal,0.0,overlap_coef,all,froi
409,Events2move,md,LH_F3,LH_midFrontalOrb,0.0,overlap_coef,all,froi
409,Events2move,md,LH_F3,LH_insula,0.0,overlap_coef,all,froi
409,Events2move,md,LH_F3,LH_medialFrontal,0.0,overlap_coef,all,froi
409,Events2move,md,LH_F5,LH_postParietal,0.0,overlap_coef,all,froi
409,Events2move,md,LH_F5,LH_midParietal,0.0,overlap_coef,all,froi
409,Events2move,md,LH_F5,LH_antParietal,0.0,overlap_coef,all,froi
409,Events2move,md,LH_F5,LH_supFrontal,0.0,overlap_coef,all,froi
409,Events2move,md,LH_F5,LH_Precentral_A_precG,0.0,overlap_coef,all,froi
409,Events2move,md,LH_F5,LH_Precentral_B_IFGop,0.0,overlap_coef,all,froi
409,Events2move,md,LH_F5,LH_midFrontal,0.0,overlap_coef,all,froi
409,Events2move,md,LH_F5,LH_midFrontalOrb,0.0,overlap_coef,all,froi
409,Events2move,md,LH_F5,LH_insula,0.0,overlap_coef,all,froi
409,Events2move,md,LH_F5,LH_medialFrontal,0.0,overlap_coef,all,froi
409,Events2move,dmn,LH_F2,LH_FrontalMed,0.0,overlap_coef,all,froi
409,Events2move,dmn,LH_F2,LH_PostCing,0.0,overlap_coef,all,froi
409,Events2move,dmn,LH_F2,LH_TPJ,0.0,overlap_coef,all,froi
409,Events2move,dmn,LH_F2,LH_MidCing,0.0,overlap_coef,all,froi
409,Events2move,dmn,LH_F2,LH_STGorInsula,0.0,overlap_coef,all,froi
409,Events2move,dmn,LH_F2,LH_AntTemp,0.0,overlap_coef,all,froi
409,Events2move,dmn,LH_F1,LH_FrontalMed,0.0,overlap_coef,all,froi
409,Events2move,dmn,LH_F1,LH_PostCing,0.0,overlap_coef,all,froi
409,Events2move,dmn,LH_F1,LH_TPJ,0.0,overlap_coef,all,froi
409,Events2move,dmn,LH_F1,LH_MidCing,0.0,overlap_coef,all,froi
409,Events2move,dmn,LH_F1,LH_STGorInsula,0.0,overlap_coef,all,froi
409,Events2move,dmn,LH_F1,LH_AntTemp,0.0,overlap_coef,all,froi
409,Events2move,dmn,LH_TP2,LH_FrontalMed,0.0,overlap_coef,all,froi
409,Events2move,dmn,LH_TP2,LH_PostCing,0.0,overlap_coef,all,froi
409,Events2move,dmn,LH_TP2,LH_TPJ,0.0,overlap_coef,all,froi
409,Events2move,dmn,LH_TP2,LH_MidCing,0.0,overlap_coef,all,froi
409,Events2move,dmn,LH_TP2,LH_STGorInsula,0.0,overlap_coef,all,froi
409,Events2move,dmn,LH_TP2,LH_AntTemp,0.0,overlap_coef,all,froi
409,Events2move,dmn,LH_TP3,LH_FrontalMed,0.0,overlap_coef,all,froi
409,Events2move,dmn,LH_TP3,LH_PostCing,0.0,overlap_coef,all,froi
409,Events2move,dmn,LH_TP3,LH_TPJ,0.4864864864864865,overlap_coef,all,froi
409,Events2move,dmn,LH_TP3,LH_MidCing,0.0,overlap_coef,all,froi
409,Events2move,dmn,LH_TP3,LH_STGorInsula,0.0,overlap_coef,all,froi
409,Events2move,dmn,LH_TP3,LH_AntTemp,0.0,overlap_coef,all,froi
409,Events2move,dmn,LH_TP1,LH_FrontalMed,0.0,overlap_coef,all,froi
409,Events2move,dmn,LH_TP1,LH_PostCing,0.0,overlap_coef,all,froi
409,Events2move,dmn,LH_TP1,LH_TPJ,0.0,overlap_coef,all,froi
409,Events2move,dmn,LH_TP1,LH_MidCing,0.0,overlap_coef,all,froi
409,Events2move,dmn,LH_TP1,LH_STGorInsula,0.0,overlap_coef,all,froi
409,Events2move,dmn,LH_TP1,LH_AntTemp,0.0,overlap_coef,all,froi
409,Events2move,dmn,LH_TP4,LH_FrontalMed,0.0,overlap_coef,all,froi
409,Events2move,dmn,LH_TP4,LH_PostCing,0.0,overlap_coef,all,froi
409,Events2move,dmn,LH_TP4,LH_TPJ,0.0,overlap_coef,all,froi
409,Events2move,dmn,LH_TP4,LH_MidCing,0.0,overlap_coef,all,froi
409,Events2move,dmn,LH_TP4,LH_STGorInsula,0.0,overlap_coef,all,froi
409,Events2move,dmn,LH_TP4,LH_AntTemp,0.0,overlap_coef,all,froi
409,Events2move,dmn,RH_Cer1,LH_FrontalMed,0.0,overlap_coef,all,froi
409,Events2move,dmn,RH_Cer1,LH_PostCing,0.0,overlap_coef,all,froi
409,Events2move,dmn,RH_Cer1,LH_TPJ,0.0,overlap_coef,all,froi
409,Events2move,dmn,RH_Cer1,LH_MidCing,0.0,overlap_coef,all,froi
409,Events2move,dmn,RH_Cer1,LH_STGorInsula,0.0,overlap_coef,all,froi
409,Events2move,dmn,RH_Cer1,LH_AntTemp,0.0,overlap_coef,all,froi
409,Events2move,dmn,LH_MID3,LH_FrontalMed,0.0,overlap_coef,all,froi
409,Events2move,dmn,LH_MID3,LH_PostCing,0.0,overlap_coef,all,froi
409,Events2move,dmn,LH_MID3,LH_TPJ,0.0,overlap_coef,all,froi
409,Events2move,dmn,LH_MID3,LH_MidCing,0.0,overlap_coef,all,froi
409,Events2move,dmn,LH_MID3,LH_STGorInsula,0.0,overlap_coef,all,froi
409,Events2move,dmn,LH_MID3,LH_AntTemp,0.0,overlap_coef,all,froi
409,Events2move,dmn,LH_F4,LH_FrontalMed,0.0,overlap_coef,all,froi
409,Events2move,dmn,LH_F4,LH_PostCing,0.0,overlap_coef,all,froi
409,Events2move,dmn,LH_F4,LH_TPJ,0.0,overlap_coef,all,froi
409,Events2move,dmn,LH_F4,LH_MidCing,0.0,overlap_coef,all,froi
409,Events2move,dmn,LH_F4,LH_STGorInsula,0.0,overlap_coef,all,froi
409,Events2move,dmn,LH_F4,LH_AntTemp,0.0,overlap_coef,all,froi
409,Events2move,dmn,RH_Cer2,LH_FrontalMed,0.0,overlap_coef,all,froi
409,Events2move,dmn,RH_Cer2,LH_PostCing,0.0,overlap_coef,all,froi
409,Events2move,dmn,RH_Cer2,LH_TPJ,0.0,overlap_coef,all,froi
409,Events2move,dmn,RH_Cer2,LH_MidCing,0.0,overlap_coef,all,froi
409,Events2move,dmn,RH_Cer2,LH_STGorInsula,0.0,overlap_coef,all,froi
409,Events2move,dmn,RH_Cer2,LH_AntTemp,0.0,overlap_coef,all,froi
409,Events2move,dmn,LH_F3,LH_FrontalMed,0.0,overlap_coef,all,froi
409,Events2move,dmn,LH_F3,LH_PostCing,0.0,overlap_coef,all,froi
409,Events2move,dmn,LH_F3,LH_TPJ,0.0,overlap_coef,all,froi
409,Events2move,dmn,LH_F3,LH_MidCing,0.0,overlap_coef,all,froi
409,Events2move,dmn,LH_F3,LH_STGorInsula,0.0,overlap_coef,all,froi
409,Events2move,dmn,LH_F3,LH_AntTemp,0.0,overlap_coef,all,froi
409,Events2move,dmn,LH_F5,LH_FrontalMed,0.0,overlap_coef,all,froi
409,Events2move,dmn,LH_F5,LH_PostCing,0.0,overlap_coef,all,froi
409,Events2move,dmn,LH_F5,LH_TPJ,0.0,overlap_coef,all,froi
409,Events2move,dmn,LH_F5,LH_MidCing,0.0,overlap_coef,all,froi
409,Events2move,dmn,LH_F5,LH_STGorInsula,0.0,overlap_coef,all,froi
409,Events2move,dmn,LH_F5,LH_AntTemp,0.0,overlap_coef,all,froi
410,Events2move,language,LH_F2,LH_IFGorb,0.0,overlap_coef,all,froi
410,Events2move,language,LH_F2,LH_IFG,0.0,overlap_coef,all,froi
410,Events2move,language,LH_F2,LH_MFG,0.0,overlap_coef,all,froi
410,Events2move,language,LH_F2,LH_AntTemp,0.0,overlap_coef,all,froi
410,Events2move,language,LH_F2,LH_PostTemp,0.0,overlap_coef,all,froi
410,Events2move,language,LH_F2,LH_AngG,0.0,overlap_coef,all,froi
410,Events2move,language,LH_F1,LH_IFGorb,0.13513513513513514,overlap_coef,all,froi
410,Events2move,language,LH_F1,LH_IFG,0.0,overlap_coef,all,froi
410,Events2move,language,LH_F1,LH_MFG,0.0,overlap_coef,all,froi
410,Events2move,language,LH_F1,LH_AntTemp,0.0,overlap_coef,all,froi
410,Events2move,language,LH_F1,LH_PostTemp,0.0,overlap_coef,all,froi
410,Events2move,language,LH_F1,LH_AngG,0.0,overlap_coef,all,froi
410,Events2move,language,LH_TP2,LH_IFGorb,0.0,overlap_coef,all,froi
410,Events2move,language,LH_TP2,LH_IFG,0.0,overlap_coef,all,froi
410,Events2move,language,LH_TP2,LH_MFG,0.0,overlap_coef,all,froi
410,Events2move,language,LH_TP2,LH_AntTemp,0.0,overlap_coef,all,froi
410,Events2move,language,LH_TP2,LH_PostTemp,0.12790697674418605,overlap_coef,all,froi
410,Events2move,language,LH_TP2,LH_AngG,0.0,overlap_coef,all,froi
410,Events2move,language,LH_TP3,LH_IFGorb,0.0,overlap_coef,all,froi
410,Events2move,language,LH_TP3,LH_IFG,0.0,overlap_coef,all,froi
410,Events2move,language,LH_TP3,LH_MFG,0.0,overlap_coef,all,froi
410,Events2move,language,LH_TP3,LH_AntTemp,0.0,overlap_coef,all,froi
410,Events2move,language,LH_TP3,LH_PostTemp,0.0,overlap_coef,all,froi
410,Events2move,language,LH_TP3,LH_AngG,0.7162162162162162,overlap_coef,all,froi
410,Events2move,language,LH_TP1,LH_IFGorb,0.0,overlap_coef,all,froi
410,Events2move,language,LH_TP1,LH_IFG,0.0,overlap_coef,all,froi
410,Events2move,language,LH_TP1,LH_MFG,0.0,overlap_coef,all,froi
410,Events2move,language,LH_TP1,LH_AntTemp,0.0,overlap_coef,all,froi
410,Events2move,language,LH_TP1,LH_PostTemp,0.0,overlap_coef,all,froi
410,Events2move,language,LH_TP1,LH_AngG,0.0,overlap_coef,all,froi
410,Events2move,language,LH_TP4,LH_IFGorb,0.0,overlap_coef,all,froi
410,Events2move,language,LH_TP4,LH_IFG,0.0,overlap_coef,all,froi
410,Events2move,language,LH_TP4,LH_MFG,0.0,overlap_coef,all,froi
410,Events2move,language,LH_TP4,LH_AntTemp,0.0,overlap_coef,all,froi
410,Events2move,language,LH_TP4,LH_PostTemp,0.0,overlap_coef,all,froi
410,Events2move,language,LH_TP4,LH_AngG,0.0,overlap_coef,all,froi
410,Events2move,language,RH_Cer1,LH_IFGorb,0.0,overlap_coef,all,froi
410,Events2move,language,RH_Cer1,LH_IFG,0.0,overlap_coef,all,froi
410,Events2move,language,RH_Cer1,LH_MFG,0.0,overlap_coef,all,froi
410,Events2move,language,RH_Cer1,LH_AntTemp,0.0,overlap_coef,all,froi
410,Events2move,language,RH_Cer1,LH_PostTemp,0.0,overlap_coef,all,froi
410,Events2move,language,RH_Cer1,LH_AngG,0.0,overlap_coef,all,froi
410,Events2move,language,LH_MID3,LH_IFGorb,0.0,overlap_coef,all,froi
410,Events2move,language,LH_MID3,LH_IFG,0.0,overlap_coef,all,froi
410,Events2move,language,LH_MID3,LH_MFG,0.0,overlap_coef,all,froi
410,Events2move,language,LH_MID3,LH_AntTemp,0.0,overlap_coef,all,froi
410,Events2move,language,LH_MID3,LH_PostTemp,0.0,overlap_coef,all,froi
410,Events2move,language,LH_MID3,LH_AngG,0.0,overlap_coef,all,froi
410,Events2move,language,LH_F4,LH_IFGorb,0.0,overlap_coef,all,froi
410,Events2move,language,LH_F4,LH_IFG,0.0,overlap_coef,all,froi
410,Events2move,language,LH_F4,LH_MFG,0.0,overlap_coef,all,froi
410,Events2move,language,LH_F4,LH_AntTemp,0.0,overlap_coef,all,froi
410,Events2move,language,LH_F4,LH_PostTemp,0.0,overlap_coef,all,froi
410,Events2move,language,LH_F4,LH_AngG,0.0,overlap_coef,all,froi
410,Events2move,language,RH_Cer2,LH_IFGorb,0.0,overlap_coef,all,froi
410,Events2move,language,RH_Cer2,LH_IFG,0.0,overlap_coef,all,froi
410,Events2move,language,RH_Cer2,LH_MFG,0.0,overlap_coef,all,froi
410,Events2move,language,RH_Cer2,LH_AntTemp,0.0,overlap_coef,all,froi
410,Events2move,language,RH_Cer2,LH_PostTemp,0.0,overlap_coef,all,froi
410,Events2move,language,RH_Cer2,LH_AngG,0.0,overlap_coef,all,froi
410,Events2move,language,LH_F3,LH_IFGorb,0.0,overlap_coef,all,froi
410,Events2move,language,LH_F3,LH_IFG,0.0,overlap_coef,all,froi
410,Events2move,language,LH_F3,LH_MFG,0.0,overlap_coef,all,froi
410,Events2move,language,LH_F3,LH_AntTemp,0.0,overlap_coef,all,froi
410,Events2move,language,LH_F3,LH_PostTemp,0.0,overlap_coef,all,froi
410,Events2move,language,LH_F3,LH_AngG,0.0,overlap_coef,all,froi
410,Events2move,language,LH_F5,LH_IFGorb,0.0,overlap_coef,all,froi
410,Events2move,language,LH_F5,LH_IFG,0.0,overlap_coef,all,froi
410,Events2move,language,LH_F5,LH_MFG,0.0,overlap_coef,all,froi
410,Events2move,language,LH_F5,LH_AntTemp,0.0,overlap_coef,all,froi
410,Events2move,language,LH_F5,LH_PostTemp,0.0,overlap_coef,all,froi
410,Events2move,language,LH_F5,LH_AngG,0.0,overlap_coef,all,froi
410,Events2move,md,LH_F2,LH_postParietal,0.0,overlap_coef,all,froi
410,Events2move,md,LH_F2,LH_midParietal,0.0,overlap_coef,all,froi
410,Events2move,md,LH_F2,LH_antParietal,0.0,overlap_coef,all,froi
410,Events2move,md,LH_F2,LH_supFrontal,0.0,overlap_coef,all,froi
410,Events2move,md,LH_F2,LH_Precentral_A_precG,0.04861111111111111,overlap_coef,all,froi
410,Events2move,md,LH_F2,LH_Precentral_B_IFGop,0.3088235294117647,overlap_coef,all,froi
410,Events2move,md,LH_F2,LH_midFrontal,0.09359605911330049,overlap_coef,all,froi
410,Events2move,md,LH_F2,LH_midFrontalOrb,0.0,overlap_coef,all,froi
410,Events2move,md,LH_F2,LH_insula,0.0,overlap_coef,all,froi
410,Events2move,md,LH_F2,LH_medialFrontal,0.0,overlap_coef,all,froi
410,Events2move,md,LH_F1,LH_postParietal,0.0,overlap_coef,all,froi
410,Events2move,md,LH_F1,LH_midParietal,0.0,overlap_coef,all,froi
410,Events2move,md,LH_F1,LH_antParietal,0.0,overlap_coef,all,froi
410,Events2move,md,LH_F1,LH_supFrontal,0.0,overlap_coef,all,froi
410,Events2move,md,LH_F1,LH_Precentral_A_precG,0.0,overlap_coef,all,froi
410,Events2move,md,LH_F1,LH_Precentral_B_IFGop,0.0,overlap_coef,all,froi
410,Events2move,md,LH_F1,LH_midFrontal,0.020833333333333332,overlap_coef,all,froi
410,Events2move,md,LH_F1,LH_midFrontalOrb,0.0,overlap_coef,all,froi
410,Events2move,md,LH_F1,LH_insula,0.0,overlap_coef,all,froi
410,Events2move,md,LH_F1,LH_medialFrontal,0.0,overlap_coef,all,froi
410,Events2move,md,LH_TP2,LH_postParietal,0.0,overlap_coef,all,froi
410,Events2move,md,LH_TP2,LH_midParietal,0.0,overlap_coef,all,froi
410,Events2move,md,LH_TP2,LH_antParietal,0.0,overlap_coef,all,froi
410,Events2move,md,LH_TP2,LH_supFrontal,0.0,overlap_coef,all,froi
410,Events2move,md,LH_TP2,LH_Precentral_A_precG,0.0,overlap_coef,all,froi
410,Events2move,md,LH_TP2,LH_Precentral_B_IFGop,0.0,overlap_coef,all,froi
410,Events2move,md,LH_TP2,LH_midFrontal,0.0,overlap_coef,all,froi
410,Events2move,md,LH_TP2,LH_midFrontalOrb,0.0,overlap_coef,all,froi
410,Events2move,md,LH_TP2,LH_insula,0.0,overlap_coef,all,froi
410,Events2move,md,LH_TP2,LH_medialFrontal,0.0,overlap_coef,all,froi
410,Events2move,md,LH_TP3,LH_postParietal,0.0,overlap_coef,all,froi
410,Events2move,md,LH_TP3,LH_midParietal,0.0,overlap_coef,all,froi
410,Events2move,md,LH_TP3,LH_antParietal,0.0,overlap_coef,all,froi
410,Events2move,md,LH_TP3,LH_supFrontal,0.0,overlap_coef,all,froi
410,Events2move,md,LH_TP3,LH_Precentral_A_precG,0.0,overlap_coef,all,froi
410,Events2move,md,LH_TP3,LH_Precentral_B_IFGop,0.0,overlap_coef,all,froi
410,Events2move,md,LH_TP3,LH_midFrontal,0.0,overlap_coef,all,froi
410,Events2move,md,LH_TP3,LH_midFrontalOrb,0.0,overlap_coef,all,froi
410,Events2move,md,LH_TP3,LH_insula,0.0,overlap_coef,all,froi
410,Events2move,md,LH_TP3,LH_medialFrontal,0.0,overlap_coef,all,froi
410,Events2move,md,LH_TP1,LH_postParietal,0.0,overlap_coef,all,froi
410,Events2move,md,LH_TP1,LH_midParietal,0.0,overlap_coef,all,froi
410,Events2move,md,LH_TP1,LH_antParietal,0.0,overlap_coef,all,froi
410,Events2move,md,LH_TP1,LH_supFrontal,0.0,overlap_coef,all,froi
410,Events2move,md,LH_TP1,LH_Precentral_A_precG,0.0,overlap_coef,all,froi
410,Events2move,md,LH_TP1,LH_Precentral_B_IFGop,0.0,overlap_coef,all,froi
410,Events2move,md,LH_TP1,LH_midFrontal,0.0,overlap_coef,all,froi
410,Events2move,md,LH_TP1,LH_midFrontalOrb,0.0,overlap_coef,all,froi
410,Events2move,md,LH_TP1,LH_insula,0.0,overlap_coef,all,froi
410,Events2move,md,LH_TP1,LH_medialFrontal,0.0,overlap_coef,all,froi
410,Events2move,md,LH_TP4,LH_postParietal,0.1111111111111111,overlap_coef,all,froi
410,Events2move,md,LH_TP4,LH_midParietal,0.0,overlap_coef,all,froi
410,Events2move,md,LH_TP4,LH_antParietal,0.0,overlap_coef,all,froi
410,Events2move,md,LH_TP4,LH_supFrontal,0.0,overlap_coef,all,froi
410,Events2move,md,LH_TP4,LH_Precentral_A_precG,0.0,overlap_coef,all,froi
410,Events2move,md,LH_TP4,LH_Precentral_B_IFGop,0.0,overlap_coef,all,froi
410,Events2move,md,LH_TP4,LH_midFrontal,0.0,overlap_coef,all,froi
410,Events2move,md,LH_TP4,LH_midFrontalOrb,0.0,overlap_coef,all,froi
410,Events2move,md,LH_TP4,LH_insula,0.0,overlap_coef,all,froi
410,Events2move,md,LH_TP4,LH_medialFrontal,0.0,overlap_coef,all,froi
410,Events2move,md,RH_Cer1,LH_postParietal,0.0,overlap_coef,all,froi
410,Events2move,md,RH_Cer1,LH_midParietal,0.0,overlap_coef,all,froi
410,Events2move,md,RH_Cer1,LH_antParietal,0.0,overlap_coef,all,froi
410,Events2move,md,RH_Cer1,LH_supFrontal,0.0,overlap_coef,all,froi
410,Events2move,md,RH_Cer1,LH_Precentral_A_precG,0.0,overlap_coef,all,froi
410,Events2move,md,RH_Cer1,LH_Precentral_B_IFGop,0.0,overlap_coef,all,froi
410,Events2move,md,RH_Cer1,LH_midFrontal,0.0,overlap_coef,all,froi
410,Events2move,md,RH_Cer1,LH_midFrontalOrb,0.0,overlap_coef,all,froi
410,Events2move,md,RH_Cer1,LH_insula,0.0,overlap_coef,all,froi
410,Events2move,md,RH_Cer1,LH_medialFrontal,0.0,overlap_coef,all,froi
410,Events2move,md,LH_MID3,LH_postParietal,0.0,overlap_coef,all,froi
410,Events2move,md,LH_MID3,LH_midParietal,0.0,overlap_coef,all,froi
410,Events2move,md,LH_MID3,LH_antParietal,0.0,overlap_coef,all,froi
410,Events2move,md,LH_MID3,LH_supFrontal,0.0,overlap_coef,all,froi
410,Events2move,md,LH_MID3,LH_Precentral_A_precG,0.0,overlap_coef,all,froi
410,Events2move,md,LH_MID3,LH_Precentral_B_IFGop,0.0,overlap_coef,all,froi
410,Events2move,md,LH_MID3,LH_midFrontal,0.0,overlap_coef,all,froi
410,Events2move,md,LH_MID3,LH_midFrontalOrb,0.0,overlap_coef,all,froi
410,Events2move,md,LH_MID3,LH_insula,0.0,overlap_coef,all,froi
410,Events2move,md,LH_MID3,LH_medialFrontal,0.09803921568627451,overlap_coef,all,froi
410,Events2move,md,LH_F4,LH_postParietal,0.0,overlap_coef,all,froi
410,Events2move,md,LH_F4,LH_midParietal,0.0,overlap_coef,all,froi
410,Events2move,md,LH_F4,LH_antParietal,0.0,overlap_coef,all,froi
410,Events2move,md,LH_F4,LH_supFrontal,0.0,overlap_coef,all,froi
410,Events2move,md,LH_F4,LH_Precentral_A_precG,0.0,overlap_coef,all,froi
410,Events2move,md,LH_F4,LH_Precentral_B_IFGop,0.0,overlap_coef,all,froi
410,Events2move,md,LH_F4,LH_midFrontal,0.0,overlap_coef,all,froi
410,Events2move,md,LH_F4,LH_midFrontalOrb,0.0,overlap_coef,all,froi
410,Events2move,md,LH_F4,LH_insula,0.0,overlap_coef,all,froi
410,Events2move,md,LH_F4,LH_medialFrontal,0.0,overlap_coef,all,froi
410,Events2move,md,RH_Cer2,LH_postParietal,0.0,overlap_coef,all,froi
410,Events2move,md,RH_Cer2,LH_midParietal,0.0,overlap_coef,all,froi
410,Events2move,md,RH_Cer2,LH_antParietal,0.0,overlap_coef,all,froi
410,Events2move,md,RH_Cer2,LH_supFrontal,0.0,overlap_coef,all,froi
410,Events2move,md,RH_Cer2,LH_Precentral_A_precG,0.0,overlap_coef,all,froi
410,Events2move,md,RH_Cer2,LH_Precentral_B_IFGop,0.0,overlap_coef,all,froi
410,Events2move,md,RH_Cer2,LH_midFrontal,0.0,overlap_coef,all,froi
410,Events2move,md,RH_Cer2,LH_midFrontalOrb,0.0,overlap_coef,all,froi
410,Events2move,md,RH_Cer2,LH_insula,0.0,overlap_coef,all,froi
410,Events2move,md,RH_Cer2,LH_medialFrontal,0.0,overlap_coef,all,froi
410,Events2move,md,LH_F3,LH_postParietal,0.0,overlap_coef,all,froi
410,Events2move,md,LH_F3,LH_midParietal,0.0,overlap_coef,all,froi
410,Events2move,md,LH_F3,LH_antParietal,0.0,overlap_coef,all,froi
410,Events2move,md,LH_F3,LH_supFrontal,0.0,overlap_coef,all,froi
410,Events2move,md,LH_F3,LH_Precentral_A_precG,0.0,overlap_coef,all,froi
410,Events2move,md,LH_F3,LH_Precentral_B_IFGop,0.0,overlap_coef,all,froi
410,Events2move,md,LH_F3,LH_midFrontal,0.0,overlap_coef,all,froi
410,Events2move,md,LH_F3,LH_midFrontalOrb,0.0,overlap_coef,all,froi
410,Events2move,md,LH_F3,LH_insula,0.0,overlap_coef,all,froi
410,Events2move,md,LH_F3,LH_medialFrontal,0.0,overlap_coef,all,froi
410,Events2move,md,LH_F5,LH_postParietal,0.0,overlap_coef,all,froi
410,Events2move,md,LH_F5,LH_midParietal,0.0,overlap_coef,all,froi
410,Events2move,md,LH_F5,LH_antParietal,0.0,overlap_coef,all,froi
410,Events2move,md,LH_F5,LH_supFrontal,0.0,overlap_coef,all,froi
410,Events2move,md,LH_F5,LH_Precentral_A_precG,0.0,overlap_coef,all,froi
410,Events2move,md,LH_F5,LH_Precentral_B_IFGop,0.0,overlap_coef,all,froi
410,Events2move,md,LH_F5,LH_midFrontal,0.0,overlap_coef,all,froi
410,Events2move,md,LH_F5,LH_midFrontalOrb,0.0,overlap_coef,all,froi
410,Events2move,md,LH_F5,LH_insula,0.0,overlap_coef,all,froi
410,Events2move,md,LH_F5,LH_medialFrontal,0.0,overlap_coef,all,froi
410,Events2move,dmn,LH_F2,LH_FrontalMed,0.0,overlap_coef,all,froi
410,Events2move,dmn,LH_F2,LH_PostCing,0.0,overlap_coef,all,froi
410,Events2move,dmn,LH_F2,LH_TPJ,0.0,overlap_coef,all,froi
410,Events2move,dmn,LH_F2,LH_MidCing,0.0,overlap_coef,all,froi
410,Events2move,dmn,LH_F2,LH_STGorInsula,0.0,overlap_coef,all,froi
410,Events2move,dmn,LH_F2,LH_AntTemp,0.0,overlap_coef,all,froi
410,Events2move,dmn,LH_F1,LH_FrontalMed,0.0,overlap_coef,all,froi
410,Events2move,dmn,LH_F1,LH_PostCing,0.0,overlap_coef,all,froi
410,Events2move,dmn,LH_F1,LH_TPJ,0.0,overlap_coef,all,froi
410,Events2move,dmn,LH_F1,LH_MidCing,0.0,overlap_coef,all,froi
410,Events2move,dmn,LH_F1,LH_STGorInsula,0.0,overlap_coef,all,froi
410,Events2move,dmn,LH_F1,LH_AntTemp,0.0,overlap_coef,all,froi
410,Events2move,dmn,LH_TP2,LH_FrontalMed,0.0,overlap_coef,all,froi
410,Events2move,dmn,LH_TP2,LH_PostCing,0.0,overlap_coef,all,froi
410,Events2move,dmn,LH_TP2,LH_TPJ,0.0,overlap_coef,all,froi
410,Events2move,dmn,LH_TP2,LH_MidCing,0.0,overlap_coef,all,froi
410,Events2move,dmn,LH_TP2,LH_STGorInsula,0.0,overlap_coef,all,froi
410,Events2move,dmn,LH_TP2,LH_AntTemp,0.0,overlap_coef,all,froi
410,Events2move,dmn,LH_TP3,LH_FrontalMed,0.0,overlap_coef,all,froi
410,Events2move,dmn,LH_TP3,LH_PostCing,0.0,overlap_coef,all,froi
410,Events2move,dmn,LH_TP3,LH_TPJ,0.013513513513513514,overlap_coef,all,froi
410,Events2move,dmn,LH_TP3,LH_MidCing,0.0,overlap_coef,all,froi
410,Events2move,dmn,LH_TP3,LH_STGorInsula,0.0,overlap_coef,all,froi
410,Events2move,dmn,LH_TP3,LH_AntTemp,0.0,overlap_coef,all,froi
410,Events2move,dmn,LH_TP1,LH_FrontalMed,0.0,overlap_coef,all,froi
410,Events2move,dmn,LH_TP1,LH_PostCing,0.0,overlap_coef,all,froi
410,Events2move,dmn,LH_TP1,LH_TPJ,0.0,overlap_coef,all,froi
410,Events2move,dmn,LH_TP1,LH_MidCing,0.0,overlap_coef,all,froi
410,Events2move,dmn,LH_TP1,LH_STGorInsula,0.0,overlap_coef,all,froi
410,Events2move,dmn,LH_TP1,LH_AntTemp,0.0,overlap_coef,all,froi
410,Events2move,dmn,LH_TP4,LH_FrontalMed,0.0,overlap_coef,all,froi
410,Events2move,dmn,LH_TP4,LH_PostCing,0.0,overlap_coef,all,froi
410,Events2move,dmn,LH_TP4,LH_TPJ,0.0,overlap_coef,all,froi
410,Events2move,dmn,LH_TP4,LH_MidCing,0.0,overlap_coef,all,froi
410,Events2move,dmn,LH_TP4,LH_STGorInsula,0.0,overlap_coef,all,froi
410,Events2move,dmn,LH_TP4,LH_AntTemp,0.0,overlap_coef,all,froi
410,Events2move,dmn,RH_Cer1,LH_FrontalMed,0.0,overlap_coef,all,froi
410,Events2move,dmn,RH_Cer1,LH_PostCing,0.0,overlap_coef,all,froi
410,Events2move,dmn,RH_Cer1,LH_TPJ,0.0,overlap_coef,all,froi
410,Events2move,dmn,RH_Cer1,LH_MidCing,0.0,overlap_coef,all,froi
410,Events2move,dmn,RH_Cer1,LH_STGorInsula,0.0,overlap_coef,all,froi
410,Events2move,dmn,RH_Cer1,LH_AntTemp,0.0,overlap_coef,all,froi
410,Events2move,dmn,LH_MID3,LH_FrontalMed,0.0,overlap_coef,all,froi
410,Events2move,dmn,LH_MID3,LH_PostCing,0.0,overlap_coef,all,froi
410,Events2move,dmn,LH_MID3,LH_TPJ,0.0,overlap_coef,all,froi
410,Events2move,dmn,LH_MID3,LH_MidCing,0.0,overlap_coef,all,froi
410,Events2move,dmn,LH_MID3,LH_STGorInsula,0.0,overlap_coef,all,froi
410,Events2move,dmn,LH_MID3,LH_AntTemp,0.0,overlap_coef,all,froi
410,Events2move,dmn,LH_F4,LH_FrontalMed,0.0,overlap_coef,all,froi
410,Events2move,dmn,LH_F4,LH_PostCing,0.0,overlap_coef,all,froi
410,Events2move,dmn,LH_F4,LH_TPJ,0.0,overlap_coef,all,froi
410,Events2move,dmn,LH_F4,LH_MidCing,0.0,overlap_coef,all,froi
410,Events2move,dmn,LH_F4,LH_STGorInsula,0.0,overlap_coef,all,froi
410,Events2move,dmn,LH_F4,LH_AntTemp,0.0,overlap_coef,all,froi
410,Events2move,dmn,RH_Cer2,LH_FrontalMed,0.0,overlap_coef,all,froi
410,Events2move,dmn,RH_Cer2,LH_PostCing,0.0,overlap_coef,all,froi
410,Events2move,dmn,RH_Cer2,LH_TPJ,0.0,overlap_coef,all,froi
410,Events2move,dmn,RH_Cer2,LH_MidCing,0.0,overlap_coef,all,froi
410,Events2move,dmn,RH_Cer2,LH_STGorInsula,0.0,overlap_coef,all,froi
410,Events2move,dmn,RH_Cer2,LH_AntTemp,0.0,overlap_coef,all,froi
410,Events2move,dmn,LH_F3,LH_FrontalMed,0.0,overlap_coef,all,froi
410,Events2move,dmn,LH_F3,LH_PostCing,0.0,overlap_coef,all,froi
410,Events2move,dmn,LH_F3,LH_TPJ,0.0,overlap_coef,all,froi
410,Events2move,dmn,LH_F3,LH_MidCing,0.0,overlap_coef,all,froi
410,Events2move,dmn,LH_F3,LH_STGorInsula,0.0,overlap_coef,all,froi
410,Events2move,dmn,LH_F3,LH_AntTemp,0.0,overlap_coef,all,froi
410,Events2move,dmn,LH_F5,LH_FrontalMed,0.0,overlap_coef,all,froi
410,Events2move,dmn,LH_F5,LH_PostCing,0.0,overlap_coef,all,froi
410,Events2move,dmn,LH_F5,LH_TPJ,0.0,overlap_coef,all,froi
410,Events2move,dmn,LH_F5,LH_MidCing,0.0,overlap_coef,all,froi
410,Events2move,dmn,LH_F5,LH_STGorInsula,0.0,overlap_coef,all,froi
410,Events2move,dmn,LH_F5,LH_AntTemp,0.0,overlap_coef,all,froi
730,Events2move,language,LH_F2,LH_IFGorb,0.0,overlap_coef,all,froi
730,Events2move,language,LH_F2,LH_IFG,0.0,overlap_coef,all,froi
730,Events2move,language,LH_F2,LH_MFG,0.0,overlap_coef,all,froi
730,Events2move,language,LH_F2,LH_AntTemp,0.0,overlap_coef,all,froi
730,Events2move,language,LH_F2,LH_PostTemp,0.0,overlap_coef,all,froi
730,Events2move,language,LH_F2,LH_AngG,0.0,overlap_coef,all,froi
730,Events2move,language,LH_F1,LH_IFGorb,0.3783783783783784,overlap_coef,all,froi
730,Events2move,language,LH_F1,LH_IFG,0.0,overlap_coef,all,froi
730,Events2move,language,LH_F1,LH_MFG,0.0,overlap_coef,all,froi
730,Events2move,language,LH_F1,LH_AntTemp,0.0,overlap_coef,all,froi
730,Events2move,language,LH_F1,LH_PostTemp,0.0,overlap_coef,all,froi
730,Events2move,language,LH_F1,LH_AngG,0.0,overlap_coef,all,froi
730,Events2move,language,LH_TP2,LH_IFGorb,0.0,overlap_coef,all,froi
730,Events2move,language,LH_TP2,LH_IFG,0.0,overlap_coef,all,froi
730,Events2move,language,LH_TP2,LH_MFG,0.0,overlap_coef,all,froi
730,Events2move,language,LH_TP2,LH_AntTemp,0.0,overlap_coef,all,froi
730,Events2move,language,LH_TP2,LH_PostTemp,0.029069767441860465,overlap_coef,all,froi
730,Events2move,language,LH_TP2,LH_AngG,0.0,overlap_coef,all,froi
730,Events2move,language,LH_TP3,LH_IFGorb,0.0,overlap_coef,all,froi
730,Events2move,language,LH_TP3,LH_IFG,0.0,overlap_coef,all,froi
730,Events2move,language,LH_TP3,LH_MFG,0.0,overlap_coef,all,froi
730,Events2move,language,LH_TP3,LH_AntTemp,0.0,overlap_coef,all,froi
730,Events2move,language,LH_TP3,LH_PostTemp,0.0,overlap_coef,all,froi
730,Events2move,language,LH_TP3,LH_AngG,0.08108108108108109,overlap_coef,all,froi
730,Events2move,language,LH_TP1,LH_IFGorb,0.0,overlap_coef,all,froi
730,Events2move,language,LH_TP1,LH_IFG,0.0,overlap_coef,all,froi
730,Events2move,language,LH_TP1,LH_MFG,0.0,overlap_coef,all,froi
730,Events2move,language,LH_TP1,LH_AntTemp,0.0,overlap_coef,all,froi
730,Events2move,language,LH_TP1,LH_PostTemp,0.0,overlap_coef,all,froi
730,Events2move,language,LH_TP1,LH_AngG,0.0,overlap_coef,all,froi
730,Events2move,language,LH_TP4,LH_IFGorb,0.0,overlap_coef,all,froi
730,Events2move,language,LH_TP4,LH_IFG,0.0,overlap_coef,all,froi
730,Events2move,language,LH_TP4,LH_MFG,0.0,overlap_coef,all,froi
730,Events2move,language,LH_TP4,LH_AntTemp,0.0,overlap_coef,all,froi
730,Events2move,language,LH_TP4,LH_PostTemp,0.0,overlap_coef,all,froi
730,Events2move,language,LH_TP4,LH_AngG,0.0,overlap_coef,all,froi
730,Events2move,language,RH_Cer1,LH_IFGorb,0.0,overlap_coef,all,froi
730,Events2move,language,RH_Cer1,LH_IFG,0.0,overlap_coef,all,froi
730,Events2move,language,RH_Cer1,LH_MFG,0.0,overlap_coef,all,froi
730,Events2move,language,RH_Cer1,LH_AntTemp,0.0,overlap_coef,all,froi
730,Events2move,language,RH_Cer1,LH_PostTemp,0.0,overlap_coef,all,froi
730,Events2move,language,RH_Cer1,LH_AngG,0.0,overlap_coef,all,froi
730,Events2move,language,LH_MID3,LH_IFGorb,0.0,overlap_coef,all,froi
730,Events2move,language,LH_MID3,LH_IFG,0.0,overlap_coef,all,froi
730,Events2move,language,LH_MID3,LH_MFG,0.0,overlap_coef,all,froi
730,Events2move,language,LH_MID3,LH_AntTemp,0.0,overlap_coef,all,froi
730,Events2move,language,LH_MID3,LH_PostTemp,0.0,overlap_coef,all,froi
730,Events2move,language,LH_MID3,LH_AngG,0.0,overlap_coef,all,froi
730,Events2move,language,LH_F4,LH_IFGorb,0.0,overlap_coef,all,froi
730,Events2move,language,LH_F4,LH_IFG,0.0,overlap_coef,all,froi
730,Events2move,language,LH_F4,LH_MFG,0.0,overlap_coef,all,froi
730,Events2move,language,LH_F4,LH_AntTemp,0.0,overlap_coef,all,froi
730,Events2move,language,LH_F4,LH_PostTemp,0.0,overlap_coef,all,froi
730,Events2move,language,LH_F4,LH_AngG,0.0,overlap_coef,all,froi
730,Events2move,language,RH_Cer2,LH_IFGorb,0.0,overlap_coef,all,froi
730,Events2move,language,RH_Cer2,LH_IFG,0.0,overlap_coef,all,froi
730,Events2move,language,RH_Cer2,LH_MFG,0.0,overlap_coef,all,froi
730,Events2move,language,RH_Cer2,LH_AntTemp,0.0,overlap_coef,all,froi
730,Events2move,language,RH_Cer2,LH_PostTemp,0.0,overlap_coef,all,froi
730,Events2move,language,RH_Cer2,LH_AngG,0.0,overlap_coef,all,froi
730,Events2move,language,LH_F3,LH_IFGorb,0.0,overlap_coef,all,froi
730,Events2move,language,LH_F3,LH_IFG,0.0,overlap_coef,all,froi
730,Events2move,language,LH_F3,LH_MFG,0.0,overlap_coef,all,froi
730,Events2move,language,LH_F3,LH_AntTemp,0.0,overlap_coef,all,froi
730,Events2move,language,LH_F3,LH_PostTemp,0.0,overlap_coef,all,froi
730,Events2move,language,LH_F3,LH_AngG,0.0,overlap_coef,all,froi
730,Events2move,language,LH_F5,LH_IFGorb,0.0,overlap_coef,all,froi
730,Events2move,language,LH_F5,LH_IFG,0.0,overlap_coef,all,froi
730,Events2move,language,LH_F5,LH_MFG,0.0,overlap_coef,all,froi
730,Events2move,language,LH_F5,LH_AntTemp,0.0,overlap_coef,all,froi
730,Events2move,language,LH_F5,LH_PostTemp,0.0,overlap_coef,all,froi
730,Events2move,language,LH_F5,LH_AngG,0.0,overlap_coef,all,froi
730,Events2move,md,LH_F2,LH_postParietal,0.0,overlap_coef,all,froi
730,Events2move,md,LH_F2,LH_midParietal,0.0,overlap_coef,all,froi
730,Events2move,md,LH_F2,LH_antParietal,0.0,overlap_coef,all,froi
730,Events2move,md,LH_F2,LH_supFrontal,0.0,overlap_coef,all,froi
730,Events2move,md,LH_F2,LH_Precentral_A_precG,0.0625,overlap_coef,all,froi
730,Events2move,md,LH_F2,LH_Precentral_B_IFGop,0.17647058823529413,overlap_coef,all,froi
730,Events2move,md,LH_F2,LH_midFrontal,0.0,overlap_coef,all,froi
730,Events2move,md,LH_F2,LH_midFrontalOrb,0.0,overlap_coef,all,froi
730,Events2move,md,LH_F2,LH_insula,0.0,overlap_coef,all,froi
730,Events2move,md,LH_F2,LH_medialFrontal,0.0,overlap_coef,all,froi
730,Events2move,md,LH_F1,LH_postParietal,0.0,overlap_coef,all,froi
730,Events2move,md,LH_F1,LH_midParietal,0.0,overlap_coef,all,froi
730,Events2move,md,LH_F1,LH_antParietal,0.0,overlap_coef,all,froi
730,Events2move,md,LH_F1,LH_supFrontal,0.0,overlap_coef,all,froi
730,Events2move,md,LH_F1,LH_Precentral_A_precG,0.0,overlap_coef,all,froi
730,Events2move,md,LH_F1,LH_Precentral_B_IFGop,0.0,overlap_coef,all,froi
730,Events2move,md,LH_F1,LH_midFrontal,0.0,overlap_coef,all,froi
730,Events2move,md,LH_F1,LH_midFrontalOrb,0.0,overlap_coef,all,froi
730,Events2move,md,LH_F1,LH_insula,0.0,overlap_coef,all,froi
730,Events2move,md,LH_F1,LH_medialFrontal,0.0,overlap_coef,all,froi
730,Events2move,md,LH_TP2,LH_postParietal,0.0,overlap_coef,all,froi
730,Events2move,md,LH_TP2,LH_midParietal,0.0,overlap_coef,all,froi
730,Events2move,md,LH_TP2,LH_antParietal,0.0,overlap_coef,all,froi
730,Events2move,md,LH_TP2,LH_supFrontal,0.0,overlap_coef,all,froi
730,Events2move,md,LH_TP2,LH_Precentral_A_precG,0.0,overlap_coef,all,froi
730,Events2move,md,LH_TP2,LH_Precentral_B_IFGop,0.0,overlap_coef,all,froi
730,Events2move,md,LH_TP2,LH_midFrontal,0.0,overlap_coef,all,froi
730,Events2move,md,LH_TP2,LH_midFrontalOrb,0.0,overlap_coef,all,froi
730,Events2move,md,LH_TP2,LH_insula,0.0,overlap_coef,all,froi
730,Events2move,md,LH_TP2,LH_medialFrontal,0.0,overlap_coef,all,froi
730,Events2move,md,LH_TP3,LH_postParietal,0.0,overlap_coef,all,froi
730,Events2move,md,LH_TP3,LH_midParietal,0.0,overlap_coef,all,froi
730,Events2move,md,LH_TP3,LH_antParietal,0.0,overlap_coef,all,froi
730,Events2move,md,LH_TP3,LH_supFrontal,0.0,overlap_coef,all,froi
730,Events2move,md,LH_TP3,LH_Precentral_A_precG,0.0,overlap_coef,all,froi
730,Events2move,md,LH_TP3,LH_Precentral_B_IFGop,0.0,overlap_coef,all,froi
730,Events2move,md,LH_TP3,LH_midFrontal,0.0,overlap_coef,all,froi
730,Events2move,md,LH_TP3,LH_midFrontalOrb,0.0,overlap_coef,all,froi
730,Events2move,md,LH_TP3,LH_insula,0.0,overlap_coef,all,froi
730,Events2move,md,LH_TP3,LH_medialFrontal,0.0,overlap_coef,all,froi
730,Events2move,md,LH_TP1,LH_postParietal,0.0,overlap_coef,all,froi
730,Events2move,md,LH_TP1,LH_midParietal,0.0,overlap_coef,all,froi
730,Events2move,md,LH_TP1,LH_antParietal,0.0,overlap_coef,all,froi
730,Events2move,md,LH_TP1,LH_supFrontal,0.0,overlap_coef,all,froi
730,Events2move,md,LH_TP1,LH_Precentral_A_precG,0.0,overlap_coef,all,froi
730,Events2move,md,LH_TP1,LH_Precentral_B_IFGop,0.0,overlap_coef,all,froi
730,Events2move,md,LH_TP1,LH_midFrontal,0.0,overlap_coef,all,froi
730,Events2move,md,LH_TP1,LH_midFrontalOrb,0.0,overlap_coef,all,froi
730,Events2move,md,LH_TP1,LH_insula,0.0,overlap_coef,all,froi
730,Events2move,md,LH_TP1,LH_medialFrontal,0.0,overlap_coef,all,froi
730,Events2move,md,LH_TP4,LH_postParietal,0.017094017094017096,overlap_coef,all,froi
730,Events2move,md,LH_TP4,LH_midParietal,0.0,overlap_coef,all,froi
730,Events2move,md,LH_TP4,LH_antParietal,0.0,overlap_coef,all,froi
730,Events2move,md,LH_TP4,LH_supFrontal,0.0,overlap_coef,all,froi
730,Events2move,md,LH_TP4,LH_Precentral_A_precG,0.0,overlap_coef,all,froi
730,Events2move,md,LH_TP4,LH_Precentral_B_IFGop,0.0,overlap_coef,all,froi
730,Events2move,md,LH_TP4,LH_midFrontal,0.0,overlap_coef,all,froi
730,Events2move,md,LH_TP4,LH_midFrontalOrb,0.0,overlap_coef,all,froi
730,Events2move,md,LH_TP4,LH_insula,0.0,overlap_coef,all,froi
730,Events2move,md,LH_TP4,LH_medialFrontal,0.0,overlap_coef,all,froi
730,Events2move,md,RH_Cer1,LH_postParietal,0.0,overlap_coef,all,froi
730,Events2move,md,RH_Cer1,LH_midParietal,0.0,overlap_coef,all,froi
730,Events2move,md,RH_Cer1,LH_antParietal,0.0,overlap_coef,all,froi
730,Events2move,md,RH_Cer1,LH_supFrontal,0.0,overlap_coef,all,froi
730,Events2move,md,RH_Cer1,LH_Precentral_A_precG,0.0,overlap_coef,all,froi
730,Events2move,md,RH_Cer1,LH_Precentral_B_IFGop,0.0,overlap_coef,all,froi
730,Events2move,md,RH_Cer1,LH_midFrontal,0.0,overlap_coef,all,froi
730,Events2move,md,RH_Cer1,LH_midFrontalOrb,0.0,overlap_coef,all,froi
730,Events2move,md,RH_Cer1,LH_insula,0.0,overlap_coef,all,froi
730,Events2move,md,RH_Cer1,LH_medialFrontal,0.0,overlap_coef,all,froi
730,Events2move,md,LH_MID3,LH_postParietal,0.0,overlap_coef,all,froi
730,Events2move,md,LH_MID3,LH_midParietal,0.0,overlap_coef,all,froi
730,Events2move,md,LH_MID3,LH_antParietal,0.0,overlap_coef,all,froi
730,Events2move,md,LH_MID3,LH_supFrontal,0.0,overlap_coef,all,froi
730,Events2move,md,LH_MID3,LH_Precentral_A_precG,0.0,overlap_coef,all,froi
730,Events2move,md,LH_MID3,LH_Precentral_B_IFGop,0.0,overlap_coef,all,froi
730,Events2move,md,LH_MID3,LH_midFrontal,0.0,overlap_coef,all,froi
730,Events2move,md,LH_MID3,LH_midFrontalOrb,0.0,overlap_coef,all,froi
730,Events2move,md,LH_MID3,LH_insula,0.0,overlap_coef,all,froi
730,Events2move,md,LH_MID3,LH_medialFrontal,0.6274509803921569,overlap_coef,all,froi
730,Events2move,md,LH_F4,LH_postParietal,0.0,overlap_coef,all,froi
730,Events2move,md,LH_F4,LH_midParietal,0.0,overlap_coef,all,froi
730,Events2move,md,LH_F4,LH_antParietal,0.0,overlap_coef,all,froi
730,Events2move,md,LH_F4,LH_supFrontal,0.0,overlap_coef,all,froi
730,Events2move,md,LH_F4,LH_Precentral_A_precG,0.0,overlap_coef,all,froi
730,Events2move,md,LH_F4,LH_Precentral_B_IFGop,0.0,overlap_coef,all,froi
730,Events2move,md,LH_F4,LH_midFrontal,0.0,overlap_coef,all,froi
730,Events2move,md,LH_F4,LH_midFrontalOrb,0.0,overlap_coef,all,froi
730,Events2move,md,LH_F4,LH_insula,0.0,overlap_coef,all,froi
730,Events2move,md,LH_F4,LH_medialFrontal,0.0,overlap_coef,all,froi
730,Events2move,md,RH_Cer2,LH_postParietal,0.0,overlap_coef,all,froi
730,Events2move,md,RH_Cer2,LH_midParietal,0.0,overlap_coef,all,froi
730,Events2move,md,RH_Cer2,LH_antParietal,0.0,overlap_coef,all,froi
730,Events2move,md,RH_Cer2,LH_supFrontal,0.0,overlap_coef,all,froi
730,Events2move,md,RH_Cer2,LH_Precentral_A_precG,0.0,overlap_coef,all,froi
730,Events2move,md,RH_Cer2,LH_Precentral_B_IFGop,0.0,overlap_coef,all,froi
730,Events2move,md,RH_Cer2,LH_midFrontal,0.0,overlap_coef,all,froi
730,Events2move,md,RH_Cer2,LH_midFrontalOrb,0.0,overlap_coef,all,froi
730,Events2move,md,RH_Cer2,LH_insula,0.0,overlap_coef,all,froi
730,Events2move,md,RH_Cer2,LH_medialFrontal,0.0,overlap_coef,all,froi
730,Events2move,md,LH_F3,LH_postParietal,0.0,overlap_coef,all,froi
730,Events2move,md,LH_F3,LH_midParietal,0.0,overlap_coef,all,froi
730,Events2move,md,LH_F3,LH_antParietal,0.0,overlap_coef,all,froi
730,Events2move,md,LH_F3,LH_supFrontal,0.02127659574468085,overlap_coef,all,froi
730,Events2move,md,LH_F3,LH_Precentral_A_precG,0.0,overlap_coef,all,froi
730,Events2move,md,LH_F3,LH_Precentral_B_IFGop,0.0,overlap_coef,all,froi
730,Events2move,md,LH_F3,LH_midFrontal,0.0,overlap_coef,all,froi
730,Events2move,md,LH_F3,LH_midFrontalOrb,0.0,overlap_coef,all,froi
730,Events2move,md,LH_F3,LH_insula,0.0,overlap_coef,all,froi
730,Events2move,md,LH_F3,LH_medialFrontal,0.0,overlap_coef,all,froi
730,Events2move,md,LH_F5,LH_postParietal,0.0,overlap_coef,all,froi
730,Events2move,md,LH_F5,LH_midParietal,0.0,overlap_coef,all,froi
730,Events2move,md,LH_F5,LH_antParietal,0.0,overlap_coef,all,froi
730,Events2move,md,LH_F5,LH_supFrontal,0.0,overlap_coef,all,froi
730,Events2move,md,LH_F5,LH_Precentral_A_precG,0.0,overlap_coef,all,froi
730,Events2move,md,LH_F5,LH_Precentral_B_IFGop,0.0,overlap_coef,all,froi
730,Events2move,md,LH_F5,LH_midFrontal,0.0,overlap_coef,all,froi
730,Events2move,md,LH_F5,LH_midFrontalOrb,0.0,overlap_coef,all,froi
730,Events2move,md,LH_F5,LH_insula,0.0,overlap_coef,all,froi
730,Events2move,md,LH_F5,LH_medialFrontal,0.0,overlap_coef,all,froi
730,Events2move,dmn,LH_F2,LH_FrontalMed,0.0,overlap_coef,all,froi
730,Events2move,dmn,LH_F2,LH_PostCing,0.0,overlap_coef,all,froi
730,Events2move,dmn,LH_F2,LH_TPJ,0.0,overlap_coef,all,froi
730,Events2move,dmn,LH_F2,LH_MidCing,0.0,overlap_coef,all,froi
730,Events2move,dmn,LH_F2,LH_STGorInsula,0.0,overlap_coef,all,froi
730,Events2move,dmn,LH_F2,LH_AntTemp,0.0,overlap_coef,all,froi
730,Events2move,dmn,LH_F1,LH_FrontalMed,0.0,overlap_coef,all,froi
730,Events2move,dmn,LH_F1,LH_PostCing,0.0,overlap_coef,all,froi
730,Events2move,dmn,LH_F1,LH_TPJ,0.0,overlap_coef,all,froi
730,Events2move,dmn,LH_F1,LH_MidCing,0.0,overlap_coef,all,froi
730,Events2move,dmn,LH_F1,LH_STGorInsula,0.0,overlap_coef,all,froi
730,Events2move,dmn,LH_F1,LH_AntTemp,0.0,overlap_coef,all,froi
730,Events2move,dmn,LH_TP2,LH_FrontalMed,0.0,overlap_coef,all,froi
730,Events2move,dmn,LH_TP2,LH_PostCing,0.0,overlap_coef,all,froi
730,Events2move,dmn,LH_TP2,LH_TPJ,0.0,overlap_coef,all,froi
730,Events2move,dmn,LH_TP2,LH_MidCing,0.0,overlap_coef,all,froi
730,Events2move,dmn,LH_TP2,LH_STGorInsula,0.0,overlap_coef,all,froi
730,Events2move,dmn,LH_TP2,LH_AntTemp,0.0,overlap_coef,all,froi
730,Events2move,dmn,LH_TP3,LH_FrontalMed,0.0,overlap_coef,all,froi
730,Events2move,dmn,LH_TP3,LH_PostCing,0.0,overlap_coef,all,froi
730,Events2move,dmn,LH_TP3,LH_TPJ,0.13513513513513514,overlap_coef,all,froi
730,Events2move,dmn,LH_TP3,LH_MidCing,0.0,overlap_coef,all,froi
730,Events2move,dmn,LH_TP3,LH_STGorInsula,0.0,overlap_coef,all,froi
730,Events2move,dmn,LH_TP3,LH_AntTemp,0.0,overlap_coef,all,froi
730,Events2move,dmn,LH_TP1,LH_FrontalMed,0.0,overlap_coef,all,froi
730,Events2move,dmn,LH_TP1,LH_PostCing,0.0,overlap_coef,all,froi
730,Events2move,dmn,LH_TP1,LH_TPJ,0.0,overlap_coef,all,froi
730,Events2move,dmn,LH_TP1,LH_MidCing,0.0,overlap_coef,all,froi
730,Events2move,dmn,LH_TP1,LH_STGorInsula,0.0,overlap_coef,all,froi
730,Events2move,dmn,LH_TP1,LH_AntTemp,0.0,overlap_coef,all,froi
730,Events2move,dmn,LH_TP4,LH_FrontalMed,0.0,overlap_coef,all,froi
730,Events2move,dmn,LH_TP4,LH_PostCing,0.0,overlap_coef,all,froi
730,Events2move,dmn,LH_TP4,LH_TPJ,0.0,overlap_coef,all,froi
730,Events2move,dmn,LH_TP4,LH_MidCing,0.0,overlap_coef,all,froi
730,Events2move,dmn,LH_TP4,LH_STGorInsula,0.0,overlap_coef,all,froi
730,Events2move,dmn,LH_TP4,LH_AntTemp,0.0,overlap_coef,all,froi
730,Events2move,dmn,RH_Cer1,LH_FrontalMed,0.0,overlap_coef,all,froi
730,Events2move,dmn,RH_Cer1,LH_PostCing,0.0,overlap_coef,all,froi
730,Events2move,dmn,RH_Cer1,LH_TPJ,0.0,overlap_coef,all,froi
730,Events2move,dmn,RH_Cer1,LH_MidCing,0.0,overlap_coef,all,froi
730,Events2move,dmn,RH_Cer1,LH_STGorInsula,0.0,overlap_coef,all,froi
730,Events2move,dmn,RH_Cer1,LH_AntTemp,0.0,overlap_coef,all,froi
730,Events2move,dmn,LH_MID3,LH_FrontalMed,0.0,overlap_coef,all,froi
730,Events2move,dmn,LH_MID3,LH_PostCing,0.0,overlap_coef,all,froi
730,Events2move,dmn,LH_MID3,LH_TPJ,0.0,overlap_coef,all,froi
730,Events2move,dmn,LH_MID3,LH_MidCing,0.0,overlap_coef,all,froi
730,Events2move,dmn,LH_MID3,LH_STGorInsula,0.0,overlap_coef,all,froi
730,Events2move,dmn,LH_MID3,LH_AntTemp,0.0,overlap_coef,all,froi
730,Events2move,dmn,LH_F4,LH_FrontalMed,0.0,overlap_coef,all,froi
730,Events2move,dmn,LH_F4,LH_PostCing,0.0,overlap_coef,all,froi
730,Events2move,dmn,LH_F4,LH_TPJ,0.0,overlap_coef,all,froi
730,Events2move,dmn,LH_F4,LH_MidCing,0.0,overlap_coef,all,froi
730,Events2move,dmn,LH_F4,LH_STGorInsula,0.0,overlap_coef,all,froi
730,Events2move,dmn,LH_F4,LH_AntTemp,0.0,overlap_coef,all,froi
730,Events2move,dmn,RH_Cer2,LH_FrontalMed,0.0,overlap_coef,all,froi
730,Events2move,dmn,RH_Cer2,LH_PostCing,0.0,overlap_coef,all,froi
730,Events2move,dmn,RH_Cer2,LH_TPJ,0.0,overlap_coef,all,froi
730,Events2move,dmn,RH_Cer2,LH_MidCing,0.0,overlap_coef,all,froi
730,Events2move,dmn,RH_Cer2,LH_STGorInsula,0.0,overlap_coef,all,froi
730,Events2move,dmn,RH_Cer2,LH_AntTemp,0.0,overlap_coef,all,froi
730,Events2move,dmn,LH_F3,LH_FrontalMed,0.0,overlap_coef,all,froi
730,Events2move,dmn,LH_F3,LH_PostCing,0.0,overlap_coef,all,froi
730,Events2move,dmn,LH_F3,LH_TPJ,0.0,overlap_coef,all,froi
730,Events2move,dmn,LH_F3,LH_MidCing,0.0,overlap_coef,all,froi
730,Events2move,dmn,LH_F3,LH_STGorInsula,0.0,overlap_coef,all,froi
730,Events2move,dmn,LH_F3,LH_AntTemp,0.0,overlap_coef,all,froi
730,Events2move,dmn,LH_F5,LH_FrontalMed,0.0,overlap_coef,all,froi
730,Events2move,dmn,LH_F5,LH_PostCing,0.0,overlap_coef,all,froi
730,Events2move,dmn,LH_F5,LH_TPJ,0.0,overlap_coef,all,froi
730,Events2move,dmn,LH_F5,LH_MidCing,0.0,overlap_coef,all,froi
730,Events2move,dmn,LH_F5,LH_STGorInsula,0.0,overlap_coef,all,froi
730,Events2move,dmn,LH_F5,LH_AntTemp,0.0,overlap_coef,all,froi
776,Events2move,language,LH_F2,LH_IFGorb,0.0,overlap_coef,all,froi
776,Events2move,language,LH_F2,LH_IFG,0.0,overlap_coef,all,froi
776,Events2move,language,LH_F2,LH_MFG,0.0,overlap_coef,all,froi
776,Events2move,language,LH_F2,LH_AntTemp,0.0,overlap_coef,all,froi
776,Events2move,language,LH_F2,LH_PostTemp,0.0,overlap_coef,all,froi
776,Events2move,language,LH_F2,LH_AngG,0.0,overlap_coef,all,froi
776,Events2move,language,LH_F1,LH_IFGorb,0.08108108108108109,overlap_coef,all,froi
776,Events2move,language,LH_F1,LH_IFG,0.0,overlap_coef,all,froi
776,Events2move,language,LH_F1,LH_MFG,0.0,overlap_coef,all,froi
776,Events2move,language,LH_F1,LH_AntTemp,0.0,overlap_coef,all,froi
776,Events2move,language,LH_F1,LH_PostTemp,0.0,overlap_coef,all,froi
776,Events2move,language,LH_F1,LH_AngG,0.0,overlap_coef,all,froi
776,Events2move,language,LH_TP2,LH_IFGorb,0.0,overlap_coef,all,froi
776,Events2move,language,LH_TP2,LH_IFG,0.0,overlap_coef,all,froi
776,Events2move,language,LH_TP2,LH_MFG,0.0,overlap_coef,all,froi
776,Events2move,language,LH_TP2,LH_AntTemp,0.0,overlap_coef,all,froi
776,Events2move,language,LH_TP2,LH_PostTemp,0.10465116279069768,overlap_coef,all,froi
776,Events2move,language,LH_TP2,LH_AngG,0.0,overlap_coef,all,froi
776,Events2move,language,LH_TP3,LH_IFGorb,0.0,overlap_coef,all,froi
776,Events2move,language,LH_TP3,LH_IFG,0.0,overlap_coef,all,froi
776,Events2move,language,LH_TP3,LH_MFG,0.0,overlap_coef,all,froi
776,Events2move,language,LH_TP3,LH_AntTemp,0.0,overlap_coef,all,froi
776,Events2move,language,LH_TP3,LH_PostTemp,0.013333333333333334,overlap_coef,all,froi
776,Events2move,language,LH_TP3,LH_AngG,0.35135135135135137,overlap_coef,all,froi
776,Events2move,language,LH_TP1,LH_IFGorb,0.0,overlap_coef,all,froi
776,Events2move,language,LH_TP1,LH_IFG,0.0,overlap_coef,all,froi
776,Events2move,language,LH_TP1,LH_MFG,0.0,overlap_coef,all,froi
776,Events2move,language,LH_TP1,LH_AntTemp,0.0,overlap_coef,all,froi
776,Events2move,language,LH_TP1,LH_PostTemp,0.0,overlap_coef,all,froi
776,Events2move,language,LH_TP1,LH_AngG,0.0,overlap_coef,all,froi
776,Events2move,language,LH_TP4,LH_IFGorb,0.0,overlap_coef,all,froi
776,Events2move,language,LH_TP4,LH_IFG,0.0,overlap_coef,all,froi
776,Events2move,language,LH_TP4,LH_MFG,0.0,overlap_coef,all,froi
776,Events2move,language,LH_TP4,LH_AntTemp,0.0,overlap_coef,all,froi
776,Events2move,language,LH_TP4,LH_PostTemp,0.0,overlap_coef,all,froi
776,Events2move,language,LH_TP4,LH_AngG,0.0,overlap_coef,all,froi
776,Events2move,language,RH_Cer1,LH_IFGorb,0.0,overlap_coef,all,froi
776,Events2move,language,RH_Cer1,LH_IFG,0.0,overlap_coef,all,froi
776,Events2move,language,RH_Cer1,LH_MFG,0.0,overlap_coef,all,froi
776,Events2move,language,RH_Cer1,LH_AntTemp,0.0,overlap_coef,all,froi
776,Events2move,language,RH_Cer1,LH_PostTemp,0.0,overlap_coef,all,froi
776,Events2move,language,RH_Cer1,LH_AngG,0.0,overlap_coef,all,froi
776,Events2move,language,LH_MID3,LH_IFGorb,0.0,overlap_coef,all,froi
776,Events2move,language,LH_MID3,LH_IFG,0.0,overlap_coef,all,froi
776,Events2move,language,LH_MID3,LH_MFG,0.0,overlap_coef,all,froi
776,Events2move,language,LH_MID3,LH_AntTemp,0.0,overlap_coef,all,froi
776,Events2move,language,LH_MID3,LH_PostTemp,0.0,overlap_coef,all,froi
776,Events2move,language,LH_MID3,LH_AngG,0.0,overlap_coef,all,froi
776,Events2move,language,LH_F4,LH_IFGorb,0.0,overlap_coef,all,froi
776,Events2move,language,LH_F4,LH_IFG,0.0,overlap_coef,all,froi
776,Events2move,language,LH_F4,LH_MFG,0.16,overlap_coef,all,froi
776,Events2move,language,LH_F4,LH_AntTemp,0.0,overlap_coef,all,froi
776,Events2move,language,LH_F4,LH_PostTemp,0.0,overlap_coef,all,froi
776,Events2move,language,LH_F4,LH_AngG,0.0,overlap_coef,all,froi
776,Events2move,language,RH_Cer2,LH_IFGorb,0.0,overlap_coef,all,froi
776,Events2move,language,RH_Cer2,LH_IFG,0.0,overlap_coef,all,froi
776,Events2move,language,RH_Cer2,LH_MFG,0.0,overlap_coef,all,froi
776,Events2move,language,RH_Cer2,LH_AntTemp,0.0,overlap_coef,all,froi
776,Events2move,language,RH_Cer2,LH_PostTemp,0.0,overlap_coef,all,froi
776,Events2move,language,RH_Cer2,LH_AngG,0.0,overlap_coef,all,froi
776,Events2move,language,LH_F3,LH_IFGorb,0.0,overlap_coef,all,froi
776,Events2move,language,LH_F3,LH_IFG,0.0,overlap_coef,all,froi
776,Events2move,language,LH_F3,LH_MFG,0.0,overlap_coef,all,froi
776,Events2move,language,LH_F3,LH_AntTemp,0.0,overlap_coef,all,froi
776,Events2move,language,LH_F3,LH_PostTemp,0.0,overlap_coef,all,froi
776,Events2move,language,LH_F3,LH_AngG,0.0,overlap_coef,all,froi
776,Events2move,language,LH_F5,LH_IFGorb,0.0,overlap_coef,all,froi
776,Events2move,language,LH_F5,LH_IFG,0.0,overlap_coef,all,froi
776,Events2move,language,LH_F5,LH_MFG,0.0,overlap_coef,all,froi
776,Events2move,language,LH_F5,LH_AntTemp,0.0,overlap_coef,all,froi
776,Events2move,language,LH_F5,LH_PostTemp,0.0,overlap_coef,all,froi
776,Events2move,language,LH_F5,LH_AngG,0.0,overlap_coef,all,froi
776,Events2move,md,LH_F2,LH_postParietal,0.0,overlap_coef,all,froi
776,Events2move,md,LH_F2,LH_midParietal,0.0,overlap_coef,all,froi
776,Events2move,md,LH_F2,LH_antParietal,0.0,overlap_coef,all,froi
776,Events2move,md,LH_F2,LH_supFrontal,0.0,overlap_coef,all,froi
776,Events2move,md,LH_F2,LH_Precentral_A_precG,0.0,overlap_coef,all,froi
776,Events2move,md,LH_F2,LH_Precentral_B_IFGop,0.0,overlap_coef,all,froi
776,Events2move,md,LH_F2,LH_midFrontal,0.0,overlap_coef,all,froi
776,Events2move,md,LH_F2,LH_midFrontalOrb,0.0,overlap_coef,all,froi
776,Events2move,md,LH_F2,LH_insula,0.0,overlap_coef,all,froi
776,Events2move,md,LH_F2,LH_medialFrontal,0.0,overlap_coef,all,froi
776,Events2move,md,LH_F1,LH_postParietal,0.0,overlap_coef,all,froi
776,Events2move,md,LH_F1,LH_midParietal,0.0,overlap_coef,all,froi
776,Events2move,md,LH_F1,LH_antParietal,0.0,overlap_coef,all,froi
776,Events2move,md,LH_F1,LH_supFrontal,0.0,overlap_coef,all,froi
776,Events2move,md,LH_F1,LH_Precentral_A_precG,0.0,overlap_coef,all,froi
776,Events2move,md,LH_F1,LH_Precentral_B_IFGop,0.0,overlap_coef,all,froi
776,Events2move,md,LH_F1,LH_midFrontal,0.0,overlap_coef,all,froi
776,Events2move,md,LH_F1,LH_midFrontalOrb,0.0,overlap_coef,all,froi
776,Events2move,md,LH_F1,LH_insula,0.0,overlap_coef,all,froi
776,Events2move,md,LH_F1,LH_medialFrontal,0.0,overlap_coef,all,froi
776,Events2move,md,LH_TP2,LH_postParietal,0.0,overlap_coef,all,froi
776,Events2move,md,LH_TP2,LH_midParietal,0.0,overlap_coef,all,froi
776,Events2move,md,LH_TP2,LH_antParietal,0.0,overlap_coef,all,froi
776,Events2move,md,LH_TP2,LH_supFrontal,0.0,overlap_coef,all,froi
776,Events2move,md,LH_TP2,LH_Precentral_A_precG,0.0,overlap_coef,all,froi
776,Events2move,md,LH_TP2,LH_Precentral_B_IFGop,0.0,overlap_coef,all,froi
776,Events2move,md,LH_TP2,LH_midFrontal,0.0,overlap_coef,all,froi
776,Events2move,md,LH_TP2,LH_midFrontalOrb,0.0,overlap_coef,all,froi
776,Events2move,md,LH_TP2,LH_insula,0.0,overlap_coef,all,froi
776,Events2move,md,LH_TP2,LH_medialFrontal,0.0,overlap_coef,all,froi
776,Events2move,md,LH_TP3,LH_postParietal,0.0,overlap_coef,all,froi
776,Events2move,md,LH_TP3,LH_midParietal,0.0,overlap_coef,all,froi
776,Events2move,md,LH_TP3,LH_antParietal,0.0,overlap_coef,all,froi
776,Events2move,md,LH_TP3,LH_supFrontal,0.0,overlap_coef,all,froi
776,Events2move,md,LH_TP3,LH_Precentral_A_precG,0.0,overlap_coef,all,froi
776,Events2move,md,LH_TP3,LH_Precentral_B_IFGop,0.0,overlap_coef,all,froi
776,Events2move,md,LH_TP3,LH_midFrontal,0.0,overlap_coef,all,froi
776,Events2move,md,LH_TP3,LH_midFrontalOrb,0.0,overlap_coef,all,froi
776,Events2move,md,LH_TP3,LH_insula,0.0,overlap_coef,all,froi
776,Events2move,md,LH_TP3,LH_medialFrontal,0.0,overlap_coef,all,froi
776,Events2move,md,LH_TP1,LH_postParietal,0.0,overlap_coef,all,froi
776,Events2move,md,LH_TP1,LH_midParietal,0.0,overlap_coef,all,froi
776,Events2move,md,LH_TP1,LH_antParietal,0.0,overlap_coef,all,froi
776,Events2move,md,LH_TP1,LH_supFrontal,0.0,overlap_coef,all,froi
776,Events2move,md,LH_TP1,LH_Precentral_A_precG,0.0,overlap_coef,all,froi
776,Events2move,md,LH_TP1,LH_Precentral_B_IFGop,0.0,overlap_coef,all,froi
776,Events2move,md,LH_TP1,LH_midFrontal,0.0,overlap_coef,all,froi
776,Events2move,md,LH_TP1,LH_midFrontalOrb,0.0,overlap_coef,all,froi
776,Events2move,md,LH_TP1,LH_insula,0.0,overlap_coef,all,froi
776,Events2move,md,LH_TP1,LH_medialFrontal,0.0,overlap_coef,all,froi
776,Events2move,md,LH_TP4,LH_postParietal,0.0,overlap_coef,all,froi
776,Events2move,md,LH_TP4,LH_midParietal,0.0,overlap_coef,all,froi
776,Events2move,md,LH_TP4,LH_antParietal,0.0,overlap_coef,all,froi
776,Events2move,md,LH_TP4,LH_supFrontal,0.0,overlap_coef,all,froi
776,Events2move,md,LH_TP4,LH_Precentral_A_precG,0.0,overlap_coef,all,froi
776,Events2move,md,LH_TP4,LH_Precentral_B_IFGop,0.0,overlap_coef,all,froi
776,Events2move,md,LH_TP4,LH_midFrontal,0.0,overlap_coef,all,froi
776,Events2move,md,LH_TP4,LH_midFrontalOrb,0.0,overlap_coef,all,froi
776,Events2move,md,LH_TP4,LH_insula,0.0,overlap_coef,all,froi
776,Events2move,md,LH_TP4,LH_medialFrontal,0.0,overlap_coef,all,froi
776,Events2move,md,RH_Cer1,LH_postParietal,0.0,overlap_coef,all,froi
776,Events2move,md,RH_Cer1,LH_midParietal,0.0,overlap_coef,all,froi
776,Events2move,md,RH_Cer1,LH_antParietal,0.0,overlap_coef,all,froi
776,Events2move,md,RH_Cer1,LH_supFrontal,0.0,overlap_coef,all,froi
776,Events2move,md,RH_Cer1,LH_Precentral_A_precG,0.0,overlap_coef,all,froi
776,Events2move,md,RH_Cer1,LH_Precentral_B_IFGop,0.0,overlap_coef,all,froi
776,Events2move,md,RH_Cer1,LH_midFrontal,0.0,overlap_coef,all,froi
776,Events2move,md,RH_Cer1,LH_midFrontalOrb,0.0,overlap_coef,all,froi
776,Events2move,md,RH_Cer1,LH_insula,0.0,overlap_coef,all,froi
776,Events2move,md,RH_Cer1,LH_medialFrontal,0.0,overlap_coef,all,froi
776,Events2move,md,LH_MID3,LH_postParietal,0.0,overlap_coef,all,froi
776,Events2move,md,LH_MID3,LH_midParietal,0.0,overlap_coef,all,froi
776,Events2move,md,LH_MID3,LH_antParietal,0.0,overlap_coef,all,froi
776,Events2move,md,LH_MID3,LH_supFrontal,0.0,overlap_coef,all,froi
776,Events2move,md,LH_MID3,LH_Precentral_A_precG,0.0,overlap_coef,all,froi
776,Events2move,md,LH_MID3,LH_Precentral_B_IFGop,0.0,overlap_coef,all,froi
776,Events2move,md,LH_MID3,LH_midFrontal,0.0,overlap_coef,all,froi
776,Events2move,md,LH_MID3,LH_midFrontalOrb,0.0,overlap_coef,all,froi
776,Events2move,md,LH_MID3,LH_insula,0.0,overlap_coef,all,froi
776,Events2move,md,LH_MID3,LH_medialFrontal,0.13725490196078433,overlap_coef,all,froi
776,Events2move,md,LH_F4,LH_postParietal,0.0,overlap_coef,all,froi
776,Events2move,md,LH_F4,LH_midParietal,0.0,overlap_coef,all,froi
776,Events2move,md,LH_F4,LH_antParietal,0.0,overlap_coef,all,froi
776,Events2move,md,LH_F4,LH_supFrontal,0.0,overlap_coef,all,froi
776,Events2move,md,LH_F4,LH_Precentral_A_precG,0.0,overlap_coef,all,froi
776,Events2move,md,LH_F4,LH_Precentral_B_IFGop,0.0,overlap_coef,all,froi
776,Events2move,md,LH_F4,LH_midFrontal,0.0,overlap_coef,all,froi
776,Events2move,md,LH_F4,LH_midFrontalOrb,0.0,overlap_coef,all,froi
776,Events2move,md,LH_F4,LH_insula,0.0,overlap_coef,all,froi
776,Events2move,md,LH_F4,LH_medialFrontal,0.0,overlap_coef,all,froi
776,Events2move,md,RH_Cer2,LH_postParietal,0.0,overlap_coef,all,froi
776,Events2move,md,RH_Cer2,LH_midParietal,0.0,overlap_coef,all,froi
776,Events2move,md,RH_Cer2,LH_antParietal,0.0,overlap_coef,all,froi
776,Events2move,md,RH_Cer2,LH_supFrontal,0.0,overlap_coef,all,froi
776,Events2move,md,RH_Cer2,LH_Precentral_A_precG,0.0,overlap_coef,all,froi
776,Events2move,md,RH_Cer2,LH_Precentral_B_IFGop,0.0,overlap_coef,all,froi
776,Events2move,md,RH_Cer2,LH_midFrontal,0.0,overlap_coef,all,froi
776,Events2move,md,RH_Cer2,LH_midFrontalOrb,0.0,overlap_coef,all,froi
776,Events2move,md,RH_Cer2,LH_insula,0.0,overlap_coef,all,froi
776,Events2move,md,RH_Cer2,LH_medialFrontal,0.0,overlap_coef,all,froi
776,Events2move,md,LH_F3,LH_postParietal,0.0,overlap_coef,all,froi
776,Events2move,md,LH_F3,LH_midParietal,0.0,overlap_coef,all,froi
776,Events2move,md,LH_F3,LH_antParietal,0.0,overlap_coef,all,froi
776,Events2move,md,LH_F3,LH_supFrontal,0.0,overlap_coef,all,froi
776,Events2move,md,LH_F3,LH_Precentral_A_precG,0.0,overlap_coef,all,froi
776,Events2move,md,LH_F3,LH_Precentral_B_IFGop,0.0,overlap_coef,all,froi
776,Events2move,md,LH_F3,LH_midFrontal,0.0,overlap_coef,all,froi
776,Events2move,md,LH_F3,LH_midFrontalOrb,0.0,overlap_coef,all,froi
776,Events2move,md,LH_F3,LH_insula,0.0,overlap_coef,all,froi
776,Events2move,md,LH_F3,LH_medialFrontal,0.0,overlap_coef,all,froi
776,Events2move,md,LH_F5,LH_postParietal,0.0,overlap_coef,all,froi
776,Events2move,md,LH_F5,LH_midParietal,0.0,overlap_coef,all,froi
776,Events2move,md,LH_F5,LH_antParietal,0.0,overlap_coef,all,froi
776,Events2move,md,LH_F5,LH_supFrontal,0.0,overlap_coef,all,froi
776,Events2move,md,LH_F5,LH_Precentral_A_precG,0.0,overlap_coef,all,froi
776,Events2move,md,LH_F5,LH_Precentral_B_IFGop,0.0,overlap_coef,all,froi
776,Events2move,md,LH_F5,LH_midFrontal,0.0,overlap_coef,all,froi
776,Events2move,md,LH_F5,LH_midFrontalOrb,0.0,overlap_coef,all,froi
776,Events2move,md,LH_F5,LH_insula,0.0,overlap_coef,all,froi
776,Events2move,md,LH_F5,LH_medialFrontal,0.0,overlap_coef,all,froi
776,Events2move,dmn,LH_F2,LH_FrontalMed,0.0,overlap_coef,all,froi
776,Events2move,dmn,LH_F2,LH_PostCing,0.0,overlap_coef,all,froi
776,Events2move,dmn,LH_F2,LH_TPJ,0.0,overlap_coef,all,froi
776,Events2move,dmn,LH_F2,LH_MidCing,0.0,overlap_coef,all,froi
776,Events2move,dmn,LH_F2,LH_STGorInsula,0.0,overlap_coef,all,froi
776,Events2move,dmn,LH_F2,LH_AntTemp,0.0,overlap_coef,all,froi
776,Events2move,dmn,LH_F1,LH_FrontalMed,0.0,overlap_coef,all,froi
776,Events2move,dmn,LH_F1,LH_PostCing,0.0,overlap_coef,all,froi
776,Events2move,dmn,LH_F1,LH_TPJ,0.0,overlap_coef,all,froi
776,Events2move,dmn,LH_F1,LH_MidCing,0.0,overlap_coef,all,froi
776,Events2move,dmn,LH_F1,LH_STGorInsula,0.0,overlap_coef,all,froi
776,Events2move,dmn,LH_F1,LH_AntTemp,0.0,overlap_coef,all,froi
776,Events2move,dmn,LH_TP2,LH_FrontalMed,0.0,overlap_coef,all,froi
776,Events2move,dmn,LH_TP2,LH_PostCing,0.0,overlap_coef,all,froi
776,Events2move,dmn,LH_TP2,LH_TPJ,0.0,overlap_coef,all,froi
776,Events2move,dmn,LH_TP2,LH_MidCing,0.0,overlap_coef,all,froi
776,Events2move,dmn,LH_TP2,LH_STGorInsula,0.0,overlap_coef,all,froi
776,Events2move,dmn,LH_TP2,LH_AntTemp,0.0,overlap_coef,all,froi
776,Events2move,dmn,LH_TP3,LH_FrontalMed,0.0,overlap_coef,all,froi
776,Events2move,dmn,LH_TP3,LH_PostCing,0.0,overlap_coef,all,froi
776,Events2move,dmn,LH_TP3,LH_TPJ,0.05405405405405406,overlap_coef,all,froi
776,Events2move,dmn,LH_TP3,LH_MidCing,0.0,overlap_coef,all,froi
776,Events2move,dmn,LH_TP3,LH_STGorInsula,0.0,overlap_coef,all,froi
776,Events2move,dmn,LH_TP3,LH_AntTemp,0.0,overlap_coef,all,froi
776,Events2move,dmn,LH_TP1,LH_FrontalMed,0.0,overlap_coef,all,froi
776,Events2move,dmn,LH_TP1,LH_PostCing,0.0,overlap_coef,all,froi
776,Events2move,dmn,LH_TP1,LH_TPJ,0.0,overlap_coef,all,froi
776,Events2move,dmn,LH_TP1,LH_MidCing,0.0,overlap_coef,all,froi
776,Events2move,dmn,LH_TP1,LH_STGorInsula,0.0,overlap_coef,all,froi
776,Events2move,dmn,LH_TP1,LH_AntTemp,0.0,overlap_coef,all,froi
776,Events2move,dmn,LH_TP4,LH_FrontalMed,0.0,overlap_coef,all,froi
776,Events2move,dmn,LH_TP4,LH_PostCing,0.0,overlap_coef,all,froi
776,Events2move,dmn,LH_TP4,LH_TPJ,0.0,overlap_coef,all,froi
776,Events2move,dmn,LH_TP4,LH_MidCing,0.0,overlap_coef,all,froi
776,Events2move,dmn,LH_TP4,LH_STGorInsula,0.0,overlap_coef,all,froi
776,Events2move,dmn,LH_TP4,LH_AntTemp,0.0,overlap_coef,all,froi
776,Events2move,dmn,RH_Cer1,LH_FrontalMed,0.0,overlap_coef,all,froi
776,Events2move,dmn,RH_Cer1,LH_PostCing,0.0,overlap_coef,all,froi
776,Events2move,dmn,RH_Cer1,LH_TPJ,0.0,overlap_coef,all,froi
776,Events2move,dmn,RH_Cer1,LH_MidCing,0.0,overlap_coef,all,froi
776,Events2move,dmn,RH_Cer1,LH_STGorInsula,0.0,overlap_coef,all,froi
776,Events2move,dmn,RH_Cer1,LH_AntTemp,0.0,overlap_coef,all,froi
776,Events2move,dmn,LH_MID3,LH_FrontalMed,0.0,overlap_coef,all,froi
776,Events2move,dmn,LH_MID3,LH_PostCing,0.0,overlap_coef,all,froi
776,Events2move,dmn,LH_MID3,LH_TPJ,0.0,overlap_coef,all,froi
776,Events2move,dmn,LH_MID3,LH_MidCing,0.0,overlap_coef,all,froi
776,Events2move,dmn,LH_MID3,LH_STGorInsula,0.0,overlap_coef,all,froi
776,Events2move,dmn,LH_MID3,LH_AntTemp,0.0,overlap_coef,all,froi
776,Events2move,dmn,LH_F4,LH_FrontalMed,0.0,overlap_coef,all,froi
776,Events2move,dmn,LH_F4,LH_PostCing,0.0,overlap_coef,all,froi
776,Events2move,dmn,LH_F4,LH_TPJ,0.0,overlap_coef,all,froi
776,Events2move,dmn,LH_F4,LH_MidCing,0.0,overlap_coef,all,froi
776,Events2move,dmn,LH_F4,LH_STGorInsula,0.0,overlap_coef,all,froi
776,Events2move,dmn,LH_F4,LH_AntTemp,0.0,overlap_coef,all,froi
776,Events2move,dmn,RH_Cer2,LH_FrontalMed,0.0,overlap_coef,all,froi
776,Events2move,dmn,RH_Cer2,LH_PostCing,0.0,overlap_coef,all,froi
776,Events2move,dmn,RH_Cer2,LH_TPJ,0.0,overlap_coef,all,froi
776,Events2move,dmn,RH_Cer2,LH_MidCing,0.0,overlap_coef,all,froi
776,Events2move,dmn,RH_Cer2,LH_STGorInsula,0.0,overlap_coef,all,froi
776,Events2move,dmn,RH_Cer2,LH_AntTemp,0.0,overlap_coef,all,froi
776,Events2move,dmn,LH_F3,LH_FrontalMed,0.0,overlap_coef,all,froi
776,Events2move,dmn,LH_F3,LH_PostCing,0.0,overlap_coef,all,froi
776,Events2move,dmn,LH_F3,LH_TPJ,0.0,overlap_coef,all,froi
776,Events2move,dmn,LH_F3,LH_MidCing,0.0,overlap_coef,all,froi
776,Events2move,dmn,LH_F3,LH_STGorInsula,0.0,overlap_coef,all,froi
776,Events2move,dmn,LH_F3,LH_AntTemp,0.0,overlap_coef,all,froi
776,Events2move,dmn,LH_F5,LH_FrontalMed,0.0,overlap_coef,all,froi
776,Events2move,dmn,LH_F5,LH_PostCing,0.0,overlap_coef,all,froi
776,Events2move,dmn,LH_F5,LH_TPJ,0.0,overlap_coef,all,froi
776,Events2move,dmn,LH_F5,LH_MidCing,0.0,overlap_coef,all,froi
776,Events2move,dmn,LH_F5,LH_STGorInsula,0.0,overlap_coef,all,froi
776,Events2move,dmn,LH_F5,LH_AntTemp,0.0,overlap_coef,all,froi
291,Events2move,language,LH_F2,LH_IFGorb,0.0,overlap_coef,all,froi
291,Events2move,language,LH_F2,LH_IFG,0.09210526315789473,overlap_coef,all,froi
291,Events2move,language,LH_F2,LH_MFG,0.0,overlap_coef,all,froi
291,Events2move,language,LH_F2,LH_AntTemp,0.0,overlap_coef,all,froi
291,Events2move,language,LH_F2,LH_PostTemp,0.0,overlap_coef,all,froi
291,Events2move,language,LH_F2,LH_AngG,0.0,overlap_coef,all,froi
291,Events2move,language,LH_F1,LH_IFGorb,0.32432432432432434,overlap_coef,all,froi
291,Events2move,language,LH_F1,LH_IFG,0.09210526315789473,overlap_coef,all,froi
291,Events2move,language,LH_F1,LH_MFG,0.0,overlap_coef,all,froi
291,Events2move,language,LH_F1,LH_AntTemp,0.0,overlap_coef,all,froi
291,Events2move,language,LH_F1,LH_PostTemp,0.0,overlap_coef,all,froi
291,Events2move,language,LH_F1,LH_AngG,0.0,overlap_coef,all,froi
291,Events2move,language,LH_TP2,LH_IFGorb,0.0,overlap_coef,all,froi
291,Events2move,language,LH_TP2,LH_IFG,0.0,overlap_coef,all,froi
291,Events2move,language,LH_TP2,LH_MFG,0.0,overlap_coef,all,froi
291,Events2move,language,LH_TP2,LH_AntTemp,0.0,overlap_coef,all,froi
291,Events2move,language,LH_TP2,LH_PostTemp,0.029069767441860465,overlap_coef,all,froi
291,Events2move,language,LH_TP2,LH_AngG,0.0,overlap_coef,all,froi
291,Events2move,language,LH_TP3,LH_IFGorb,0.0,overlap_coef,all,froi
291,Events2move,language,LH_TP3,LH_IFG,0.0,overlap_coef,all,froi
291,Events2move,language,LH_TP3,LH_MFG,0.0,overlap_coef,all,froi
291,Events2move,language,LH_TP3,LH_AntTemp,0.0,overlap_coef,all,froi
291,Events2move,language,LH_TP3,LH_PostTemp,0.0,overlap_coef,all,froi
291,Events2move,language,LH_TP3,LH_AngG,0.0945945945945946,overlap_coef,all,froi
291,Events2move,language,LH_TP1,LH_IFGorb,0.0,overlap_coef,all,froi
291,Events2move,language,LH_TP1,LH_IFG,0.0,overlap_coef,all,froi
291,Events2move,language,LH_TP1,LH_MFG,0.0,overlap_coef,all,froi
291,Events2move,language,LH_TP1,LH_AntTemp,0.0,overlap_coef,all,froi
291,Events2move,language,LH_TP1,LH_PostTemp,0.0,overlap_coef,all,froi
291,Events2move,language,LH_TP1,LH_AngG,0.0,overlap_coef,all,froi
291,Events2move,language,LH_TP4,LH_IFGorb,0.0,overlap_coef,all,froi
291,Events2move,language,LH_TP4,LH_IFG,0.0,overlap_coef,all,froi
291,Events2move,language,LH_TP4,LH_MFG,0.0,overlap_coef,all,froi
291,Events2move,language,LH_TP4,LH_AntTemp,0.0,overlap_coef,all,froi
291,Events2move,language,LH_TP4,LH_PostTemp,0.0,overlap_coef,all,froi
291,Events2move,language,LH_TP4,LH_AngG,0.0,overlap_coef,all,froi
291,Events2move,language,RH_Cer1,LH_IFGorb,0.0,overlap_coef,all,froi
291,Events2move,language,RH_Cer1,LH_IFG,0.0,overlap_coef,all,froi
291,Events2move,language,RH_Cer1,LH_MFG,0.0,overlap_coef,all,froi
291,Events2move,language,RH_Cer1,LH_AntTemp,0.0,overlap_coef,all,froi
291,Events2move,language,RH_Cer1,LH_PostTemp,0.0,overlap_coef,all,froi
291,Events2move,language,RH_Cer1,LH_AngG,0.0,overlap_coef,all,froi
291,Events2move,language,LH_MID3,LH_IFGorb,0.0,overlap_coef,all,froi
291,Events2move,language,LH_MID3,LH_IFG,0.0,overlap_coef,all,froi
291,Events2move,language,LH_MID3,LH_MFG,0.0,overlap_coef,all,froi
291,Events2move,language,LH_MID3,LH_AntTemp,0.0,overlap_coef,all,froi
291,Events2move,language,LH_MID3,LH_PostTemp,0.0,overlap_coef,all,froi
291,Events2move,language,LH_MID3,LH_AngG,0.0,overlap_coef,all,froi
291,Events2move,language,LH_F4,LH_IFGorb,0.0,overlap_coef,all,froi
291,Events2move,language,LH_F4,LH_IFG,0.0,overlap_coef,all,froi
291,Events2move,language,LH_F4,LH_MFG,0.0,overlap_coef,all,froi
291,Events2move,language,LH_F4,LH_AntTemp,0.0,overlap_coef,all,froi
291,Events2move,language,LH_F4,LH_PostTemp,0.0,overlap_coef,all,froi
291,Events2move,language,LH_F4,LH_AngG,0.0,overlap_coef,all,froi
291,Events2move,language,RH_Cer2,LH_IFGorb,0.0,overlap_coef,all,froi
291,Events2move,language,RH_Cer2,LH_IFG,0.0,overlap_coef,all,froi
291,Events2move,language,RH_Cer2,LH_MFG,0.0,overlap_coef,all,froi
291,Events2move,language,RH_Cer2,LH_AntTemp,0.0,overlap_coef,all,froi
291,Events2move,language,RH_Cer2,LH_PostTemp,0.0,overlap_coef,all,froi
291,Events2move,language,RH_Cer2,LH_AngG,0.0,overlap_coef,all,froi
291,Events2move,language,LH_F3,LH_IFGorb,0.0,overlap_coef,all,froi
291,Events2move,language,LH_F3,LH_IFG,0.0,overlap_coef,all,froi
291,Events2move,language,LH_F3,LH_MFG,0.0,overlap_coef,all,froi
291,Events2move,language,LH_F3,LH_AntTemp,0.0,overlap_coef,all,froi
291,Events2move,language,LH_F3,LH_PostTemp,0.0,overlap_coef,all,froi
291,Events2move,language,LH_F3,LH_AngG,0.0,overlap_coef,all,froi
291,Events2move,language,LH_F5,LH_IFGorb,0.0,overlap_coef,all,froi
291,Events2move,language,LH_F5,LH_IFG,0.0,overlap_coef,all,froi
291,Events2move,language,LH_F5,LH_MFG,0.0,overlap_coef,all,froi
291,Events2move,language,LH_F5,LH_AntTemp,0.0,overlap_coef,all,froi
291,Events2move,language,LH_F5,LH_PostTemp,0.0,overlap_coef,all,froi
291,Events2move,language,LH_F5,LH_AngG,0.0,overlap_coef,all,froi
291,Events2move,md,LH_F2,LH_postParietal,0.0,overlap_coef,all,froi
291,Events2move,md,LH_F2,LH_midParietal,0.0,overlap_coef,all,froi
291,Events2move,md,LH_F2,LH_antParietal,0.0,overlap_coef,all,froi
291,Events2move,md,LH_F2,LH_supFrontal,0.0,overlap_coef,all,froi
291,Events2move,md,LH_F2,LH_Precentral_A_precG,0.0,overlap_coef,all,froi
291,Events2move,md,LH_F2,LH_Precentral_B_IFGop,0.0,overlap_coef,all,froi
291,Events2move,md,LH_F2,LH_midFrontal,0.034482758620689655,overlap_coef,all,froi
291,Events2move,md,LH_F2,LH_midFrontalOrb,0.0,overlap_coef,all,froi
291,Events2move,md,LH_F2,LH_insula,0.0,overlap_coef,all,froi
291,Events2move,md,LH_F2,LH_medialFrontal,0.0,overlap_coef,all,froi
291,Events2move,md,LH_F1,LH_postParietal,0.0,overlap_coef,all,froi
291,Events2move,md,LH_F1,LH_midParietal,0.0,overlap_coef,all,froi
291,Events2move,md,LH_F1,LH_antParietal,0.0,overlap_coef,all,froi
291,Events2move,md,LH_F1,LH_supFrontal,0.0,overlap_coef,all,froi
291,Events2move,md,LH_F1,LH_Precentral_A_precG,0.0,overlap_coef,all,froi
291,Events2move,md,LH_F1,LH_Precentral_B_IFGop,0.0,overlap_coef,all,froi
291,Events2move,md,LH_F1,LH_midFrontal,0.013888888888888888,overlap_coef,all,froi
291,Events2move,md,LH_F1,LH_midFrontalOrb,0.0,overlap_coef,all,froi
291,Events2move,md,LH_F1,LH_insula,0.0,overlap_coef,all,froi
291,Events2move,md,LH_F1,LH_medialFrontal,0.0,overlap_coef,all,froi
291,Events2move,md,LH_TP2,LH_postParietal,0.0,overlap_coef,all,froi
291,Events2move,md,LH_TP2,LH_midParietal,0.0,overlap_coef,all,froi
291,Events2move,md,LH_TP2,LH_antParietal,0.0,overlap_coef,all,froi
291,Events2move,md,LH_TP2,LH_supFrontal,0.0,overlap_coef,all,froi
291,Events2move,md,LH_TP2,LH_Precentral_A_precG,0.0,overlap_coef,all,froi
291,Events2move,md,LH_TP2,LH_Precentral_B_IFGop,0.0,overlap_coef,all,froi
291,Events2move,md,LH_TP2,LH_midFrontal,0.0,overlap_coef,all,froi
291,Events2move,md,LH_TP2,LH_midFrontalOrb,0.0,overlap_coef,all,froi
291,Events2move,md,LH_TP2,LH_insula,0.0,overlap_coef,all,froi
291,Events2move,md,LH_TP2,LH_medialFrontal,0.0,overlap_coef,all,froi
291,Events2move,md,LH_TP3,LH_postParietal,0.0,overlap_coef,all,froi
291,Events2move,md,LH_TP3,LH_midParietal,0.0,overlap_coef,all,froi
291,Events2move,md,LH_TP3,LH_antParietal,0.0,overlap_coef,all,froi
291,Events2move,md,LH_TP3,LH_supFrontal,0.0,overlap_coef,all,froi
291,Events2move,md,LH_TP3,LH_Precentral_A_precG,0.0,overlap_coef,all,froi
291,Events2move,md,LH_TP3,LH_Precentral_B_IFGop,0.0,overlap_coef,all,froi
291,Events2move,md,LH_TP3,LH_midFrontal,0.0,overlap_coef,all,froi
291,Events2move,md,LH_TP3,LH_midFrontalOrb,0.0,overlap_coef,all,froi
291,Events2move,md,LH_TP3,LH_insula,0.0,overlap_coef,all,froi
291,Events2move,md,LH_TP3,LH_medialFrontal,0.0,overlap_coef,all,froi
291,Events2move,md,LH_TP1,LH_postParietal,0.0,overlap_coef,all,froi
291,Events2move,md,LH_TP1,LH_midParietal,0.0,overlap_coef,all,froi
291,Events2move,md,LH_TP1,LH_antParietal,0.0,overlap_coef,all,froi
291,Events2move,md,LH_TP1,LH_supFrontal,0.0,overlap_coef,all,froi
291,Events2move,md,LH_TP1,LH_Precentral_A_precG,0.0,overlap_coef,all,froi
291,Events2move,md,LH_TP1,LH_Precentral_B_IFGop,0.0,overlap_coef,all,froi
291,Events2move,md,LH_TP1,LH_midFrontal,0.0,overlap_coef,all,froi
291,Events2move,md,LH_TP1,LH_midFrontalOrb,0.0,overlap_coef,all,froi
291,Events2move,md,LH_TP1,LH_insula,0.0,overlap_coef,all,froi
291,Events2move,md,LH_TP1,LH_medialFrontal,0.0,overlap_coef,all,froi
291,Events2move,md,LH_TP4,LH_postParietal,0.0,overlap_coef,all,froi
291,Events2move,md,LH_TP4,LH_midParietal,0.0,overlap_coef,all,froi
291,Events2move,md,LH_TP4,LH_antParietal,0.0,overlap_coef,all,froi
291,Events2move,md,LH_TP4,LH_supFrontal,0.0,overlap_coef,all,froi
291,Events2move,md,LH_TP4,LH_Precentral_A_precG,0.0,overlap_coef,all,froi
291,Events2move,md,LH_TP4,LH_Precentral_B_IFGop,0.0,overlap_coef,all,froi
291,Events2move,md,LH_TP4,LH_midFrontal,0.0,overlap_coef,all,froi
291,Events2move,md,LH_TP4,LH_midFrontalOrb,0.0,overlap_coef,all,froi
291,Events2move,md,LH_TP4,LH_insula,0.0,overlap_coef,all,froi
291,Events2move,md,LH_TP4,LH_medialFrontal,0.0,overlap_coef,all,froi
291,Events2move,md,RH_Cer1,LH_postParietal,0.0,overlap_coef,all,froi
291,Events2move,md,RH_Cer1,LH_midParietal,0.0,overlap_coef,all,froi
291,Events2move,md,RH_Cer1,LH_antParietal,0.0,overlap_coef,all,froi
291,Events2move,md,RH_Cer1,LH_supFrontal,0.0,overlap_coef,all,froi
291,Events2move,md,RH_Cer1,LH_Precentral_A_precG,0.0,overlap_coef,all,froi
291,Events2move,md,RH_Cer1,LH_Precentral_B_IFGop,0.0,overlap_coef,all,froi
291,Events2move,md,RH_Cer1,LH_midFrontal,0.0,overlap_coef,all,froi
291,Events2move,md,RH_Cer1,LH_midFrontalOrb,0.0,overlap_coef,all,froi
291,Events2move,md,RH_Cer1,LH_insula,0.0,overlap_coef,all,froi
291,Events2move,md,RH_Cer1,LH_medialFrontal,0.0,overlap_coef,all,froi
291,Events2move,md,LH_MID3,LH_postParietal,0.0,overlap_coef,all,froi
291,Events2move,md,LH_MID3,LH_midParietal,0.0,overlap_coef,all,froi
291,Events2move,md,LH_MID3,LH_antParietal,0.0,overlap_coef,all,froi
291,Events2move,md,LH_MID3,LH_supFrontal,0.0,overlap_coef,all,froi
291,Events2move,md,LH_MID3,LH_Precentral_A_precG,0.0,overlap_coef,all,froi
291,Events2move,md,LH_MID3,LH_Precentral_B_IFGop,0.0,overlap_coef,all,froi
291,Events2move,md,LH_MID3,LH_midFrontal,0.0,overlap_coef,all,froi
291,Events2move,md,LH_MID3,LH_midFrontalOrb,0.0,overlap_coef,all,froi
291,Events2move,md,LH_MID3,LH_insula,0.0,overlap_coef,all,froi
291,Events2move,md,LH_MID3,LH_medialFrontal,0.11764705882352941,overlap_coef,all,froi
291,Events2move,md,LH_F4,LH_postParietal,0.0,overlap_coef,all,froi
291,Events2move,md,LH_F4,LH_midParietal,0.0,overlap_coef,all,froi
291,Events2move,md,LH_F4,LH_antParietal,0.0,overlap_coef,all,froi
291,Events2move,md,LH_F4,LH_supFrontal,0.0,overlap_coef,all,froi
291,Events2move,md,LH_F4,LH_Precentral_A_precG,0.0,overlap_coef,all,froi
291,Events2move,md,LH_F4,LH_Precentral_B_IFGop,0.0,overlap_coef,all,froi
291,Events2move,md,LH_F4,LH_midFrontal,0.0,overlap_coef,all,froi
291,Events2move,md,LH_F4,LH_midFrontalOrb,0.0,overlap_coef,all,froi
291,Events2move,md,LH_F4,LH_insula,0.0,overlap_coef,all,froi
291,Events2move,md,LH_F4,LH_medialFrontal,0.0,overlap_coef,all,froi
291,Events2move,md,RH_Cer2,LH_postParietal,0.0,overlap_coef,all,froi
291,Events2move,md,RH_Cer2,LH_midParietal,0.0,overlap_coef,all,froi
291,Events2move,md,RH_Cer2,LH_antParietal,0.0,overlap_coef,all,froi
291,Events2move,md,RH_Cer2,LH_supFrontal,0.0,overlap_coef,all,froi
291,Events2move,md,RH_Cer2,LH_Precentral_A_precG,0.0,overlap_coef,all,froi
291,Events2move,md,RH_Cer2,LH_Precentral_B_IFGop,0.0,overlap_coef,all,froi
291,Events2move,md,RH_Cer2,LH_midFrontal,0.0,overlap_coef,all,froi
291,Events2move,md,RH_Cer2,LH_midFrontalOrb,0.0,overlap_coef,all,froi
291,Events2move,md,RH_Cer2,LH_insula,0.0,overlap_coef,all,froi
291,Events2move,md,RH_Cer2,LH_medialFrontal,0.0,overlap_coef,all,froi
291,Events2move,md,LH_F3,LH_postParietal,0.0,overlap_coef,all,froi
291,Events2move,md,LH_F3,LH_midParietal,0.0,overlap_coef,all,froi
291,Events2move,md,LH_F3,LH_antParietal,0.0,overlap_coef,all,froi
291,Events2move,md,LH_F3,LH_supFrontal,0.0,overlap_coef,all,froi
291,Events2move,md,LH_F3,LH_Precentral_A_precG,0.0,overlap_coef,all,froi
291,Events2move,md,LH_F3,LH_Precentral_B_IFGop,0.0,overlap_coef,all,froi
291,Events2move,md,LH_F3,LH_midFrontal,0.0,overlap_coef,all,froi
291,Events2move,md,LH_F3,LH_midFrontalOrb,0.0,overlap_coef,all,froi
291,Events2move,md,LH_F3,LH_insula,0.0,overlap_coef,all,froi
291,Events2move,md,LH_F3,LH_medialFrontal,0.0,overlap_coef,all,froi
291,Events2move,md,LH_F5,LH_postParietal,0.0,overlap_coef,all,froi
291,Events2move,md,LH_F5,LH_midParietal,0.0,overlap_coef,all,froi
291,Events2move,md,LH_F5,LH_antParietal,0.0,overlap_coef,all,froi
291,Events2move,md,LH_F5,LH_supFrontal,0.0,overlap_coef,all,froi
291,Events2move,md,LH_F5,LH_Precentral_A_precG,0.0,overlap_coef,all,froi
291,Events2move,md,LH_F5,LH_Precentral_B_IFGop,0.0,overlap_coef,all,froi
291,Events2move,md,LH_F5,LH_midFrontal,0.0,overlap_coef,all,froi
291,Events2move,md,LH_F5,LH_midFrontalOrb,0.0,overlap_coef,all,froi
291,Events2move,md,LH_F5,LH_insula,0.0,overlap_coef,all,froi
291,Events2move,md,LH_F5,LH_medialFrontal,0.0,overlap_coef,all,froi
291,Events2move,dmn,LH_F2,LH_FrontalMed,0.0,overlap_coef,all,froi
291,Events2move,dmn,LH_F2,LH_PostCing,0.0,overlap_coef,all,froi
291,Events2move,dmn,LH_F2,LH_TPJ,0.0,overlap_coef,all,froi
291,Events2move,dmn,LH_F2,LH_MidCing,0.0,overlap_coef,all,froi
291,Events2move,dmn,LH_F2,LH_STGorInsula,0.0,overlap_coef,all,froi
291,Events2move,dmn,LH_F2,LH_AntTemp,0.0,overlap_coef,all,froi
291,Events2move,dmn,LH_F1,LH_FrontalMed,0.0,overlap_coef,all,froi
291,Events2move,dmn,LH_F1,LH_PostCing,0.0,overlap_coef,all,froi
291,Events2move,dmn,LH_F1,LH_TPJ,0.0,overlap_coef,all,froi
291,Events2move,dmn,LH_F1,LH_MidCing,0.0,overlap_coef,all,froi
291,Events2move,dmn,LH_F1,LH_STGorInsula,0.0,overlap_coef,all,froi
291,Events2move,dmn,LH_F1,LH_AntTemp,0.0,overlap_coef,all,froi
291,Events2move,dmn,LH_TP2,LH_FrontalMed,0.0,overlap_coef,all,froi
291,Events2move,dmn,LH_TP2,LH_PostCing,0.0,overlap_coef,all,froi
291,Events2move,dmn,LH_TP2,LH_TPJ,0.0,overlap_coef,all,froi
291,Events2move,dmn,LH_TP2,LH_MidCing,0.0,overlap_coef,all,froi
291,Events2move,dmn,LH_TP2,LH_STGorInsula,0.0,overlap_coef,all,froi
291,Events2move,dmn,LH_TP2,LH_AntTemp,0.0,overlap_coef,all,froi
291,Events2move,dmn,LH_TP3,LH_FrontalMed,0.0,overlap_coef,all,froi
291,Events2move,dmn,LH_TP3,LH_PostCing,0.0,overlap_coef,all,froi
291,Events2move,dmn,LH_TP3,LH_TPJ,0.16216216216216217,overlap_coef,all,froi
291,Events2move,dmn,LH_TP3,LH_MidCing,0.0,overlap_coef,all,froi
291,Events2move,dmn,LH_TP3,LH_STGorInsula,0.0,overlap_coef,all,froi
291,Events2move,dmn,LH_TP3,LH_AntTemp,0.0,overlap_coef,all,froi
291,Events2move,dmn,LH_TP1,LH_FrontalMed,0.0,overlap_coef,all,froi
291,Events2move,dmn,LH_TP1,LH_PostCing,0.0,overlap_coef,all,froi
291,Events2move,dmn,LH_TP1,LH_TPJ,0.0,overlap_coef,all,froi
291,Events2move,dmn,LH_TP1,LH_MidCing,0.0,overlap_coef,all,froi
291,Events2move,dmn,LH_TP1,LH_STGorInsula,0.0,overlap_coef,all,froi
291,Events2move,dmn,LH_TP1,LH_AntTemp,0.0,overlap_coef,all,froi
291,Events2move,dmn,LH_TP4,LH_FrontalMed,0.0,overlap_coef,all,froi
291,Events2move,dmn,LH_TP4,LH_PostCing,0.0,overlap_coef,all,froi
291,Events2move,dmn,LH_TP4,LH_TPJ,0.0,overlap_coef,all,froi
291,Events2move,dmn,LH_TP4,LH_MidCing,0.0,overlap_coef,all,froi
291,Events2move,dmn,LH_TP4,LH_STGorInsula,0.0,overlap_coef,all,froi
291,Events2move,dmn,LH_TP4,LH_AntTemp,0.0,overlap_coef,all,froi
291,Events2move,dmn,RH_Cer1,LH_FrontalMed,0.0,overlap_coef,all,froi
291,Events2move,dmn,RH_Cer1,LH_PostCing,0.0,overlap_coef,all,froi
291,Events2move,dmn,RH_Cer1,LH_TPJ,0.0,overlap_coef,all,froi
291,Events2move,dmn,RH_Cer1,LH_MidCing,0.0,overlap_coef,all,froi
291,Events2move,dmn,RH_Cer1,LH_STGorInsula,0.0,overlap_coef,all,froi
291,Events2move,dmn,RH_Cer1,LH_AntTemp,0.0,overlap_coef,all,froi
291,Events2move,dmn,LH_MID3,LH_FrontalMed,0.0,overlap_coef,all,froi
291,Events2move,dmn,LH_MID3,LH_PostCing,0.0,overlap_coef,all,froi
291,Events2move,dmn,LH_MID3,LH_TPJ,0.0,overlap_coef,all,froi
291,Events2move,dmn,LH_MID3,LH_MidCing,0.0,overlap_coef,all,froi
291,Events2move,dmn,LH_MID3,LH_STGorInsula,0.0,overlap_coef,all,froi
291,Events2move,dmn,LH_MID3,LH_AntTemp,0.0,overlap_coef,all,froi
291,Events2move,dmn,LH_F4,LH_FrontalMed,0.0,overlap_coef,all,froi
291,Events2move,dmn,LH_F4,LH_PostCing,0.0,overlap_coef,all,froi
291,Events2move,dmn,LH_F4,LH_TPJ,0.0,overlap_coef,all,froi
291,Events2move,dmn,LH_F4,LH_MidCing,0.0,overlap_coef,all,froi
291,Events2move,dmn,LH_F4,LH_STGorInsula,0.0,overlap_coef,all,froi
291,Events2move,dmn,LH_F4,LH_AntTemp,0.0,overlap_coef,all,froi
291,Events2move,dmn,RH_Cer2,LH_FrontalMed,0.0,overlap_coef,all,froi
291,Events2move,dmn,RH_Cer2,LH_PostCing,0.0,overlap_coef,all,froi
291,Events2move,dmn,RH_Cer2,LH_TPJ,0.0,overlap_coef,all,froi
291,Events2move,dmn,RH_Cer2,LH_MidCing,0.0,overlap_coef,all,froi
291,Events2move,dmn,RH_Cer2,LH_STGorInsula,0.0,overlap_coef,all,froi
291,Events2move,dmn,RH_Cer2,LH_AntTemp,0.0,overlap_coef,all,froi
291,Events2move,dmn,LH_F3,LH_FrontalMed,0.0,overlap_coef,all,froi
291,Events2move,dmn,LH_F3,LH_PostCing,0.0,overlap_coef,all,froi
291,Events2move,dmn,LH_F3,LH_TPJ,0.0,overlap_coef,all,froi
291,Events2move,dmn,LH_F3,LH_MidCing,0.0,overlap_coef,all,froi
291,Events2move,dmn,LH_F3,LH_STGorInsula,0.0,overlap_coef,all,froi
291,Events2move,dmn,LH_F3,LH_AntTemp,0.0,overlap_coef,all,froi
291,Events2move,dmn,LH_F5,LH_FrontalMed,0.0,overlap_coef,all,froi
291,Events2move,dmn,LH_F5,LH_PostCing,0.0,overlap_coef,all,froi
291,Events2move,dmn,LH_F5,LH_TPJ,0.0,overlap_coef,all,froi
291,Events2move,dmn,LH_F5,LH_MidCing,0.0,overlap_coef,all,froi
291,Events2move,dmn,LH_F5,LH_STGorInsula,0.0,overlap_coef,all,froi
291,Events2move,dmn,LH_F5,LH_AntTemp,0.0,overlap_coef,all,froi
400,Events2move,language,LH_F2,LH_IFGorb,0.0,overlap_coef,all,froi
400,Events2move,language,LH_F2,LH_IFG,0.07894736842105263,overlap_coef,all,froi
400,Events2move,language,LH_F2,LH_MFG,0.0,overlap_coef,all,froi
400,Events2move,language,LH_F2,LH_AntTemp,0.0,overlap_coef,all,froi
400,Events2move,language,LH_F2,LH_PostTemp,0.0,overlap_coef,all,froi
400,Events2move,language,LH_F2,LH_AngG,0.0,overlap_coef,all,froi
400,Events2move,language,LH_F1,LH_IFGorb,0.0,overlap_coef,all,froi
400,Events2move,language,LH_F1,LH_IFG,0.06578947368421052,overlap_coef,all,froi
400,Events2move,language,LH_F1,LH_MFG,0.0,overlap_coef,all,froi
400,Events2move,language,LH_F1,LH_AntTemp,0.0,overlap_coef,all,froi
400,Events2move,language,LH_F1,LH_PostTemp,0.0,overlap_coef,all,froi
400,Events2move,language,LH_F1,LH_AngG,0.0,overlap_coef,all,froi
400,Events2move,language,LH_TP2,LH_IFGorb,0.0,overlap_coef,all,froi
400,Events2move,language,LH_TP2,LH_IFG,0.0,overlap_coef,all,froi
400,Events2move,language,LH_TP2,LH_MFG,0.0,overlap_coef,all,froi
400,Events2move,language,LH_TP2,LH_AntTemp,0.0,overlap_coef,all,froi
400,Events2move,language,LH_TP2,LH_PostTemp,0.20348837209302326,overlap_coef,all,froi
400,Events2move,language,LH_TP2,LH_AngG,0.0,overlap_coef,all,froi
400,Events2move,language,LH_TP3,LH_IFGorb,0.0,overlap_coef,all,froi
400,Events2move,language,LH_TP3,LH_IFG,0.0,overlap_coef,all,froi
400,Events2move,language,LH_TP3,LH_MFG,0.0,overlap_coef,all,froi
400,Events2move,language,LH_TP3,LH_AntTemp,0.0,overlap_coef,all,froi
400,Events2move,language,LH_TP3,LH_PostTemp,0.1511111111111111,overlap_coef,all,froi
400,Events2move,language,LH_TP3,LH_AngG,0.32432432432432434,overlap_coef,all,froi
400,Events2move,language,LH_TP1,LH_IFGorb,0.0,overlap_coef,all,froi
400,Events2move,language,LH_TP1,LH_IFG,0.0,overlap_coef,all,froi
400,Events2move,language,LH_TP1,LH_MFG,0.0,overlap_coef,all,froi
400,Events2move,language,LH_TP1,LH_AntTemp,0.0,overlap_coef,all,froi
400,Events2move,language,LH_TP1,LH_PostTemp,0.0,overlap_coef,all,froi
400,Events2move,language,LH_TP1,LH_AngG,0.0,overlap_coef,all,froi
400,Events2move,language,LH_TP4,LH_IFGorb,0.0,overlap_coef,all,froi
400,Events2move,language,LH_TP4,LH_IFG,0.0,overlap_coef,all,froi
400,Events2move,language,LH_TP4,LH_MFG,0.0,overlap_coef,all,froi
400,Events2move,language,LH_TP4,LH_AntTemp,0.0,overlap_coef,all,froi
400,Events2move,language,LH_TP4,LH_PostTemp,0.0,overlap_coef,all,froi
400,Events2move,language,LH_TP4,LH_AngG,0.0,overlap_coef,all,froi
400,Events2move,language,RH_Cer1,LH_IFGorb,0.0,overlap_coef,all,froi
400,Events2move,language,RH_Cer1,LH_IFG,0.0,overlap_coef,all,froi
400,Events2move,language,RH_Cer1,LH_MFG,0.0,overlap_coef,all,froi
400,Events2move,language,RH_Cer1,LH_AntTemp,0.0,overlap_coef,all,froi
400,Events2move,language,RH_Cer1,LH_PostTemp,0.0,overlap_coef,all,froi
400,Events2move,language,RH_Cer1,LH_AngG,0.0,overlap_coef,all,froi
400,Events2move,language,LH_MID3,LH_IFGorb,0.0,overlap_coef,all,froi
400,Events2move,language,LH_MID3,LH_IFG,0.0,overlap_coef,all,froi
400,Events2move,language,LH_MID3,LH_MFG,0.0,overlap_coef,all,froi
400,Events2move,language,LH_MID3,LH_AntTemp,0.0,overlap_coef,all,froi
400,Events2move,language,LH_MID3,LH_PostTemp,0.0,overlap_coef,all,froi
400,Events2move,language,LH_MID3,LH_AngG,0.0,overlap_coef,all,froi
400,Events2move,language,LH_F4,LH_IFGorb,0.0,overlap_coef,all,froi
400,Events2move,language,LH_F4,LH_IFG,0.0,overlap_coef,all,froi
400,Events2move,language,LH_F4,LH_MFG,0.0,overlap_coef,all,froi
400,Events2move,language,LH_F4,LH_AntTemp,0.0,overlap_coef,all,froi
400,Events2move,language,LH_F4,LH_PostTemp,0.0,overlap_coef,all,froi
400,Events2move,language,LH_F4,LH_AngG,0.0,overlap_coef,all,froi
400,Events2move,language,RH_Cer2,LH_IFGorb,0.0,overlap_coef,all,froi
400,Events2move,language,RH_Cer2,LH_IFG,0.0,overlap_coef,all,froi
400,Events2move,language,RH_Cer2,LH_MFG,0.0,overlap_coef,all,froi
400,Events2move,language,RH_Cer2,LH_AntTemp,0.0,overlap_coef,all,froi
400,Events2move,language,RH_Cer2,LH_PostTemp,0.0,overlap_coef,all,froi
400,Events2move,language,RH_Cer2,LH_AngG,0.0,overlap_coef,all,froi
400,Events2move,language,LH_F3,LH_IFGorb,0.0,overlap_coef,all,froi
400,Events2move,language,LH_F3,LH_IFG,0.0,overlap_coef,all,froi
400,Events2move,language,LH_F3,LH_MFG,0.0,overlap_coef,all,froi
400,Events2move,language,LH_F3,LH_AntTemp,0.0,overlap_coef,all,froi
400,Events2move,language,LH_F3,LH_PostTemp,0.0,overlap_coef,all,froi
400,Events2move,language,LH_F3,LH_AngG,0.0,overlap_coef,all,froi
400,Events2move,language,LH_F5,LH_IFGorb,0.0,overlap_coef,all,froi
400,Events2move,language,LH_F5,LH_IFG,0.0,overlap_coef,all,froi
400,Events2move,language,LH_F5,LH_MFG,0.0,overlap_coef,all,froi
400,Events2move,language,LH_F5,LH_AntTemp,0.0,overlap_coef,all,froi
400,Events2move,language,LH_F5,LH_PostTemp,0.0,overlap_coef,all,froi
400,Events2move,language,LH_F5,LH_AngG,0.0,overlap_coef,all,froi
400,Events2move,md,LH_F2,LH_postParietal,0.0,overlap_coef,all,froi
400,Events2move,md,LH_F2,LH_midParietal,0.0,overlap_coef,all,froi
400,Events2move,md,LH_F2,LH_antParietal,0.0,overlap_coef,all,froi
400,Events2move,md,LH_F2,LH_supFrontal,0.0,overlap_coef,all,froi
400,Events2move,md,LH_F2,LH_Precentral_A_precG,0.034722222222222224,overlap_coef,all,froi
400,Events2move,md,LH_F2,LH_Precentral_B_IFGop,0.0,overlap_coef,all,froi
400,Events2move,md,LH_F2,LH_midFrontal,0.11330049261083744,overlap_coef,all,froi
400,Events2move,md,LH_F2,LH_midFrontalOrb,0.0,overlap_coef,all,froi
400,Events2move,md,LH_F2,LH_insula,0.0,overlap_coef,all,froi
400,Events2move,md,LH_F2,LH_medialFrontal,0.0,overlap_coef,all,froi
400,Events2move,md,LH_F1,LH_postParietal,0.0,overlap_coef,all,froi
400,Events2move,md,LH_F1,LH_midParietal,0.0,overlap_coef,all,froi
400,Events2move,md,LH_F1,LH_antParietal,0.0,overlap_coef,all,froi
400,Events2move,md,LH_F1,LH_supFrontal,0.0,overlap_coef,all,froi
400,Events2move,md,LH_F1,LH_Precentral_A_precG,0.0,overlap_coef,all,froi
400,Events2move,md,LH_F1,LH_Precentral_B_IFGop,0.0,overlap_coef,all,froi
400,Events2move,md,LH_F1,LH_midFrontal,0.0,overlap_coef,all,froi
400,Events2move,md,LH_F1,LH_midFrontalOrb,0.0,overlap_coef,all,froi
400,Events2move,md,LH_F1,LH_insula,0.0,overlap_coef,all,froi
400,Events2move,md,LH_F1,LH_medialFrontal,0.0,overlap_coef,all,froi
400,Events2move,md,LH_TP2,LH_postParietal,0.0,overlap_coef,all,froi
400,Events2move,md,LH_TP2,LH_midParietal,0.0,overlap_coef,all,froi
400,Events2move,md,LH_TP2,LH_antParietal,0.0,overlap_coef,all,froi
400,Events2move,md,LH_TP2,LH_supFrontal,0.0,overlap_coef,all,froi
400,Events2move,md,LH_TP2,LH_Precentral_A_precG,0.0,overlap_coef,all,froi
400,Events2move,md,LH_TP2,LH_Precentral_B_IFGop,0.0,overlap_coef,all,froi
400,Events2move,md,LH_TP2,LH_midFrontal,0.0,overlap_coef,all,froi
400,Events2move,md,LH_TP2,LH_midFrontalOrb,0.0,overlap_coef,all,froi
400,Events2move,md,LH_TP2,LH_insula,0.0,overlap_coef,all,froi
400,Events2move,md,LH_TP2,LH_medialFrontal,0.0,overlap_coef,all,froi
400,Events2move,md,LH_TP3,LH_postParietal,0.0,overlap_coef,all,froi
400,Events2move,md,LH_TP3,LH_midParietal,0.0,overlap_coef,all,froi
400,Events2move,md,LH_TP3,LH_antParietal,0.0,overlap_coef,all,froi
400,Events2move,md,LH_TP3,LH_supFrontal,0.0,overlap_coef,all,froi
400,Events2move,md,LH_TP3,LH_Precentral_A_precG,0.0,overlap_coef,all,froi
400,Events2move,md,LH_TP3,LH_Precentral_B_IFGop,0.0,overlap_coef,all,froi
400,Events2move,md,LH_TP3,LH_midFrontal,0.0,overlap_coef,all,froi
400,Events2move,md,LH_TP3,LH_midFrontalOrb,0.0,overlap_coef,all,froi
400,Events2move,md,LH_TP3,LH_insula,0.0,overlap_coef,all,froi
400,Events2move,md,LH_TP3,LH_medialFrontal,0.0,overlap_coef,all,froi
400,Events2move,md,LH_TP1,LH_postParietal,0.0,overlap_coef,all,froi
400,Events2move,md,LH_TP1,LH_midParietal,0.0,overlap_coef,all,froi
400,Events2move,md,LH_TP1,LH_antParietal,0.0,overlap_coef,all,froi
400,Events2move,md,LH_TP1,LH_supFrontal,0.0,overlap_coef,all,froi
400,Events2move,md,LH_TP1,LH_Precentral_A_precG,0.0,overlap_coef,all,froi
400,Events2move,md,LH_TP1,LH_Precentral_B_IFGop,0.0,overlap_coef,all,froi
400,Events2move,md,LH_TP1,LH_midFrontal,0.0,overlap_coef,all,froi
400,Events2move,md,LH_TP1,LH_midFrontalOrb,0.0,overlap_coef,all,froi
400,Events2move,md,LH_TP1,LH_insula,0.0,overlap_coef,all,froi
400,Events2move,md,LH_TP1,LH_medialFrontal,0.0,overlap_coef,all,froi
400,Events2move,md,LH_TP4,LH_postParietal,0.017094017094017096,overlap_coef,all,froi
400,Events2move,md,LH_TP4,LH_midParietal,0.0,overlap_coef,all,froi
400,Events2move,md,LH_TP4,LH_antParietal,0.0,overlap_coef,all,froi
400,Events2move,md,LH_TP4,LH_supFrontal,0.0,overlap_coef,all,froi
400,Events2move,md,LH_TP4,LH_Precentral_A_precG,0.0,overlap_coef,all,froi
400,Events2move,md,LH_TP4,LH_Precentral_B_IFGop,0.0,overlap_coef,all,froi
400,Events2move,md,LH_TP4,LH_midFrontal,0.0,overlap_coef,all,froi
400,Events2move,md,LH_TP4,LH_midFrontalOrb,0.0,overlap_coef,all,froi
400,Events2move,md,LH_TP4,LH_insula,0.0,overlap_coef,all,froi
400,Events2move,md,LH_TP4,LH_medialFrontal,0.0,overlap_coef,all,froi
400,Events2move,md,RH_Cer1,LH_postParietal,0.0,overlap_coef,all,froi
400,Events2move,md,RH_Cer1,LH_midParietal,0.0,overlap_coef,all,froi
400,Events2move,md,RH_Cer1,LH_antParietal,0.0,overlap_coef,all,froi
400,Events2move,md,RH_Cer1,LH_supFrontal,0.0,overlap_coef,all,froi
400,Events2move,md,RH_Cer1,LH_Precentral_A_precG,0.0,overlap_coef,all,froi
400,Events2move,md,RH_Cer1,LH_Precentral_B_IFGop,0.0,overlap_coef,all,froi
400,Events2move,md,RH_Cer1,LH_midFrontal,0.0,overlap_coef,all,froi
400,Events2move,md,RH_Cer1,LH_midFrontalOrb,0.0,overlap_coef,all,froi
400,Events2move,md,RH_Cer1,LH_insula,0.0,overlap_coef,all,froi
400,Events2move,md,RH_Cer1,LH_medialFrontal,0.0,overlap_coef,all,froi
400,Events2move,md,LH_MID3,LH_postParietal,0.0,overlap_coef,all,froi
400,Events2move,md,LH_MID3,LH_midParietal,0.0,overlap_coef,all,froi
400,Events2move,md,LH_MID3,LH_antParietal,0.0,overlap_coef,all,froi
400,Events2move,md,LH_MID3,LH_supFrontal,0.0,overlap_coef,all,froi
400,Events2move,md,LH_MID3,LH_Precentral_A_precG,0.0,overlap_coef,all,froi
400,Events2move,md,LH_MID3,LH_Precentral_B_IFGop,0.0,overlap_coef,all,froi
400,Events2move,md,LH_MID3,LH_midFrontal,0.0,overlap_coef,all,froi
400,Events2move,md,LH_MID3,LH_midFrontalOrb,0.0,overlap_coef,all,froi
400,Events2move,md,LH_MID3,LH_insula,0.0,overlap_coef,all,froi
400,Events2move,md,LH_MID3,LH_medialFrontal,0.3137254901960784,overlap_coef,all,froi
400,Events2move,md,LH_F4,LH_postParietal,0.0,overlap_coef,all,froi
400,Events2move,md,LH_F4,LH_midParietal,0.0,overlap_coef,all,froi
400,Events2move,md,LH_F4,LH_antParietal,0.0,overlap_coef,all,froi
400,Events2move,md,LH_F4,LH_supFrontal,0.0,overlap_coef,all,froi
400,Events2move,md,LH_F4,LH_Precentral_A_precG,0.0,overlap_coef,all,froi
400,Events2move,md,LH_F4,LH_Precentral_B_IFGop,0.0,overlap_coef,all,froi
400,Events2move,md,LH_F4,LH_midFrontal,0.0,overlap_coef,all,froi
400,Events2move,md,LH_F4,LH_midFrontalOrb,0.0,overlap_coef,all,froi
400,Events2move,md,LH_F4,LH_insula,0.0,overlap_coef,all,froi
400,Events2move,md,LH_F4,LH_medialFrontal,0.0,overlap_coef,all,froi
400,Events2move,md,RH_Cer2,LH_postParietal,0.0,overlap_coef,all,froi
400,Events2move,md,RH_Cer2,LH_midParietal,0.0,overlap_coef,all,froi
400,Events2move,md,RH_Cer2,LH_antParietal,0.0,overlap_coef,all,froi
400,Events2move,md,RH_Cer2,LH_supFrontal,0.0,overlap_coef,all,froi
400,Events2move,md,RH_Cer2,LH_Precentral_A_precG,0.0,overlap_coef,all,froi
400,Events2move,md,RH_Cer2,LH_Precentral_B_IFGop,0.0,overlap_coef,all,froi
400,Events2move,md,RH_Cer2,LH_midFrontal,0.0,overlap_coef,all,froi
400,Events2move,md,RH_Cer2,LH_midFrontalOrb,0.0,overlap_coef,all,froi
400,Events2move,md,RH_Cer2,LH_insula,0.0,overlap_coef,all,froi
400,Events2move,md,RH_Cer2,LH_medialFrontal,0.0,overlap_coef,all,froi
400,Events2move,md,LH_F3,LH_postParietal,0.0,overlap_coef,all,froi
400,Events2move,md,LH_F3,LH_midParietal,0.0,overlap_coef,all,froi
400,Events2move,md,LH_F3,LH_antParietal,0.0,overlap_coef,all,froi
400,Events2move,md,LH_F3,LH_supFrontal,0.1276595744680851,overlap_coef,all,froi
400,Events2move,md,LH_F3,LH_Precentral_A_precG,0.0,overlap_coef,all,froi
400,Events2move,md,LH_F3,LH_Precentral_B_IFGop,0.0,overlap_coef,all,froi
400,Events2move,md,LH_F3,LH_midFrontal,0.0,overlap_coef,all,froi
400,Events2move,md,LH_F3,LH_midFrontalOrb,0.0,overlap_coef,all,froi
400,Events2move,md,LH_F3,LH_insula,0.0,overlap_coef,all,froi
400,Events2move,md,LH_F3,LH_medialFrontal,0.0,overlap_coef,all,froi
400,Events2move,md,LH_F5,LH_postParietal,0.0,overlap_coef,all,froi
400,Events2move,md,LH_F5,LH_midParietal,0.0,overlap_coef,all,froi
400,Events2move,md,LH_F5,LH_antParietal,0.0,overlap_coef,all,froi
400,Events2move,md,LH_F5,LH_supFrontal,0.0,overlap_coef,all,froi
400,Events2move,md,LH_F5,LH_Precentral_A_precG,0.0,overlap_coef,all,froi
400,Events2move,md,LH_F5,LH_Precentral_B_IFGop,0.0,overlap_coef,all,froi
400,Events2move,md,LH_F5,LH_midFrontal,0.0,overlap_coef,all,froi
400,Events2move,md,LH_F5,LH_midFrontalOrb,0.0,overlap_coef,all,froi
400,Events2move,md,LH_F5,LH_insula,0.0,overlap_coef,all,froi
400,Events2move,md,LH_F5,LH_medialFrontal,0.0,overlap_coef,all,froi
400,Events2move,dmn,LH_F2,LH_FrontalMed,0.0,overlap_coef,all,froi
400,Events2move,dmn,LH_F2,LH_PostCing,0.0,overlap_coef,all,froi
400,Events2move,dmn,LH_F2,LH_TPJ,0.0,overlap_coef,all,froi
400,Events2move,dmn,LH_F2,LH_MidCing,0.0,overlap_coef,all,froi
400,Events2move,dmn,LH_F2,LH_STGorInsula,0.0,overlap_coef,all,froi
400,Events2move,dmn,LH_F2,LH_AntTemp,0.0,overlap_coef,all,froi
400,Events2move,dmn,LH_F1,LH_FrontalMed,0.0,overlap_coef,all,froi
400,Events2move,dmn,LH_F1,LH_PostCing,0.0,overlap_coef,all,froi
400,Events2move,dmn,LH_F1,LH_TPJ,0.0,overlap_coef,all,froi
400,Events2move,dmn,LH_F1,LH_MidCing,0.0,overlap_coef,all,froi
400,Events2move,dmn,LH_F1,LH_STGorInsula,0.0,overlap_coef,all,froi
400,Events2move,dmn,LH_F1,LH_AntTemp,0.0,overlap_coef,all,froi
400,Events2move,dmn,LH_TP2,LH_FrontalMed,0.0,overlap_coef,all,froi
400,Events2move,dmn,LH_TP2,LH_PostCing,0.0,overlap_coef,all,froi
400,Events2move,dmn,LH_TP2,LH_TPJ,0.0,overlap_coef,all,froi
400,Events2move,dmn,LH_TP2,LH_MidCing,0.0,overlap_coef,all,froi
400,Events2move,dmn,LH_TP2,LH_STGorInsula,0.0,overlap_coef,all,froi
400,Events2move,dmn,LH_TP2,LH_AntTemp,0.0,overlap_coef,all,froi
400,Events2move,dmn,LH_TP3,LH_FrontalMed,0.0,overlap_coef,all,froi
400,Events2move,dmn,LH_TP3,LH_PostCing,0.0,overlap_coef,all,froi
400,Events2move,dmn,LH_TP3,LH_TPJ,0.08108108108108109,overlap_coef,all,froi
400,Events2move,dmn,LH_TP3,LH_MidCing,0.0,overlap_coef,all,froi
400,Events2move,dmn,LH_TP3,LH_STGorInsula,0.0,overlap_coef,all,froi
400,Events2move,dmn,LH_TP3,LH_AntTemp,0.0,overlap_coef,all,froi
400,Events2move,dmn,LH_TP1,LH_FrontalMed,0.0,overlap_coef,all,froi
400,Events2move,dmn,LH_TP1,LH_PostCing,0.0,overlap_coef,all,froi
400,Events2move,dmn,LH_TP1,LH_TPJ,0.0,overlap_coef,all,froi
400,Events2move,dmn,LH_TP1,LH_MidCing,0.0,overlap_coef,all,froi
400,Events2move,dmn,LH_TP1,LH_STGorInsula,0.0,overlap_coef,all,froi
400,Events2move,dmn,LH_TP1,LH_AntTemp,0.0,overlap_coef,all,froi
400,Events2move,dmn,LH_TP4,LH_FrontalMed,0.0,overlap_coef,all,froi
400,Events2move,dmn,LH_TP4,LH_PostCing,0.0,overlap_coef,all,froi
400,Events2move,dmn,LH_TP4,LH_TPJ,0.0,overlap_coef,all,froi
400,Events2move,dmn,LH_TP4,LH_MidCing,0.0,overlap_coef,all,froi
400,Events2move,dmn,LH_TP4,LH_STGorInsula,0.0,overlap_coef,all,froi
400,Events2move,dmn,LH_TP4,LH_AntTemp,0.0,overlap_coef,all,froi
400,Events2move,dmn,RH_Cer1,LH_FrontalMed,0.0,overlap_coef,all,froi
400,Events2move,dmn,RH_Cer1,LH_PostCing,0.0,overlap_coef,all,froi
400,Events2move,dmn,RH_Cer1,LH_TPJ,0.0,overlap_coef,all,froi
400,Events2move,dmn,RH_Cer1,LH_MidCing,0.0,overlap_coef,all,froi
400,Events2move,dmn,RH_Cer1,LH_STGorInsula,0.0,overlap_coef,all,froi
400,Events2move,dmn,RH_Cer1,LH_AntTemp,0.0,overlap_coef,all,froi
400,Events2move,dmn,LH_MID3,LH_FrontalMed,0.0,overlap_coef,all,froi
400,Events2move,dmn,LH_MID3,LH_PostCing,0.0,overlap_coef,all,froi
400,Events2move,dmn,LH_MID3,LH_TPJ,0.0,overlap_coef,all,froi
400,Events2move,dmn,LH_MID3,LH_MidCing,0.0,overlap_coef,all,froi
400,Events2move,dmn,LH_MID3,LH_STGorInsula,0.0,overlap_coef,all,froi
400,Events2move,dmn,LH_MID3,LH_AntTemp,0.0,overlap_coef,all,froi
400,Events2move,dmn,LH_F4,LH_FrontalMed,0.0,overlap_coef,all,froi
400,Events2move,dmn,LH_F4,LH_PostCing,0.0,overlap_coef,all,froi
400,Events2move,dmn,LH_F4,LH_TPJ,0.0,overlap_coef,all,froi
400,Events2move,dmn,LH_F4,LH_MidCing,0.0,overlap_coef,all,froi
400,Events2move,dmn,LH_F4,LH_STGorInsula,0.0,overlap_coef,all,froi
400,Events2move,dmn,LH_F4,LH_AntTemp,0.0,overlap_coef,all,froi
400,Events2move,dmn,RH_Cer2,LH_FrontalMed,0.0,overlap_coef,all,froi
400,Events2move,dmn,RH_Cer2,LH_PostCing,0.0,overlap_coef,all,froi
400,Events2move,dmn,RH_Cer2,LH_TPJ,0.0,overlap_coef,all,froi
400,Events2move,dmn,RH_Cer2,LH_MidCing,0.0,overlap_coef,all,froi
400,Events2move,dmn,RH_Cer2,LH_STGorInsula,0.0,overlap_coef,all,froi
400,Events2move,dmn,RH_Cer2,LH_AntTemp,0.0,overlap_coef,all,froi
400,Events2move,dmn,LH_F3,LH_FrontalMed,0.0,overlap_coef,all,froi
400,Events2move,dmn,LH_F3,LH_PostCing,0.0,overlap_coef,all,froi
400,Events2move,dmn,LH_F3,LH_TPJ,0.0,overlap_coef,all,froi
400,Events2move,dmn,LH_F3,LH_MidCing,0.0,overlap_coef,all,froi
400,Events2move,dmn,LH_F3,LH_STGorInsula,0.0,overlap_coef,all,froi
400,Events2move,dmn,LH_F3,LH_AntTemp,0.0,overlap_coef,all,froi
400,Events2move,dmn,LH_F5,LH_FrontalMed,0.0,overlap_coef,all,froi
400,Events2move,dmn,LH_F5,LH_PostCing,0.0,overlap_coef,all,froi
400,Events2move,dmn,LH_F5,LH_TPJ,0.0,overlap_coef,all,froi
400,Events2move,dmn,LH_F5,LH_MidCing,0.0,overlap_coef,all,froi
400,Events2move,dmn,LH_F5,LH_STGorInsula,0.0,overlap_coef,all,froi
400,Events2move,dmn,LH_F5,LH_AntTemp,0.0,overlap_coef,all,froi
419,Events2move,language,LH_F2,LH_IFGorb,0.0,overlap_coef,all,froi
419,Events2move,language,LH_F2,LH_IFG,0.32894736842105265,overlap_coef,all,froi
419,Events2move,language,LH_F2,LH_MFG,0.0,overlap_coef,all,froi
419,Events2move,language,LH_F2,LH_AntTemp,0.0,overlap_coef,all,froi
419,Events2move,language,LH_F2,LH_PostTemp,0.0,overlap_coef,all,froi
419,Events2move,language,LH_F2,LH_AngG,0.0,overlap_coef,all,froi
419,Events2move,language,LH_F1,LH_IFGorb,0.0,overlap_coef,all,froi
419,Events2move,language,LH_F1,LH_IFG,0.0,overlap_coef,all,froi
419,Events2move,language,LH_F1,LH_MFG,0.0,overlap_coef,all,froi
419,Events2move,language,LH_F1,LH_AntTemp,0.0,overlap_coef,all,froi
419,Events2move,language,LH_F1,LH_PostTemp,0.0,overlap_coef,all,froi
419,Events2move,language,LH_F1,LH_AngG,0.0,overlap_coef,all,froi
419,Events2move,language,LH_TP2,LH_IFGorb,0.0,overlap_coef,all,froi
419,Events2move,language,LH_TP2,LH_IFG,0.0,overlap_coef,all,froi
419,Events2move,language,LH_TP2,LH_MFG,0.0,overlap_coef,all,froi
419,Events2move,language,LH_TP2,LH_AntTemp,0.0,overlap_coef,all,froi
419,Events2move,language,LH_TP2,LH_PostTemp,0.023255813953488372,overlap_coef,all,froi
419,Events2move,language,LH_TP2,LH_AngG,0.0,overlap_coef,all,froi
419,Events2move,language,LH_TP3,LH_IFGorb,0.0,overlap_coef,all,froi
419,Events2move,language,LH_TP3,LH_IFG,0.0,overlap_coef,all,froi
419,Events2move,language,LH_TP3,LH_MFG,0.0,overlap_coef,all,froi
419,Events2move,language,LH_TP3,LH_AntTemp,0.0,overlap_coef,all,froi
419,Events2move,language,LH_TP3,LH_PostTemp,0.1511111111111111,overlap_coef,all,froi
419,Events2move,language,LH_TP3,LH_AngG,0.013513513513513514,overlap_coef,all,froi
419,Events2move,language,LH_TP1,LH_IFGorb,0.0,overlap_coef,all,froi
419,Events2move,language,LH_TP1,LH_IFG,0.0,overlap_coef,all,froi
419,Events2move,language,LH_TP1,LH_MFG,0.0,overlap_coef,all,froi
419,Events2move,language,LH_TP1,LH_AntTemp,0.0,overlap_coef,all,froi
419,Events2move,language,LH_TP1,LH_PostTemp,0.0,overlap_coef,all,froi
419,Events2move,language,LH_TP1,LH_AngG,0.0,overlap_coef,all,froi
419,Events2move,language,LH_TP4,LH_IFGorb,0.0,overlap_coef,all,froi
419,Events2move,language,LH_TP4,LH_IFG,0.0,overlap_coef,all,froi
419,Events2move,language,LH_TP4,LH_MFG,0.0,overlap_coef,all,froi
419,Events2move,language,LH_TP4,LH_AntTemp,0.0,overlap_coef,all,froi
419,Events2move,language,LH_TP4,LH_PostTemp,0.0,overlap_coef,all,froi
419,Events2move,language,LH_TP4,LH_AngG,0.0,overlap_coef,all,froi
419,Events2move,language,RH_Cer1,LH_IFGorb,0.0,overlap_coef,all,froi
419,Events2move,language,RH_Cer1,LH_IFG,0.0,overlap_coef,all,froi
419,Events2move,language,RH_Cer1,LH_MFG,0.0,overlap_coef,all,froi
419,Events2move,language,RH_Cer1,LH_AntTemp,0.0,overlap_coef,all,froi
419,Events2move,language,RH_Cer1,LH_PostTemp,0.0,overlap_coef,all,froi
419,Events2move,language,RH_Cer1,LH_AngG,0.0,overlap_coef,all,froi
419,Events2move,language,LH_MID3,LH_IFGorb,0.0,overlap_coef,all,froi
419,Events2move,language,LH_MID3,LH_IFG,0.0,overlap_coef,all,froi
419,Events2move,language,LH_MID3,LH_MFG,0.0,overlap_coef,all,froi
419,Events2move,language,LH_MID3,LH_AntTemp,0.0,overlap_coef,all,froi
419,Events2move,language,LH_MID3,LH_PostTemp,0.0,overlap_coef,all,froi
419,Events2move,language,LH_MID3,LH_AngG,0.0,overlap_coef,all,froi
419,Events2move,language,LH_F4,LH_IFGorb,0.0,overlap_coef,all,froi
419,Events2move,language,LH_F4,LH_IFG,0.0,overlap_coef,all,froi
419,Events2move,language,LH_F4,LH_MFG,0.02,overlap_coef,all,froi
419,Events2move,language,LH_F4,LH_AntTemp,0.0,overlap_coef,all,froi
419,Events2move,language,LH_F4,LH_PostTemp,0.0,overlap_coef,all,froi
419,Events2move,language,LH_F4,LH_AngG,0.0,overlap_coef,all,froi
419,Events2move,language,RH_Cer2,LH_IFGorb,0.0,overlap_coef,all,froi
419,Events2move,language,RH_Cer2,LH_IFG,0.0,overlap_coef,all,froi
419,Events2move,language,RH_Cer2,LH_MFG,0.0,overlap_coef,all,froi
419,Events2move,language,RH_Cer2,LH_AntTemp,0.0,overlap_coef,all,froi
419,Events2move,language,RH_Cer2,LH_PostTemp,0.0,overlap_coef,all,froi
419,Events2move,language,RH_Cer2,LH_AngG,0.0,overlap_coef,all,froi
419,Events2move,language,LH_F3,LH_IFGorb,0.0,overlap_coef,all,froi
419,Events2move,language,LH_F3,LH_IFG,0.0,overlap_coef,all,froi
419,Events2move,language,LH_F3,LH_MFG,0.0,overlap_coef,all,froi
419,Events2move,language,LH_F3,LH_AntTemp,0.0,overlap_coef,all,froi
419,Events2move,language,LH_F3,LH_PostTemp,0.0,overlap_coef,all,froi
419,Events2move,language,LH_F3,LH_AngG,0.0,overlap_coef,all,froi
419,Events2move,language,LH_F5,LH_IFGorb,0.0,overlap_coef,all,froi
419,Events2move,language,LH_F5,LH_IFG,0.0,overlap_coef,all,froi
419,Events2move,language,LH_F5,LH_MFG,0.0,overlap_coef,all,froi
419,Events2move,language,LH_F5,LH_AntTemp,0.0,overlap_coef,all,froi
419,Events2move,language,LH_F5,LH_PostTemp,0.0,overlap_coef,all,froi
419,Events2move,language,LH_F5,LH_AngG,0.0,overlap_coef,all,froi
419,Events2move,md,LH_F2,LH_postParietal,0.0,overlap_coef,all,froi
419,Events2move,md,LH_F2,LH_midParietal,0.0,overlap_coef,all,froi
419,Events2move,md,LH_F2,LH_antParietal,0.0,overlap_coef,all,froi
419,Events2move,md,LH_F2,LH_supFrontal,0.0,overlap_coef,all,froi
419,Events2move,md,LH_F2,LH_Precentral_A_precG,0.0,overlap_coef,all,froi
419,Events2move,md,LH_F2,LH_Precentral_B_IFGop,0.10294117647058823,overlap_coef,all,froi
419,Events2move,md,LH_F2,LH_midFrontal,0.11330049261083744,overlap_coef,all,froi
419,Events2move,md,LH_F2,LH_midFrontalOrb,0.0,overlap_coef,all,froi
419,Events2move,md,LH_F2,LH_insula,0.0,overlap_coef,all,froi
419,Events2move,md,LH_F2,LH_medialFrontal,0.0,overlap_coef,all,froi
419,Events2move,md,LH_F1,LH_postParietal,0.0,overlap_coef,all,froi
419,Events2move,md,LH_F1,LH_midParietal,0.0,overlap_coef,all,froi
419,Events2move,md,LH_F1,LH_antParietal,0.0,overlap_coef,all,froi
419,Events2move,md,LH_F1,LH_supFrontal,0.0,overlap_coef,all,froi
419,Events2move,md,LH_F1,LH_Precentral_A_precG,0.0,overlap_coef,all,froi
419,Events2move,md,LH_F1,LH_Precentral_B_IFGop,0.0,overlap_coef,all,froi
419,Events2move,md,LH_F1,LH_midFrontal,0.020833333333333332,overlap_coef,all,froi
419,Events2move,md,LH_F1,LH_midFrontalOrb,0.0,overlap_coef,all,froi
419,Events2move,md,LH_F1,LH_insula,0.0,overlap_coef,all,froi
419,Events2move,md,LH_F1,LH_medialFrontal,0.0,overlap_coef,all,froi
419,Events2move,md,LH_TP2,LH_postParietal,0.0,overlap_coef,all,froi
419,Events2move,md,LH_TP2,LH_midParietal,0.0,overlap_coef,all,froi
419,Events2move,md,LH_TP2,LH_antParietal,0.0,overlap_coef,all,froi
419,Events2move,md,LH_TP2,LH_supFrontal,0.0,overlap_coef,all,froi
419,Events2move,md,LH_TP2,LH_Precentral_A_precG,0.0,overlap_coef,all,froi
419,Events2move,md,LH_TP2,LH_Precentral_B_IFGop,0.0,overlap_coef,all,froi
419,Events2move,md,LH_TP2,LH_midFrontal,0.0,overlap_coef,all,froi
419,Events2move,md,LH_TP2,LH_midFrontalOrb,0.0,overlap_coef,all,froi
419,Events2move,md,LH_TP2,LH_insula,0.0,overlap_coef,all,froi
419,Events2move,md,LH_TP2,LH_medialFrontal,0.0,overlap_coef,all,froi
419,Events2move,md,LH_TP3,LH_postParietal,0.0,overlap_coef,all,froi
419,Events2move,md,LH_TP3,LH_midParietal,0.0,overlap_coef,all,froi
419,Events2move,md,LH_TP3,LH_antParietal,0.0,overlap_coef,all,froi
419,Events2move,md,LH_TP3,LH_supFrontal,0.0,overlap_coef,all,froi
419,Events2move,md,LH_TP3,LH_Precentral_A_precG,0.0,overlap_coef,all,froi
419,Events2move,md,LH_TP3,LH_Precentral_B_IFGop,0.0,overlap_coef,all,froi
419,Events2move,md,LH_TP3,LH_midFrontal,0.0,overlap_coef,all,froi
419,Events2move,md,LH_TP3,LH_midFrontalOrb,0.0,overlap_coef,all,froi
419,Events2move,md,LH_TP3,LH_insula,0.0,overlap_coef,all,froi
419,Events2move,md,LH_TP3,LH_medialFrontal,0.0,overlap_coef,all,froi
419,Events2move,md,LH_TP1,LH_postParietal,0.0,overlap_coef,all,froi
419,Events2move,md,LH_TP1,LH_midParietal,0.0,overlap_coef,all,froi
419,Events2move,md,LH_TP1,LH_antParietal,0.0,overlap_coef,all,froi
419,Events2move,md,LH_TP1,LH_supFrontal,0.0,overlap_coef,all,froi
419,Events2move,md,LH_TP1,LH_Precentral_A_precG,0.0,overlap_coef,all,froi
419,Events2move,md,LH_TP1,LH_Precentral_B_IFGop,0.0,overlap_coef,all,froi
419,Events2move,md,LH_TP1,LH_midFrontal,0.0,overlap_coef,all,froi
419,Events2move,md,LH_TP1,LH_midFrontalOrb,0.0,overlap_coef,all,froi
419,Events2move,md,LH_TP1,LH_insula,0.0,overlap_coef,all,froi
419,Events2move,md,LH_TP1,LH_medialFrontal,0.0,overlap_coef,all,froi
419,Events2move,md,LH_TP4,LH_postParietal,0.1282051282051282,overlap_coef,all,froi
419,Events2move,md,LH_TP4,LH_midParietal,0.0,overlap_coef,all,froi
419,Events2move,md,LH_TP4,LH_antParietal,0.0,overlap_coef,all,froi
419,Events2move,md,LH_TP4,LH_supFrontal,0.0,overlap_coef,all,froi
419,Events2move,md,LH_TP4,LH_Precentral_A_precG,0.0,overlap_coef,all,froi
419,Events2move,md,LH_TP4,LH_Precentral_B_IFGop,0.0,overlap_coef,all,froi
419,Events2move,md,LH_TP4,LH_midFrontal,0.0,overlap_coef,all,froi
419,Events2move,md,LH_TP4,LH_midFrontalOrb,0.0,overlap_coef,all,froi
419,Events2move,md,LH_TP4,LH_insula,0.0,overlap_coef,all,froi
419,Events2move,md,LH_TP4,LH_medialFrontal,0.0,overlap_coef,all,froi
419,Events2move,md,RH_Cer1,LH_postParietal,0.0,overlap_coef,all,froi
419,Events2move,md,RH_Cer1,LH_midParietal,0.0,overlap_coef,all,froi
419,Events2move,md,RH_Cer1,LH_antParietal,0.0,overlap_coef,all,froi
419,Events2move,md,RH_Cer1,LH_supFrontal,0.0,overlap_coef,all,froi
419,Events2move,md,RH_Cer1,LH_Precentral_A_precG,0.0,overlap_coef,all,froi
419,Events2move,md,RH_Cer1,LH_Precentral_B_IFGop,0.0,overlap_coef,all,froi
419,Events2move,md,RH_Cer1,LH_midFrontal,0.0,overlap_coef,all,froi
419,Events2move,md,RH_Cer1,LH_midFrontalOrb,0.0,overlap_coef,all,froi
419,Events2move,md,RH_Cer1,LH_insula,0.0,overlap_coef,all,froi
419,Events2move,md,RH_Cer1,LH_medialFrontal,0.0,overlap_coef,all,froi
419,Events2move,md,LH_MID3,LH_postParietal,0.0,overlap_coef,all,froi
419,Events2move,md,LH_MID3,LH_midParietal,0.0,overlap_coef,all,froi
419,Events2move,md,LH_MID3,LH_antParietal,0.0,overlap_coef,all,froi
419,Events2move,md,LH_MID3,LH_supFrontal,0.0,overlap_coef,all,froi
419,Events2move,md,LH_MID3,LH_Precentral_A_precG,0.0,overlap_coef,all,froi
419,Events2move,md,LH_MID3,LH_Precentral_B_IFGop,0.0,overlap_coef,all,froi
419,Events2move,md,LH_MID3,LH_midFrontal,0.0,overlap_coef,all,froi
419,Events2move,md,LH_MID3,LH_midFrontalOrb,0.0,overlap_coef,all,froi
419,Events2move,md,LH_MID3,LH_insula,0.0,overlap_coef,all,froi
419,Events2move,md,LH_MID3,LH_medialFrontal,0.058823529411764705,overlap_coef,all,froi
419,Events2move,md,LH_F4,LH_postParietal,0.0,overlap_coef,all,froi
419,Events2move,md,LH_F4,LH_midParietal,0.0,overlap_coef,all,froi
419,Events2move,md,LH_F4,LH_antParietal,0.0,overlap_coef,all,froi
419,Events2move,md,LH_F4,LH_supFrontal,0.0,overlap_coef,all,froi
419,Events2move,md,LH_F4,LH_Precentral_A_precG,0.0,overlap_coef,all,froi
419,Events2move,md,LH_F4,LH_Precentral_B_IFGop,0.0,overlap_coef,all,froi
419,Events2move,md,LH_F4,LH_midFrontal,0.0,overlap_coef,all,froi
419,Events2move,md,LH_F4,LH_midFrontalOrb,0.0,overlap_coef,all,froi
419,Events2move,md,LH_F4,LH_insula,0.0,overlap_coef,all,froi
419,Events2move,md,LH_F4,LH_medialFrontal,0.0,overlap_coef,all,froi
419,Events2move,md,RH_Cer2,LH_postParietal,0.0,overlap_coef,all,froi
419,Events2move,md,RH_Cer2,LH_midParietal,0.0,overlap_coef,all,froi
419,Events2move,md,RH_Cer2,LH_antParietal,0.0,overlap_coef,all,froi
419,Events2move,md,RH_Cer2,LH_supFrontal,0.0,overlap_coef,all,froi
419,Events2move,md,RH_Cer2,LH_Precentral_A_precG,0.0,overlap_coef,all,froi
419,Events2move,md,RH_Cer2,LH_Precentral_B_IFGop,0.0,overlap_coef,all,froi
419,Events2move,md,RH_Cer2,LH_midFrontal,0.0,overlap_coef,all,froi
419,Events2move,md,RH_Cer2,LH_midFrontalOrb,0.0,overlap_coef,all,froi
419,Events2move,md,RH_Cer2,LH_insula,0.0,overlap_coef,all,froi
419,Events2move,md,RH_Cer2,LH_medialFrontal,0.0,overlap_coef,all,froi
419,Events2move,md,LH_F3,LH_postParietal,0.0,overlap_coef,all,froi
419,Events2move,md,LH_F3,LH_midParietal,0.0,overlap_coef,all,froi
419,Events2move,md,LH_F3,LH_antParietal,0.0,overlap_coef,all,froi
419,Events2move,md,LH_F3,LH_supFrontal,0.0,overlap_coef,all,froi
419,Events2move,md,LH_F3,LH_Precentral_A_precG,0.0,overlap_coef,all,froi
419,Events2move,md,LH_F3,LH_Precentral_B_IFGop,0.0,overlap_coef,all,froi
419,Events2move,md,LH_F3,LH_midFrontal,0.0,overlap_coef,all,froi
419,Events2move,md,LH_F3,LH_midFrontalOrb,0.0,overlap_coef,all,froi
419,Events2move,md,LH_F3,LH_insula,0.0,overlap_coef,all,froi
419,Events2move,md,LH_F3,LH_medialFrontal,0.0,overlap_coef,all,froi
419,Events2move,md,LH_F5,LH_postParietal,0.0,overlap_coef,all,froi
419,Events2move,md,LH_F5,LH_midParietal,0.0,overlap_coef,all,froi
419,Events2move,md,LH_F5,LH_antParietal,0.0,overlap_coef,all,froi
419,Events2move,md,LH_F5,LH_supFrontal,0.0,overlap_coef,all,froi
419,Events2move,md,LH_F5,LH_Precentral_A_precG,0.0,overlap_coef,all,froi
419,Events2move,md,LH_F5,LH_Precentral_B_IFGop,0.0,overlap_coef,all,froi
419,Events2move,md,LH_F5,LH_midFrontal,0.0,overlap_coef,all,froi
419,Events2move,md,LH_F5,LH_midFrontalOrb,0.0,overlap_coef,all,froi
419,Events2move,md,LH_F5,LH_insula,0.0,overlap_coef,all,froi
419,Events2move,md,LH_F5,LH_medialFrontal,0.0,overlap_coef,all,froi
419,Events2move,dmn,LH_F2,LH_FrontalMed,0.0,overlap_coef,all,froi
419,Events2move,dmn,LH_F2,LH_PostCing,0.0,overlap_coef,all,froi
419,Events2move,dmn,LH_F2,LH_TPJ,0.0,overlap_coef,all,froi
419,Events2move,dmn,LH_F2,LH_MidCing,0.0,overlap_coef,all,froi
419,Events2move,dmn,LH_F2,LH_STGorInsula,0.0,overlap_coef,all,froi
419,Events2move,dmn,LH_F2,LH_AntTemp,0.0,overlap_coef,all,froi
419,Events2move,dmn,LH_F1,LH_FrontalMed,0.0,overlap_coef,all,froi
419,Events2move,dmn,LH_F1,LH_PostCing,0.0,overlap_coef,all,froi
419,Events2move,dmn,LH_F1,LH_TPJ,0.0,overlap_coef,all,froi
419,Events2move,dmn,LH_F1,LH_MidCing,0.0,overlap_coef,all,froi
419,Events2move,dmn,LH_F1,LH_STGorInsula,0.0,overlap_coef,all,froi
419,Events2move,dmn,LH_F1,LH_AntTemp,0.0,overlap_coef,all,froi
419,Events2move,dmn,LH_TP2,LH_FrontalMed,0.0,overlap_coef,all,froi
419,Events2move,dmn,LH_TP2,LH_PostCing,0.0,overlap_coef,all,froi
419,Events2move,dmn,LH_TP2,LH_TPJ,0.0,overlap_coef,all,froi
419,Events2move,dmn,LH_TP2,LH_MidCing,0.0,overlap_coef,all,froi
419,Events2move,dmn,LH_TP2,LH_STGorInsula,0.0,overlap_coef,all,froi
419,Events2move,dmn,LH_TP2,LH_AntTemp,0.0,overlap_coef,all,froi
419,Events2move,dmn,LH_TP3,LH_FrontalMed,0.0,overlap_coef,all,froi
419,Events2move,dmn,LH_TP3,LH_PostCing,0.0,overlap_coef,all,froi
419,Events2move,dmn,LH_TP3,LH_TPJ,0.1891891891891892,overlap_coef,all,froi
419,Events2move,dmn,LH_TP3,LH_MidCing,0.0,overlap_coef,all,froi
419,Events2move,dmn,LH_TP3,LH_STGorInsula,0.0,overlap_coef,all,froi
419,Events2move,dmn,LH_TP3,LH_AntTemp,0.0,overlap_coef,all,froi
419,Events2move,dmn,LH_TP1,LH_FrontalMed,0.0,overlap_coef,all,froi
419,Events2move,dmn,LH_TP1,LH_PostCing,0.0,overlap_coef,all,froi
419,Events2move,dmn,LH_TP1,LH_TPJ,0.0,overlap_coef,all,froi
419,Events2move,dmn,LH_TP1,LH_MidCing,0.0,overlap_coef,all,froi
419,Events2move,dmn,LH_TP1,LH_STGorInsula,0.0,overlap_coef,all,froi
419,Events2move,dmn,LH_TP1,LH_AntTemp,0.0,overlap_coef,all,froi
419,Events2move,dmn,LH_TP4,LH_FrontalMed,0.0,overlap_coef,all,froi
419,Events2move,dmn,LH_TP4,LH_PostCing,0.0,overlap_coef,all,froi
419,Events2move,dmn,LH_TP4,LH_TPJ,0.0,overlap_coef,all,froi
419,Events2move,dmn,LH_TP4,LH_MidCing,0.0,overlap_coef,all,froi
419,Events2move,dmn,LH_TP4,LH_STGorInsula,0.0,overlap_coef,all,froi
419,Events2move,dmn,LH_TP4,LH_AntTemp,0.0,overlap_coef,all,froi
419,Events2move,dmn,RH_Cer1,LH_FrontalMed,0.0,overlap_coef,all,froi
419,Events2move,dmn,RH_Cer1,LH_PostCing,0.0,overlap_coef,all,froi
419,Events2move,dmn,RH_Cer1,LH_TPJ,0.0,overlap_coef,all,froi
419,Events2move,dmn,RH_Cer1,LH_MidCing,0.0,overlap_coef,all,froi
419,Events2move,dmn,RH_Cer1,LH_STGorInsula,0.0,overlap_coef,all,froi
419,Events2move,dmn,RH_Cer1,LH_AntTemp,0.0,overlap_coef,all,froi
419,Events2move,dmn,LH_MID3,LH_FrontalMed,0.0,overlap_coef,all,froi
419,Events2move,dmn,LH_MID3,LH_PostCing,0.0,overlap_coef,all,froi
419,Events2move,dmn,LH_MID3,LH_TPJ,0.0,overlap_coef,all,froi
419,Events2move,dmn,LH_MID3,LH_MidCing,0.0,overlap_coef,all,froi
419,Events2move,dmn,LH_MID3,LH_STGorInsula,0.0,overlap_coef,all,froi
419,Events2move,dmn,LH_MID3,LH_AntTemp,0.0,overlap_coef,all,froi
419,Events2move,dmn,LH_F4,LH_FrontalMed,0.0,overlap_coef,all,froi
419,Events2move,dmn,LH_F4,LH_PostCing,0.0,overlap_coef,all,froi
419,Events2move,dmn,LH_F4,LH_TPJ,0.0,overlap_coef,all,froi
419,Events2move,dmn,LH_F4,LH_MidCing,0.0,overlap_coef,all,froi
419,Events2move,dmn,LH_F4,LH_STGorInsula,0.0,overlap_coef,all,froi
419,Events2move,dmn,LH_F4,LH_AntTemp,0.0,overlap_coef,all,froi
419,Events2move,dmn,RH_Cer2,LH_FrontalMed,0.0,overlap_coef,all,froi
419,Events2move,dmn,RH_Cer2,LH_PostCing,0.0,overlap_coef,all,froi
419,Events2move,dmn,RH_Cer2,LH_TPJ,0.0,overlap_coef,all,froi
419,Events2move,dmn,RH_Cer2,LH_MidCing,0.0,overlap_coef,all,froi
419,Events2move,dmn,RH_Cer2,LH_STGorInsula,0.0,overlap_coef,all,froi
419,Events2move,dmn,RH_Cer2,LH_AntTemp,0.0,overlap_coef,all,froi
419,Events2move,dmn,LH_F3,LH_FrontalMed,0.0,overlap_coef,all,froi
419,Events2move,dmn,LH_F3,LH_PostCing,0.0,overlap_coef,all,froi
419,Events2move,dmn,LH_F3,LH_TPJ,0.0,overlap_coef,all,froi
419,Events2move,dmn,LH_F3,LH_MidCing,0.0,overlap_coef,all,froi
419,Events2move,dmn,LH_F3,LH_STGorInsula,0.0,overlap_coef,all,froi
419,Events2move,dmn,LH_F3,LH_AntTemp,0.0,overlap_coef,all,froi
419,Events2move,dmn,LH_F5,LH_FrontalMed,0.0,overlap_coef,all,froi
419,Events2move,dmn,LH_F5,LH_PostCing,0.0,overlap_coef,all,froi
419,Events2move,dmn,LH_F5,LH_TPJ,0.0,overlap_coef,all,froi
419,Events2move,dmn,LH_F5,LH_MidCing,0.0,overlap_coef,all,froi
419,Events2move,dmn,LH_F5,LH_STGorInsula,0.0,overlap_coef,all,froi
419,Events2move,dmn,LH_F5,LH_AntTemp,0.0,overlap_coef,all,froi
773,Events2move,language,LH_F2,LH_IFGorb,0.0,overlap_coef,all,froi
773,Events2move,language,LH_F2,LH_IFG,0.07894736842105263,overlap_coef,all,froi
773,Events2move,language,LH_F2,LH_MFG,0.0,overlap_coef,all,froi
773,Events2move,language,LH_F2,LH_AntTemp,0.0,overlap_coef,all,froi
773,Events2move,language,LH_F2,LH_PostTemp,0.0,overlap_coef,all,froi
773,Events2move,language,LH_F2,LH_AngG,0.0,overlap_coef,all,froi
773,Events2move,language,LH_F1,LH_IFGorb,0.5675675675675675,overlap_coef,all,froi
773,Events2move,language,LH_F1,LH_IFG,0.0,overlap_coef,all,froi
773,Events2move,language,LH_F1,LH_MFG,0.0,overlap_coef,all,froi
773,Events2move,language,LH_F1,LH_AntTemp,0.0,overlap_coef,all,froi
773,Events2move,language,LH_F1,LH_PostTemp,0.0,overlap_coef,all,froi
773,Events2move,language,LH_F1,LH_AngG,0.0,overlap_coef,all,froi
773,Events2move,language,LH_TP2,LH_IFGorb,0.0,overlap_coef,all,froi
773,Events2move,language,LH_TP2,LH_IFG,0.0,overlap_coef,all,froi
773,Events2move,language,LH_TP2,LH_MFG,0.0,overlap_coef,all,froi
773,Events2move,language,LH_TP2,LH_AntTemp,0.0,overlap_coef,all,froi
773,Events2move,language,LH_TP2,LH_PostTemp,0.37790697674418605,overlap_coef,all,froi
773,Events2move,language,LH_TP2,LH_AngG,0.0,overlap_coef,all,froi
773,Events2move,language,LH_TP3,LH_IFGorb,0.0,overlap_coef,all,froi
773,Events2move,language,LH_TP3,LH_IFG,0.0,overlap_coef,all,froi
773,Events2move,language,LH_TP3,LH_MFG,0.0,overlap_coef,all,froi
773,Events2move,language,LH_TP3,LH_AntTemp,0.0,overlap_coef,all,froi
773,Events2move,language,LH_TP3,LH_PostTemp,0.2,overlap_coef,all,froi
773,Events2move,language,LH_TP3,LH_AngG,0.5540540540540541,overlap_coef,all,froi
773,Events2move,language,LH_TP1,LH_IFGorb,0.0,overlap_coef,all,froi
773,Events2move,language,LH_TP1,LH_IFG,0.0,overlap_coef,all,froi
773,Events2move,language,LH_TP1,LH_MFG,0.0,overlap_coef,all,froi
773,Events2move,language,LH_TP1,LH_AntTemp,0.0,overlap_coef,all,froi
773,Events2move,language,LH_TP1,LH_PostTemp,0.0,overlap_coef,all,froi
773,Events2move,language,LH_TP1,LH_AngG,0.0,overlap_coef,all,froi
773,Events2move,language,LH_TP4,LH_IFGorb,0.0,overlap_coef,all,froi
773,Events2move,language,LH_TP4,LH_IFG,0.0,overlap_coef,all,froi
773,Events2move,language,LH_TP4,LH_MFG,0.0,overlap_coef,all,froi
773,Events2move,language,LH_TP4,LH_AntTemp,0.0,overlap_coef,all,froi
773,Events2move,language,LH_TP4,LH_PostTemp,0.0,overlap_coef,all,froi
773,Events2move,language,LH_TP4,LH_AngG,0.05405405405405406,overlap_coef,all,froi
773,Events2move,language,RH_Cer1,LH_IFGorb,0.0,overlap_coef,all,froi
773,Events2move,language,RH_Cer1,LH_IFG,0.0,overlap_coef,all,froi
773,Events2move,language,RH_Cer1,LH_MFG,0.0,overlap_coef,all,froi
773,Events2move,language,RH_Cer1,LH_AntTemp,0.0,overlap_coef,all,froi
773,Events2move,language,RH_Cer1,LH_PostTemp,0.0,overlap_coef,all,froi
773,Events2move,language,RH_Cer1,LH_AngG,0.0,overlap_coef,all,froi
773,Events2move,language,LH_MID3,LH_IFGorb,0.0,overlap_coef,all,froi
773,Events2move,language,LH_MID3,LH_IFG,0.0,overlap_coef,all,froi
773,Events2move,language,LH_MID3,LH_MFG,0.0,overlap_coef,all,froi
773,Events2move,language,LH_MID3,LH_AntTemp,0.0,overlap_coef,all,froi
773,Events2move,language,LH_MID3,LH_PostTemp,0.0,overlap_coef,all,froi
773,Events2move,language,LH_MID3,LH_AngG,0.0,overlap_coef,all,froi
773,Events2move,language,LH_F4,LH_IFGorb,0.0,overlap_coef,all,froi
773,Events2move,language,LH_F4,LH_IFG,0.0,overlap_coef,all,froi
773,Events2move,language,LH_F4,LH_MFG,0.0,overlap_coef,all,froi
773,Events2move,language,LH_F4,LH_AntTemp,0.0,overlap_coef,all,froi
773,Events2move,language,LH_F4,LH_PostTemp,0.0,overlap_coef,all,froi
773,Events2move,language,LH_F4,LH_AngG,0.0,overlap_coef,all,froi
773,Events2move,language,RH_Cer2,LH_IFGorb,0.0,overlap_coef,all,froi
773,Events2move,language,RH_Cer2,LH_IFG,0.0,overlap_coef,all,froi
773,Events2move,language,RH_Cer2,LH_MFG,0.0,overlap_coef,all,froi
773,Events2move,language,RH_Cer2,LH_AntTemp,0.0,overlap_coef,all,froi
773,Events2move,language,RH_Cer2,LH_PostTemp,0.0,overlap_coef,all,froi
773,Events2move,language,RH_Cer2,LH_AngG,0.0,overlap_coef,all,froi
773,Events2move,language,LH_F3,LH_IFGorb,0.0,overlap_coef,all,froi
773,Events2move,language,LH_F3,LH_IFG,0.0,overlap_coef,all,froi
773,Events2move,language,LH_F3,LH_MFG,0.0,overlap_coef,all,froi
773,Events2move,language,LH_F3,LH_AntTemp,0.0,overlap_coef,all,froi
773,Events2move,language,LH_F3,LH_PostTemp,0.0,overlap_coef,all,froi
773,Events2move,language,LH_F3,LH_AngG,0.0,overlap_coef,all,froi
773,Events2move,language,LH_F5,LH_IFGorb,0.0,overlap_coef,all,froi
773,Events2move,language,LH_F5,LH_IFG,0.0,overlap_coef,all,froi
773,Events2move,language,LH_F5,LH_MFG,0.0,overlap_coef,all,froi
773,Events2move,language,LH_F5,LH_AntTemp,0.0,overlap_coef,all,froi
773,Events2move,language,LH_F5,LH_PostTemp,0.0,overlap_coef,all,froi
773,Events2move,language,LH_F5,LH_AngG,0.0,overlap_coef,all,froi
773,Events2move,md,LH_F2,LH_postParietal,0.0,overlap_coef,all,froi
773,Events2move,md,LH_F2,LH_midParietal,0.0,overlap_coef,all,froi
773,Events2move,md,LH_F2,LH_antParietal,0.0,overlap_coef,all,froi
773,Events2move,md,LH_F2,LH_supFrontal,0.0,overlap_coef,all,froi
773,Events2move,md,LH_F2,LH_Precentral_A_precG,0.0,overlap_coef,all,froi
773,Events2move,md,LH_F2,LH_Precentral_B_IFGop,0.0,overlap_coef,all,froi
773,Events2move,md,LH_F2,LH_midFrontal,0.029556650246305417,overlap_coef,all,froi
773,Events2move,md,LH_F2,LH_midFrontalOrb,0.0,overlap_coef,all,froi
773,Events2move,md,LH_F2,LH_insula,0.0,overlap_coef,all,froi
773,Events2move,md,LH_F2,LH_medialFrontal,0.0,overlap_coef,all,froi
773,Events2move,md,LH_F1,LH_postParietal,0.0,overlap_coef,all,froi
773,Events2move,md,LH_F1,LH_midParietal,0.0,overlap_coef,all,froi
773,Events2move,md,LH_F1,LH_antParietal,0.0,overlap_coef,all,froi
773,Events2move,md,LH_F1,LH_supFrontal,0.0,overlap_coef,all,froi
773,Events2move,md,LH_F1,LH_Precentral_A_precG,0.0,overlap_coef,all,froi
773,Events2move,md,LH_F1,LH_Precentral_B_IFGop,0.0,overlap_coef,all,froi
773,Events2move,md,LH_F1,LH_midFrontal,0.0,overlap_coef,all,froi
773,Events2move,md,LH_F1,LH_midFrontalOrb,0.0,overlap_coef,all,froi
773,Events2move,md,LH_F1,LH_insula,0.0,overlap_coef,all,froi
773,Events2move,md,LH_F1,LH_medialFrontal,0.0,overlap_coef,all,froi
773,Events2move,md,LH_TP2,LH_postParietal,0.0,overlap_coef,all,froi
773,Events2move,md,LH_TP2,LH_midParietal,0.0,overlap_coef,all,froi
773,Events2move,md,LH_TP2,LH_antParietal,0.0,overlap_coef,all,froi
773,Events2move,md,LH_TP2,LH_supFrontal,0.0,overlap_coef,all,froi
773,Events2move,md,LH_TP2,LH_Precentral_A_precG,0.0,overlap_coef,all,froi
773,Events2move,md,LH_TP2,LH_Precentral_B_IFGop,0.0,overlap_coef,all,froi
773,Events2move,md,LH_TP2,LH_midFrontal,0.0,overlap_coef,all,froi
773,Events2move,md,LH_TP2,LH_midFrontalOrb,0.0,overlap_coef,all,froi
773,Events2move,md,LH_TP2,LH_insula,0.0,overlap_coef,all,froi
773,Events2move,md,LH_TP2,LH_medialFrontal,0.0,overlap_coef,all,froi
773,Events2move,md,LH_TP3,LH_postParietal,0.0,overlap_coef,all,froi
773,Events2move,md,LH_TP3,LH_midParietal,0.0,overlap_coef,all,froi
773,Events2move,md,LH_TP3,LH_antParietal,0.0,overlap_coef,all,froi
773,Events2move,md,LH_TP3,LH_supFrontal,0.0,overlap_coef,all,froi
773,Events2move,md,LH_TP3,LH_Precentral_A_precG,0.0,overlap_coef,all,froi
773,Events2move,md,LH_TP3,LH_Precentral_B_IFGop,0.0,overlap_coef,all,froi
773,Events2move,md,LH_TP3,LH_midFrontal,0.0,overlap_coef,all,froi
773,Events2move,md,LH_TP3,LH_midFrontalOrb,0.0,overlap_coef,all,froi
773,Events2move,md,LH_TP3,LH_insula,0.0,overlap_coef,all,froi
773,Events2move,md,LH_TP3,LH_medialFrontal,0.0,overlap_coef,all,froi
773,Events2move,md,LH_TP1,LH_postParietal,0.0,overlap_coef,all,froi
773,Events2move,md,LH_TP1,LH_midParietal,0.0,overlap_coef,all,froi
773,Events2move,md,LH_TP1,LH_antParietal,0.0,overlap_coef,all,froi
773,Events2move,md,LH_TP1,LH_supFrontal,0.0,overlap_coef,all,froi
773,Events2move,md,LH_TP1,LH_Precentral_A_precG,0.0,overlap_coef,all,froi
773,Events2move,md,LH_TP1,LH_Precentral_B_IFGop,0.0,overlap_coef,all,froi
773,Events2move,md,LH_TP1,LH_midFrontal,0.0,overlap_coef,all,froi
773,Events2move,md,LH_TP1,LH_midFrontalOrb,0.0,overlap_coef,all,froi
773,Events2move,md,LH_TP1,LH_insula,0.0,overlap_coef,all,froi
773,Events2move,md,LH_TP1,LH_medialFrontal,0.0,overlap_coef,all,froi
773,Events2move,md,LH_TP4,LH_postParietal,0.0,overlap_coef,all,froi
773,Events2move,md,LH_TP4,LH_midParietal,0.0,overlap_coef,all,froi
773,Events2move,md,LH_TP4,LH_antParietal,0.0,overlap_coef,all,froi
773,Events2move,md,LH_TP4,LH_supFrontal,0.0,overlap_coef,all,froi
773,Events2move,md,LH_TP4,LH_Precentral_A_precG,0.0,overlap_coef,all,froi
773,Events2move,md,LH_TP4,LH_Precentral_B_IFGop,0.0,overlap_coef,all,froi
773,Events2move,md,LH_TP4,LH_midFrontal,0.0,overlap_coef,all,froi
773,Events2move,md,LH_TP4,LH_midFrontalOrb,0.0,overlap_coef,all,froi
773,Events2move,md,LH_TP4,LH_insula,0.0,overlap_coef,all,froi
773,Events2move,md,LH_TP4,LH_medialFrontal,0.0,overlap_coef,all,froi
773,Events2move,md,RH_Cer1,LH_postParietal,0.0,overlap_coef,all,froi
773,Events2move,md,RH_Cer1,LH_midParietal,0.0,overlap_coef,all,froi
773,Events2move,md,RH_Cer1,LH_antParietal,0.0,overlap_coef,all,froi
773,Events2move,md,RH_Cer1,LH_supFrontal,0.0,overlap_coef,all,froi
773,Events2move,md,RH_Cer1,LH_Precentral_A_precG,0.0,overlap_coef,all,froi
773,Events2move,md,RH_Cer1,LH_Precentral_B_IFGop,0.0,overlap_coef,all,froi
773,Events2move,md,RH_Cer1,LH_midFrontal,0.0,overlap_coef,all,froi
773,Events2move,md,RH_Cer1,LH_midFrontalOrb,0.0,overlap_coef,all,froi
773,Events2move,md,RH_Cer1,LH_insula,0.0,overlap_coef,all,froi
773,Events2move,md,RH_Cer1,LH_medialFrontal,0.0,overlap_coef,all,froi
773,Events2move,md,LH_MID3,LH_postParietal,0.0,overlap_coef,all,froi
773,Events2move,md,LH_MID3,LH_midParietal,0.0,overlap_coef,all,froi
773,Events2move,md,LH_MID3,LH_antParietal,0.0,overlap_coef,all,froi
773,Events2move,md,LH_MID3,LH_supFrontal,0.0,overlap_coef,all,froi
773,Events2move,md,LH_MID3,LH_Precentral_A_precG,0.0,overlap_coef,all,froi
773,Events2move,md,LH_MID3,LH_Precentral_B_IFGop,0.0,overlap_coef,all,froi
773,Events2move,md,LH_MID3,LH_midFrontal,0.0,overlap_coef,all,froi
773,Events2move,md,LH_MID3,LH_midFrontalOrb,0.0,overlap_coef,all,froi
773,Events2move,md,LH_MID3,LH_insula,0.0,overlap_coef,all,froi
773,Events2move,md,LH_MID3,LH_medialFrontal,0.0784313725490196,overlap_coef,all,froi
773,Events2move,md,LH_F4,LH_postParietal,0.0,overlap_coef,all,froi
773,Events2move,md,LH_F4,LH_midParietal,0.0,overlap_coef,all,froi
773,Events2move,md,LH_F4,LH_antParietal,0.0,overlap_coef,all,froi
773,Events2move,md,LH_F4,LH_supFrontal,0.0,overlap_coef,all,froi
773,Events2move,md,LH_F4,LH_Precentral_A_precG,0.0,overlap_coef,all,froi
773,Events2move,md,LH_F4,LH_Precentral_B_IFGop,0.0,overlap_coef,all,froi
773,Events2move,md,LH_F4,LH_midFrontal,0.0,overlap_coef,all,froi
773,Events2move,md,LH_F4,LH_midFrontalOrb,0.0,overlap_coef,all,froi
773,Events2move,md,LH_F4,LH_insula,0.0,overlap_coef,all,froi
773,Events2move,md,LH_F4,LH_medialFrontal,0.0,overlap_coef,all,froi
773,Events2move,md,RH_Cer2,LH_postParietal,0.0,overlap_coef,all,froi
773,Events2move,md,RH_Cer2,LH_midParietal,0.0,overlap_coef,all,froi
773,Events2move,md,RH_Cer2,LH_antParietal,0.0,overlap_coef,all,froi
773,Events2move,md,RH_Cer2,LH_supFrontal,0.0,overlap_coef,all,froi
773,Events2move,md,RH_Cer2,LH_Precentral_A_precG,0.0,overlap_coef,all,froi
773,Events2move,md,RH_Cer2,LH_Precentral_B_IFGop,0.0,overlap_coef,all,froi
773,Events2move,md,RH_Cer2,LH_midFrontal,0.0,overlap_coef,all,froi
773,Events2move,md,RH_Cer2,LH_midFrontalOrb,0.0,overlap_coef,all,froi
773,Events2move,md,RH_Cer2,LH_insula,0.0,overlap_coef,all,froi
773,Events2move,md,RH_Cer2,LH_medialFrontal,0.0,overlap_coef,all,froi
773,Events2move,md,LH_F3,LH_postParietal,0.0,overlap_coef,all,froi
773,Events2move,md,LH_F3,LH_midParietal,0.0,overlap_coef,all,froi
773,Events2move,md,LH_F3,LH_antParietal,0.0,overlap_coef,all,froi
773,Events2move,md,LH_F3,LH_supFrontal,0.0,overlap_coef,all,froi
773,Events2move,md,LH_F3,LH_Precentral_A_precG,0.0,overlap_coef,all,froi
773,Events2move,md,LH_F3,LH_Precentral_B_IFGop,0.0,overlap_coef,all,froi
773,Events2move,md,LH_F3,LH_midFrontal,0.0,overlap_coef,all,froi
773,Events2move,md,LH_F3,LH_midFrontalOrb,0.0,overlap_coef,all,froi
773,Events2move,md,LH_F3,LH_insula,0.0,overlap_coef,all,froi
773,Events2move,md,LH_F3,LH_medialFrontal,0.0,overlap_coef,all,froi
773,Events2move,md,LH_F5,LH_postParietal,0.0,overlap_coef,all,froi
773,Events2move,md,LH_F5,LH_midParietal,0.0,overlap_coef,all,froi
773,Events2move,md,LH_F5,LH_antParietal,0.0,overlap_coef,all,froi
773,Events2move,md,LH_F5,LH_supFrontal,0.0,overlap_coef,all,froi
773,Events2move,md,LH_F5,LH_Precentral_A_precG,0.0,overlap_coef,all,froi
773,Events2move,md,LH_F5,LH_Precentral_B_IFGop,0.0,overlap_coef,all,froi
773,Events2move,md,LH_F5,LH_midFrontal,0.0,overlap_coef,all,froi
773,Events2move,md,LH_F5,LH_midFrontalOrb,0.0,overlap_coef,all,froi
773,Events2move,md,LH_F5,LH_insula,0.0,overlap_coef,all,froi
773,Events2move,md,LH_F5,LH_medialFrontal,0.0,overlap_coef,all,froi
773,Events2move,dmn,LH_F2,LH_FrontalMed,0.0,overlap_coef,all,froi
773,Events2move,dmn,LH_F2,LH_PostCing,0.0,overlap_coef,all,froi
773,Events2move,dmn,LH_F2,LH_TPJ,0.0,overlap_coef,all,froi
773,Events2move,dmn,LH_F2,LH_MidCing,0.0,overlap_coef,all,froi
773,Events2move,dmn,LH_F2,LH_STGorInsula,0.0,overlap_coef,all,froi
773,Events2move,dmn,LH_F2,LH_AntTemp,0.0,overlap_coef,all,froi
773,Events2move,dmn,LH_F1,LH_FrontalMed,0.0,overlap_coef,all,froi
773,Events2move,dmn,LH_F1,LH_PostCing,0.0,overlap_coef,all,froi
773,Events2move,dmn,LH_F1,LH_TPJ,0.0,overlap_coef,all,froi
773,Events2move,dmn,LH_F1,LH_MidCing,0.0,overlap_coef,all,froi
773,Events2move,dmn,LH_F1,LH_STGorInsula,0.0,overlap_coef,all,froi
773,Events2move,dmn,LH_F1,LH_AntTemp,0.0,overlap_coef,all,froi
773,Events2move,dmn,LH_TP2,LH_FrontalMed,0.0,overlap_coef,all,froi
773,Events2move,dmn,LH_TP2,LH_PostCing,0.0,overlap_coef,all,froi
773,Events2move,dmn,LH_TP2,LH_TPJ,0.0,overlap_coef,all,froi
773,Events2move,dmn,LH_TP2,LH_MidCing,0.0,overlap_coef,all,froi
773,Events2move,dmn,LH_TP2,LH_STGorInsula,0.0,overlap_coef,all,froi
773,Events2move,dmn,LH_TP2,LH_AntTemp,0.0,overlap_coef,all,froi
773,Events2move,dmn,LH_TP3,LH_FrontalMed,0.0,overlap_coef,all,froi
773,Events2move,dmn,LH_TP3,LH_PostCing,0.0,overlap_coef,all,froi
773,Events2move,dmn,LH_TP3,LH_TPJ,0.24324324324324326,overlap_coef,all,froi
773,Events2move,dmn,LH_TP3,LH_MidCing,0.0,overlap_coef,all,froi
773,Events2move,dmn,LH_TP3,LH_STGorInsula,0.0,overlap_coef,all,froi
773,Events2move,dmn,LH_TP3,LH_AntTemp,0.0,overlap_coef,all,froi
773,Events2move,dmn,LH_TP1,LH_FrontalMed,0.0,overlap_coef,all,froi
773,Events2move,dmn,LH_TP1,LH_PostCing,0.0,overlap_coef,all,froi
773,Events2move,dmn,LH_TP1,LH_TPJ,0.0,overlap_coef,all,froi
773,Events2move,dmn,LH_TP1,LH_MidCing,0.0,overlap_coef,all,froi
773,Events2move,dmn,LH_TP1,LH_STGorInsula,0.0,overlap_coef,all,froi
773,Events2move,dmn,LH_TP1,LH_AntTemp,0.0,overlap_coef,all,froi
773,Events2move,dmn,LH_TP4,LH_FrontalMed,0.0,overlap_coef,all,froi
773,Events2move,dmn,LH_TP4,LH_PostCing,0.0,overlap_coef,all,froi
773,Events2move,dmn,LH_TP4,LH_TPJ,0.013513513513513514,overlap_coef,all,froi
773,Events2move,dmn,LH_TP4,LH_MidCing,0.0,overlap_coef,all,froi
773,Events2move,dmn,LH_TP4,LH_STGorInsula,0.0,overlap_coef,all,froi
773,Events2move,dmn,LH_TP4,LH_AntTemp,0.0,overlap_coef,all,froi
773,Events2move,dmn,RH_Cer1,LH_FrontalMed,0.0,overlap_coef,all,froi
773,Events2move,dmn,RH_Cer1,LH_PostCing,0.0,overlap_coef,all,froi
773,Events2move,dmn,RH_Cer1,LH_TPJ,0.0,overlap_coef,all,froi
773,Events2move,dmn,RH_Cer1,LH_MidCing,0.0,overlap_coef,all,froi
773,Events2move,dmn,RH_Cer1,LH_STGorInsula,0.0,overlap_coef,all,froi
773,Events2move,dmn,RH_Cer1,LH_AntTemp,0.0,overlap_coef,all,froi
773,Events2move,dmn,LH_MID3,LH_FrontalMed,0.0,overlap_coef,all,froi
773,Events2move,dmn,LH_MID3,LH_PostCing,0.0,overlap_coef,all,froi
773,Events2move,dmn,LH_MID3,LH_TPJ,0.0,overlap_coef,all,froi
773,Events2move,dmn,LH_MID3,LH_MidCing,0.0,overlap_coef,all,froi
773,Events2move,dmn,LH_MID3,LH_STGorInsula,0.0,overlap_coef,all,froi
773,Events2move,dmn,LH_MID3,LH_AntTemp,0.0,overlap_coef,all,froi
773,Events2move,dmn,LH_F4,LH_FrontalMed,0.0,overlap_coef,all,froi
773,Events2move,dmn,LH_F4,LH_PostCing,0.0,overlap_coef,all,froi
773,Events2move,dmn,LH_F4,LH_TPJ,0.0,overlap_coef,all,froi
773,Events2move,dmn,LH_F4,LH_MidCing,0.0,overlap_coef,all,froi
773,Events2move,dmn,LH_F4,LH_STGorInsula,0.0,overlap_coef,all,froi
773,Events2move,dmn,LH_F4,LH_AntTemp,0.0,overlap_coef,all,froi
773,Events2move,dmn,RH_Cer2,LH_FrontalMed,0.0,overlap_coef,all,froi
773,Events2move,dmn,RH_Cer2,LH_PostCing,0.0,overlap_coef,all,froi
773,Events2move,dmn,RH_Cer2,LH_TPJ,0.0,overlap_coef,all,froi
773,Events2move,dmn,RH_Cer2,LH_MidCing,0.0,overlap_coef,all,froi
773,Events2move,dmn,RH_Cer2,LH_STGorInsula,0.0,overlap_coef,all,froi
773,Events2move,dmn,RH_Cer2,LH_AntTemp,0.0,overlap_coef,all,froi
773,Events2move,dmn,LH_F3,LH_FrontalMed,0.0,overlap_coef,all,froi
773,Events2move,dmn,LH_F3,LH_PostCing,0.0,overlap_coef,all,froi
773,Events2move,dmn,LH_F3,LH_TPJ,0.0,overlap_coef,all,froi
773,Events2move,dmn,LH_F3,LH_MidCing,0.0,overlap_coef,all,froi
773,Events2move,dmn,LH_F3,LH_STGorInsula,0.0,overlap_coef,all,froi
773,Events2move,dmn,LH_F3,LH_AntTemp,0.0,overlap_coef,all,froi
773,Events2move,dmn,LH_F5,LH_FrontalMed,0.0,overlap_coef,all,froi
773,Events2move,dmn,LH_F5,LH_PostCing,0.0,overlap_coef,all,froi
773,Events2move,dmn,LH_F5,LH_TPJ,0.0,overlap_coef,all,froi
773,Events2move,dmn,LH_F5,LH_MidCing,0.0,overlap_coef,all,froi
773,Events2move,dmn,LH_F5,LH_STGorInsula,0.0,overlap_coef,all,froi
773,Events2move,dmn,LH_F5,LH_AntTemp,0.0,overlap_coef,all,froi
774,Events2move,language,LH_F2,LH_IFGorb,0.0,overlap_coef,all,froi
774,Events2move,language,LH_F2,LH_IFG,0.18421052631578946,overlap_coef,all,froi
774,Events2move,language,LH_F2,LH_MFG,0.0,overlap_coef,all,froi
774,Events2move,language,LH_F2,LH_AntTemp,0.0,overlap_coef,all,froi
774,Events2move,language,LH_F2,LH_PostTemp,0.0,overlap_coef,all,froi
774,Events2move,language,LH_F2,LH_AngG,0.0,overlap_coef,all,froi
774,Events2move,language,LH_F1,LH_IFGorb,0.0,overlap_coef,all,froi
774,Events2move,language,LH_F1,LH_IFG,0.0,overlap_coef,all,froi
774,Events2move,language,LH_F1,LH_MFG,0.0,overlap_coef,all,froi
774,Events2move,language,LH_F1,LH_AntTemp,0.0,overlap_coef,all,froi
774,Events2move,language,LH_F1,LH_PostTemp,0.0,overlap_coef,all,froi
774,Events2move,language,LH_F1,LH_AngG,0.0,overlap_coef,all,froi
774,Events2move,language,LH_TP2,LH_IFGorb,0.0,overlap_coef,all,froi
774,Events2move,language,LH_TP2,LH_IFG,0.0,overlap_coef,all,froi
774,Events2move,language,LH_TP2,LH_MFG,0.0,overlap_coef,all,froi
774,Events2move,language,LH_TP2,LH_AntTemp,0.0,overlap_coef,all,froi
774,Events2move,language,LH_TP2,LH_PostTemp,0.06395348837209303,overlap_coef,all,froi
774,Events2move,language,LH_TP2,LH_AngG,0.0,overlap_coef,all,froi
774,Events2move,language,LH_TP3,LH_IFGorb,0.0,overlap_coef,all,froi
774,Events2move,language,LH_TP3,LH_IFG,0.0,overlap_coef,all,froi
774,Events2move,language,LH_TP3,LH_MFG,0.0,overlap_coef,all,froi
774,Events2move,language,LH_TP3,LH_AntTemp,0.0,overlap_coef,all,froi
774,Events2move,language,LH_TP3,LH_PostTemp,0.12444444444444444,overlap_coef,all,froi
774,Events2move,language,LH_TP3,LH_AngG,0.08108108108108109,overlap_coef,all,froi
774,Events2move,language,LH_TP1,LH_IFGorb,0.0,overlap_coef,all,froi
774,Events2move,language,LH_TP1,LH_IFG,0.0,overlap_coef,all,froi
774,Events2move,language,LH_TP1,LH_MFG,0.0,overlap_coef,all,froi
774,Events2move,language,LH_TP1,LH_AntTemp,0.0,overlap_coef,all,froi
774,Events2move,language,LH_TP1,LH_PostTemp,0.0,overlap_coef,all,froi
774,Events2move,language,LH_TP1,LH_AngG,0.0,overlap_coef,all,froi
774,Events2move,language,LH_TP4,LH_IFGorb,0.0,overlap_coef,all,froi
774,Events2move,language,LH_TP4,LH_IFG,0.0,overlap_coef,all,froi
774,Events2move,language,LH_TP4,LH_MFG,0.0,overlap_coef,all,froi
774,Events2move,language,LH_TP4,LH_AntTemp,0.0,overlap_coef,all,froi
774,Events2move,language,LH_TP4,LH_PostTemp,0.0,overlap_coef,all,froi
774,Events2move,language,LH_TP4,LH_AngG,0.0,overlap_coef,all,froi
774,Events2move,language,RH_Cer1,LH_IFGorb,0.0,overlap_coef,all,froi
774,Events2move,language,RH_Cer1,LH_IFG,0.0,overlap_coef,all,froi
774,Events2move,language,RH_Cer1,LH_MFG,0.0,overlap_coef,all,froi
774,Events2move,language,RH_Cer1,LH_AntTemp,0.0,overlap_coef,all,froi
774,Events2move,language,RH_Cer1,LH_PostTemp,0.0,overlap_coef,all,froi
774,Events2move,language,RH_Cer1,LH_AngG,0.0,overlap_coef,all,froi
774,Events2move,language,LH_MID3,LH_IFGorb,0.0,overlap_coef,all,froi
774,Events2move,language,LH_MID3,LH_IFG,0.0,overlap_coef,all,froi
774,Events2move,language,LH_MID3,LH_MFG,0.0,overlap_coef,all,froi
774,Events2move,language,LH_MID3,LH_AntTemp,0.0,overlap_coef,all,froi
774,Events2move,language,LH_MID3,LH_PostTemp,0.0,overlap_coef,all,froi
774,Events2move,language,LH_MID3,LH_AngG,0.0,overlap_coef,all,froi
774,Events2move,language,LH_F4,LH_IFGorb,0.0,overlap_coef,all,froi
774,Events2move,language,LH_F4,LH_IFG,0.0,overlap_coef,all,froi
774,Events2move,language,LH_F4,LH_MFG,0.02,overlap_coef,all,froi
774,Events2move,language,LH_F4,LH_AntTemp,0.0,overlap_coef,all,froi
774,Events2move,language,LH_F4,LH_PostTemp,0.0,overlap_coef,all,froi
774,Events2move,language,LH_F4,LH_AngG,0.0,overlap_coef,all,froi
774,Events2move,language,RH_Cer2,LH_IFGorb,0.0,overlap_coef,all,froi
774,Events2move,language,RH_Cer2,LH_IFG,0.0,overlap_coef,all,froi
774,Events2move,language,RH_Cer2,LH_MFG,0.0,overlap_coef,all,froi
774,Events2move,language,RH_Cer2,LH_AntTemp,0.0,overlap_coef,all,froi
774,Events2move,language,RH_Cer2,LH_PostTemp,0.0,overlap_coef,all,froi
774,Events2move,language,RH_Cer2,LH_AngG,0.0,overlap_coef,all,froi
774,Events2move,language,LH_F3,LH_IFGorb,0.0,overlap_coef,all,froi
774,Events2move,language,LH_F3,LH_IFG,0.0,overlap_coef,all,froi
774,Events2move,language,LH_F3,LH_MFG,0.0,overlap_coef,all,froi
774,Events2move,language,LH_F3,LH_AntTemp,0.0,overlap_coef,all,froi
774,Events2move,language,LH_F3,LH_PostTemp,0.0,overlap_coef,all,froi
774,Events2move,language,LH_F3,LH_AngG,0.0,overlap_coef,all,froi
774,Events2move,language,LH_F5,LH_IFGorb,0.0,overlap_coef,all,froi
774,Events2move,language,LH_F5,LH_IFG,0.0,overlap_coef,all,froi
774,Events2move,language,LH_F5,LH_MFG,0.0,overlap_coef,all,froi
774,Events2move,language,LH_F5,LH_AntTemp,0.0,overlap_coef,all,froi
774,Events2move,language,LH_F5,LH_PostTemp,0.0,overlap_coef,all,froi
774,Events2move,language,LH_F5,LH_AngG,0.0,overlap_coef,all,froi
774,Events2move,md,LH_F2,LH_postParietal,0.0,overlap_coef,all,froi
774,Events2move,md,LH_F2,LH_midParietal,0.0,overlap_coef,all,froi
774,Events2move,md,LH_F2,LH_antParietal,0.0,overlap_coef,all,froi
774,Events2move,md,LH_F2,LH_supFrontal,0.0,overlap_coef,all,froi
774,Events2move,md,LH_F2,LH_Precentral_A_precG,0.1597222222222222,overlap_coef,all,froi
774,Events2move,md,LH_F2,LH_Precentral_B_IFGop,0.19117647058823528,overlap_coef,all,froi
774,Events2move,md,LH_F2,LH_midFrontal,0.029556650246305417,overlap_coef,all,froi
774,Events2move,md,LH_F2,LH_midFrontalOrb,0.0,overlap_coef,all,froi
774,Events2move,md,LH_F2,LH_insula,0.0,overlap_coef,all,froi
774,Events2move,md,LH_F2,LH_medialFrontal,0.0,overlap_coef,all,froi
774,Events2move,md,LH_F1,LH_postParietal,0.0,overlap_coef,all,froi
774,Events2move,md,LH_F1,LH_midParietal,0.0,overlap_coef,all,froi
774,Events2move,md,LH_F1,LH_antParietal,0.0,overlap_coef,all,froi
774,Events2move,md,LH_F1,LH_supFrontal,0.0,overlap_coef,all,froi
774,Events2move,md,LH_F1,LH_Precentral_A_precG,0.0,overlap_coef,all,froi
774,Events2move,md,LH_F1,LH_Precentral_B_IFGop,0.0,overlap_coef,all,froi
774,Events2move,md,LH_F1,LH_midFrontal,0.0,overlap_coef,all,froi
774,Events2move,md,LH_F1,LH_midFrontalOrb,0.0,overlap_coef,all,froi
774,Events2move,md,LH_F1,LH_insula,0.0,overlap_coef,all,froi
774,Events2move,md,LH_F1,LH_medialFrontal,0.0,overlap_coef,all,froi
774,Events2move,md,LH_TP2,LH_postParietal,0.0,overlap_coef,all,froi
774,Events2move,md,LH_TP2,LH_midParietal,0.0,overlap_coef,all,froi
774,Events2move,md,LH_TP2,LH_antParietal,0.0,overlap_coef,all,froi
774,Events2move,md,LH_TP2,LH_supFrontal,0.0,overlap_coef,all,froi
774,Events2move,md,LH_TP2,LH_Precentral_A_precG,0.0,overlap_coef,all,froi
774,Events2move,md,LH_TP2,LH_Precentral_B_IFGop,0.0,overlap_coef,all,froi
774,Events2move,md,LH_TP2,LH_midFrontal,0.0,overlap_coef,all,froi
774,Events2move,md,LH_TP2,LH_midFrontalOrb,0.0,overlap_coef,all,froi
774,Events2move,md,LH_TP2,LH_insula,0.0,overlap_coef,all,froi
774,Events2move,md,LH_TP2,LH_medialFrontal,0.0,overlap_coef,all,froi
774,Events2move,md,LH_TP3,LH_postParietal,0.0,overlap_coef,all,froi
774,Events2move,md,LH_TP3,LH_midParietal,0.0,overlap_coef,all,froi
774,Events2move,md,LH_TP3,LH_antParietal,0.0,overlap_coef,all,froi
774,Events2move,md,LH_TP3,LH_supFrontal,0.0,overlap_coef,all,froi
774,Events2move,md,LH_TP3,LH_Precentral_A_precG,0.0,overlap_coef,all,froi
774,Events2move,md,LH_TP3,LH_Precentral_B_IFGop,0.0,overlap_coef,all,froi
774,Events2move,md,LH_TP3,LH_midFrontal,0.0,overlap_coef,all,froi
774,Events2move,md,LH_TP3,LH_midFrontalOrb,0.0,overlap_coef,all,froi
774,Events2move,md,LH_TP3,LH_insula,0.0,overlap_coef,all,froi
774,Events2move,md,LH_TP3,LH_medialFrontal,0.0,overlap_coef,all,froi
774,Events2move,md,LH_TP1,LH_postParietal,0.0,overlap_coef,all,froi
774,Events2move,md,LH_TP1,LH_midParietal,0.0,overlap_coef,all,froi
774,Events2move,md,LH_TP1,LH_antParietal,0.0,overlap_coef,all,froi
774,Events2move,md,LH_TP1,LH_supFrontal,0.0,overlap_coef,all,froi
774,Events2move,md,LH_TP1,LH_Precentral_A_precG,0.0,overlap_coef,all,froi
774,Events2move,md,LH_TP1,LH_Precentral_B_IFGop,0.0,overlap_coef,all,froi
774,Events2move,md,LH_TP1,LH_midFrontal,0.0,overlap_coef,all,froi
774,Events2move,md,LH_TP1,LH_midFrontalOrb,0.0,overlap_coef,all,froi
774,Events2move,md,LH_TP1,LH_insula,0.0,overlap_coef,all,froi
774,Events2move,md,LH_TP1,LH_medialFrontal,0.0,overlap_coef,all,froi
774,Events2move,md,LH_TP4,LH_postParietal,0.358974358974359,overlap_coef,all,froi
774,Events2move,md,LH_TP4,LH_midParietal,0.0,overlap_coef,all,froi
774,Events2move,md,LH_TP4,LH_antParietal,0.0,overlap_coef,all,froi
774,Events2move,md,LH_TP4,LH_supFrontal,0.0,overlap_coef,all,froi
774,Events2move,md,LH_TP4,LH_Precentral_A_precG,0.0,overlap_coef,all,froi
774,Events2move,md,LH_TP4,LH_Precentral_B_IFGop,0.0,overlap_coef,all,froi
774,Events2move,md,LH_TP4,LH_midFrontal,0.0,overlap_coef,all,froi
774,Events2move,md,LH_TP4,LH_midFrontalOrb,0.0,overlap_coef,all,froi
774,Events2move,md,LH_TP4,LH_insula,0.0,overlap_coef,all,froi
774,Events2move,md,LH_TP4,LH_medialFrontal,0.0,overlap_coef,all,froi
774,Events2move,md,RH_Cer1,LH_postParietal,0.0,overlap_coef,all,froi
774,Events2move,md,RH_Cer1,LH_midParietal,0.0,overlap_coef,all,froi
774,Events2move,md,RH_Cer1,LH_antParietal,0.0,overlap_coef,all,froi
774,Events2move,md,RH_Cer1,LH_supFrontal,0.0,overlap_coef,all,froi
774,Events2move,md,RH_Cer1,LH_Precentral_A_precG,0.0,overlap_coef,all,froi
774,Events2move,md,RH_Cer1,LH_Precentral_B_IFGop,0.0,overlap_coef,all,froi
774,Events2move,md,RH_Cer1,LH_midFrontal,0.0,overlap_coef,all,froi
774,Events2move,md,RH_Cer1,LH_midFrontalOrb,0.0,overlap_coef,all,froi
774,Events2move,md,RH_Cer1,LH_insula,0.0,overlap_coef,all,froi
774,Events2move,md,RH_Cer1,LH_medialFrontal,0.0,overlap_coef,all,froi
774,Events2move,md,LH_MID3,LH_postParietal,0.0,overlap_coef,all,froi
774,Events2move,md,LH_MID3,LH_midParietal,0.0,overlap_coef,all,froi
774,Events2move,md,LH_MID3,LH_antParietal,0.0,overlap_coef,all,froi
774,Events2move,md,LH_MID3,LH_supFrontal,0.0,overlap_coef,all,froi
774,Events2move,md,LH_MID3,LH_Precentral_A_precG,0.0,overlap_coef,all,froi
774,Events2move,md,LH_MID3,LH_Precentral_B_IFGop,0.0,overlap_coef,all,froi
774,Events2move,md,LH_MID3,LH_midFrontal,0.0,overlap_coef,all,froi
774,Events2move,md,LH_MID3,LH_midFrontalOrb,0.0,overlap_coef,all,froi
774,Events2move,md,LH_MID3,LH_insula,0.0,overlap_coef,all,froi
774,Events2move,md,LH_MID3,LH_medialFrontal,0.0196078431372549,overlap_coef,all,froi
774,Events2move,md,LH_F4,LH_postParietal,0.0,overlap_coef,all,froi
774,Events2move,md,LH_F4,LH_midParietal,0.0,overlap_coef,all,froi
774,Events2move,md,LH_F4,LH_antParietal,0.0,overlap_coef,all,froi
774,Events2move,md,LH_F4,LH_supFrontal,0.06,overlap_coef,all,froi
774,Events2move,md,LH_F4,LH_Precentral_A_precG,0.0,overlap_coef,all,froi
774,Events2move,md,LH_F4,LH_Precentral_B_IFGop,0.0,overlap_coef,all,froi
774,Events2move,md,LH_F4,LH_midFrontal,0.0,overlap_coef,all,froi
774,Events2move,md,LH_F4,LH_midFrontalOrb,0.0,overlap_coef,all,froi
774,Events2move,md,LH_F4,LH_insula,0.0,overlap_coef,all,froi
774,Events2move,md,LH_F4,LH_medialFrontal,0.0,overlap_coef,all,froi
774,Events2move,md,RH_Cer2,LH_postParietal,0.0,overlap_coef,all,froi
774,Events2move,md,RH_Cer2,LH_midParietal,0.0,overlap_coef,all,froi
774,Events2move,md,RH_Cer2,LH_antParietal,0.0,overlap_coef,all,froi
774,Events2move,md,RH_Cer2,LH_supFrontal,0.0,overlap_coef,all,froi
774,Events2move,md,RH_Cer2,LH_Precentral_A_precG,0.0,overlap_coef,all,froi
774,Events2move,md,RH_Cer2,LH_Precentral_B_IFGop,0.0,overlap_coef,all,froi
774,Events2move,md,RH_Cer2,LH_midFrontal,0.0,overlap_coef,all,froi
774,Events2move,md,RH_Cer2,LH_midFrontalOrb,0.0,overlap_coef,all,froi
774,Events2move,md,RH_Cer2,LH_insula,0.0,overlap_coef,all,froi
774,Events2move,md,RH_Cer2,LH_medialFrontal,0.0,overlap_coef,all,froi
774,Events2move,md,LH_F3,LH_postParietal,0.0,overlap_coef,all,froi
774,Events2move,md,LH_F3,LH_midParietal,0.0,overlap_coef,all,froi
774,Events2move,md,LH_F3,LH_antParietal,0.0,overlap_coef,all,froi
774,Events2move,md,LH_F3,LH_supFrontal,0.19148936170212766,overlap_coef,all,froi
774,Events2move,md,LH_F3,LH_Precentral_A_precG,0.0,overlap_coef,all,froi
774,Events2move,md,LH_F3,LH_Precentral_B_IFGop,0.0,overlap_coef,all,froi
774,Events2move,md,LH_F3,LH_midFrontal,0.0,overlap_coef,all,froi
774,Events2move,md,LH_F3,LH_midFrontalOrb,0.0,overlap_coef,all,froi
774,Events2move,md,LH_F3,LH_insula,0.0,overlap_coef,all,froi
774,Events2move,md,LH_F3,LH_medialFrontal,0.0,overlap_coef,all,froi
774,Events2move,md,LH_F5,LH_postParietal,0.0,overlap_coef,all,froi
774,Events2move,md,LH_F5,LH_midParietal,0.0,overlap_coef,all,froi
774,Events2move,md,LH_F5,LH_antParietal,0.0,overlap_coef,all,froi
774,Events2move,md,LH_F5,LH_supFrontal,0.0,overlap_coef,all,froi
774,Events2move,md,LH_F5,LH_Precentral_A_precG,0.0,overlap_coef,all,froi
774,Events2move,md,LH_F5,LH_Precentral_B_IFGop,0.0,overlap_coef,all,froi
774,Events2move,md,LH_F5,LH_midFrontal,0.0,overlap_coef,all,froi
774,Events2move,md,LH_F5,LH_midFrontalOrb,0.0,overlap_coef,all,froi
774,Events2move,md,LH_F5,LH_insula,0.0,overlap_coef,all,froi
774,Events2move,md,LH_F5,LH_medialFrontal,0.0,overlap_coef,all,froi
774,Events2move,dmn,LH_F2,LH_FrontalMed,0.0,overlap_coef,all,froi
774,Events2move,dmn,LH_F2,LH_PostCing,0.0,overlap_coef,all,froi
774,Events2move,dmn,LH_F2,LH_TPJ,0.0,overlap_coef,all,froi
774,Events2move,dmn,LH_F2,LH_MidCing,0.0,overlap_coef,all,froi
774,Events2move,dmn,LH_F2,LH_STGorInsula,0.0,overlap_coef,all,froi
774,Events2move,dmn,LH_F2,LH_AntTemp,0.0,overlap_coef,all,froi
774,Events2move,dmn,LH_F1,LH_FrontalMed,0.0,overlap_coef,all,froi
774,Events2move,dmn,LH_F1,LH_PostCing,0.0,overlap_coef,all,froi
774,Events2move,dmn,LH_F1,LH_TPJ,0.0,overlap_coef,all,froi
774,Events2move,dmn,LH_F1,LH_MidCing,0.0,overlap_coef,all,froi
774,Events2move,dmn,LH_F1,LH_STGorInsula,0.0,overlap_coef,all,froi
774,Events2move,dmn,LH_F1,LH_AntTemp,0.0,overlap_coef,all,froi
774,Events2move,dmn,LH_TP2,LH_FrontalMed,0.0,overlap_coef,all,froi
774,Events2move,dmn,LH_TP2,LH_PostCing,0.0,overlap_coef,all,froi
774,Events2move,dmn,LH_TP2,LH_TPJ,0.0,overlap_coef,all,froi
774,Events2move,dmn,LH_TP2,LH_MidCing,0.0,overlap_coef,all,froi
774,Events2move,dmn,LH_TP2,LH_STGorInsula,0.0,overlap_coef,all,froi
774,Events2move,dmn,LH_TP2,LH_AntTemp,0.0,overlap_coef,all,froi
774,Events2move,dmn,LH_TP3,LH_FrontalMed,0.0,overlap_coef,all,froi
774,Events2move,dmn,LH_TP3,LH_PostCing,0.0,overlap_coef,all,froi
774,Events2move,dmn,LH_TP3,LH_TPJ,0.21621621621621623,overlap_coef,all,froi
774,Events2move,dmn,LH_TP3,LH_MidCing,0.0,overlap_coef,all,froi
774,Events2move,dmn,LH_TP3,LH_STGorInsula,0.0,overlap_coef,all,froi
774,Events2move,dmn,LH_TP3,LH_AntTemp,0.0,overlap_coef,all,froi
774,Events2move,dmn,LH_TP1,LH_FrontalMed,0.0,overlap_coef,all,froi
774,Events2move,dmn,LH_TP1,LH_PostCing,0.0,overlap_coef,all,froi
774,Events2move,dmn,LH_TP1,LH_TPJ,0.0,overlap_coef,all,froi
774,Events2move,dmn,LH_TP1,LH_MidCing,0.0,overlap_coef,all,froi
774,Events2move,dmn,LH_TP1,LH_STGorInsula,0.0,overlap_coef,all,froi
774,Events2move,dmn,LH_TP1,LH_AntTemp,0.0,overlap_coef,all,froi
774,Events2move,dmn,LH_TP4,LH_FrontalMed,0.0,overlap_coef,all,froi
774,Events2move,dmn,LH_TP4,LH_PostCing,0.0,overlap_coef,all,froi
774,Events2move,dmn,LH_TP4,LH_TPJ,0.0,overlap_coef,all,froi
774,Events2move,dmn,LH_TP4,LH_MidCing,0.0,overlap_coef,all,froi
774,Events2move,dmn,LH_TP4,LH_STGorInsula,0.0,overlap_coef,all,froi
774,Events2move,dmn,LH_TP4,LH_AntTemp,0.0,overlap_coef,all,froi
774,Events2move,dmn,RH_Cer1,LH_FrontalMed,0.0,overlap_coef,all,froi
774,Events2move,dmn,RH_Cer1,LH_PostCing,0.0,overlap_coef,all,froi
774,Events2move,dmn,RH_Cer1,LH_TPJ,0.0,overlap_coef,all,froi
774,Events2move,dmn,RH_Cer1,LH_MidCing,0.0,overlap_coef,all,froi
774,Events2move,dmn,RH_Cer1,LH_STGorInsula,0.0,overlap_coef,all,froi
774,Events2move,dmn,RH_Cer1,LH_AntTemp,0.0,overlap_coef,all,froi
774,Events2move,dmn,LH_MID3,LH_FrontalMed,0.0,overlap_coef,all,froi
774,Events2move,dmn,LH_MID3,LH_PostCing,0.0,overlap_coef,all,froi
774,Events2move,dmn,LH_MID3,LH_TPJ,0.0,overlap_coef,all,froi
774,Events2move,dmn,LH_MID3,LH_MidCing,0.0,overlap_coef,all,froi
774,Events2move,dmn,LH_MID3,LH_STGorInsula,0.0,overlap_coef,all,froi
774,Events2move,dmn,LH_MID3,LH_AntTemp,0.0,overlap_coef,all,froi
774,Events2move,dmn,LH_F4,LH_FrontalMed,0.0,overlap_coef,all,froi
774,Events2move,dmn,LH_F4,LH_PostCing,0.0,overlap_coef,all,froi
774,Events2move,dmn,LH_F4,LH_TPJ,0.0,overlap_coef,all,froi
774,Events2move,dmn,LH_F4,LH_MidCing,0.0,overlap_coef,all,froi
774,Events2move,dmn,LH_F4,LH_STGorInsula,0.0,overlap_coef,all,froi
774,Events2move,dmn,LH_F4,LH_AntTemp,0.0,overlap_coef,all,froi
774,Events2move,dmn,RH_Cer2,LH_FrontalMed,0.0,overlap_coef,all,froi
774,Events2move,dmn,RH_Cer2,LH_PostCing,0.0,overlap_coef,all,froi
774,Events2move,dmn,RH_Cer2,LH_TPJ,0.0,overlap_coef,all,froi
774,Events2move,dmn,RH_Cer2,LH_MidCing,0.0,overlap_coef,all,froi
774,Events2move,dmn,RH_Cer2,LH_STGorInsula,0.0,overlap_coef,all,froi
774,Events2move,dmn,RH_Cer2,LH_AntTemp,0.0,overlap_coef,all,froi
774,Events2move,dmn,LH_F3,LH_FrontalMed,0.0,overlap_coef,all,froi
774,Events2move,dmn,LH_F3,LH_PostCing,0.0,overlap_coef,all,froi
774,Events2move,dmn,LH_F3,LH_TPJ,0.0,overlap_coef,all,froi
774,Events2move,dmn,LH_F3,LH_MidCing,0.0,overlap_coef,all,froi
774,Events2move,dmn,LH_F3,LH_STGorInsula,0.0,overlap_coef,all,froi
774,Events2move,dmn,LH_F3,LH_AntTemp,0.0,overlap_coef,all,froi
774,Events2move,dmn,LH_F5,LH_FrontalMed,0.0,overlap_coef,all,froi
774,Events2move,dmn,LH_F5,LH_PostCing,0.0,overlap_coef,all,froi
774,Events2move,dmn,LH_F5,LH_TPJ,0.0,overlap_coef,all,froi
774,Events2move,dmn,LH_F5,LH_MidCing,0.0,overlap_coef,all,froi
774,Events2move,dmn,LH_F5,LH_STGorInsula,0.0,overlap_coef,all,froi
774,Events2move,dmn,LH_F5,LH_AntTemp,0.0,overlap_coef,all,froi
775,Events2move,language,LH_F2,LH_IFGorb,0.0,overlap_coef,all,froi
775,Events2move,language,LH_F2,LH_IFG,0.013157894736842105,overlap_coef,all,froi
775,Events2move,language,LH_F2,LH_MFG,0.0,overlap_coef,all,froi
775,Events2move,language,LH_F2,LH_AntTemp,0.0,overlap_coef,all,froi
775,Events2move,language,LH_F2,LH_PostTemp,0.0,overlap_coef,all,froi
775,Events2move,language,LH_F2,LH_AngG,0.0,overlap_coef,all,froi
775,Events2move,language,LH_F1,LH_IFGorb,0.24324324324324326,overlap_coef,all,froi
775,Events2move,language,LH_F1,LH_IFG,0.07894736842105263,overlap_coef,all,froi
775,Events2move,language,LH_F1,LH_MFG,0.0,overlap_coef,all,froi
775,Events2move,language,LH_F1,LH_AntTemp,0.0,overlap_coef,all,froi
775,Events2move,language,LH_F1,LH_PostTemp,0.0,overlap_coef,all,froi
775,Events2move,language,LH_F1,LH_AngG,0.0,overlap_coef,all,froi
775,Events2move,language,LH_TP2,LH_IFGorb,0.0,overlap_coef,all,froi
775,Events2move,language,LH_TP2,LH_IFG,0.0,overlap_coef,all,froi
775,Events2move,language,LH_TP2,LH_MFG,0.0,overlap_coef,all,froi
775,Events2move,language,LH_TP2,LH_AntTemp,0.0,overlap_coef,all,froi
775,Events2move,language,LH_TP2,LH_PostTemp,0.029069767441860465,overlap_coef,all,froi
775,Events2move,language,LH_TP2,LH_AngG,0.0,overlap_coef,all,froi
775,Events2move,language,LH_TP3,LH_IFGorb,0.0,overlap_coef,all,froi
775,Events2move,language,LH_TP3,LH_IFG,0.0,overlap_coef,all,froi
775,Events2move,language,LH_TP3,LH_MFG,0.0,overlap_coef,all,froi
775,Events2move,language,LH_TP3,LH_AntTemp,0.0,overlap_coef,all,froi
775,Events2move,language,LH_TP3,LH_PostTemp,0.0044444444444444444,overlap_coef,all,froi
775,Events2move,language,LH_TP3,LH_AngG,0.0,overlap_coef,all,froi
775,Events2move,language,LH_TP1,LH_IFGorb,0.0,overlap_coef,all,froi
775,Events2move,language,LH_TP1,LH_IFG,0.0,overlap_coef,all,froi
775,Events2move,language,LH_TP1,LH_MFG,0.0,overlap_coef,all,froi
775,Events2move,language,LH_TP1,LH_AntTemp,0.0,overlap_coef,all,froi
775,Events2move,language,LH_TP1,LH_PostTemp,0.0,overlap_coef,all,froi
775,Events2move,language,LH_TP1,LH_AngG,0.0,overlap_coef,all,froi
775,Events2move,language,LH_TP4,LH_IFGorb,0.0,overlap_coef,all,froi
775,Events2move,language,LH_TP4,LH_IFG,0.0,overlap_coef,all,froi
775,Events2move,language,LH_TP4,LH_MFG,0.0,overlap_coef,all,froi
775,Events2move,language,LH_TP4,LH_AntTemp,0.0,overlap_coef,all,froi
775,Events2move,language,LH_TP4,LH_PostTemp,0.0,overlap_coef,all,froi
775,Events2move,language,LH_TP4,LH_AngG,0.0,overlap_coef,all,froi
775,Events2move,language,RH_Cer1,LH_IFGorb,0.0,overlap_coef,all,froi
775,Events2move,language,RH_Cer1,LH_IFG,0.0,overlap_coef,all,froi
775,Events2move,language,RH_Cer1,LH_MFG,0.0,overlap_coef,all,froi
775,Events2move,language,RH_Cer1,LH_AntTemp,0.0,overlap_coef,all,froi
775,Events2move,language,RH_Cer1,LH_PostTemp,0.0,overlap_coef,all,froi
775,Events2move,language,RH_Cer1,LH_AngG,0.0,overlap_coef,all,froi
775,Events2move,language,LH_MID3,LH_IFGorb,0.0,overlap_coef,all,froi
775,Events2move,language,LH_MID3,LH_IFG,0.0,overlap_coef,all,froi
775,Events2move,language,LH_MID3,LH_MFG,0.0,overlap_coef,all,froi
775,Events2move,language,LH_MID3,LH_AntTemp,0.0,overlap_coef,all,froi
775,Events2move,language,LH_MID3,LH_PostTemp,0.0,overlap_coef,all,froi
775,Events2move,language,LH_MID3,LH_AngG,0.0,overlap_coef,all,froi
775,Events2move,language,LH_F4,LH_IFGorb,0.0,overlap_coef,all,froi
775,Events2move,language,LH_F4,LH_IFG,0.0,overlap_coef,all,froi
775,Events2move,language,LH_F4,LH_MFG,0.0,overlap_coef,all,froi
775,Events2move,language,LH_F4,LH_AntTemp,0.0,overlap_coef,all,froi
775,Events2move,language,LH_F4,LH_PostTemp,0.0,overlap_coef,all,froi
775,Events2move,language,LH_F4,LH_AngG,0.0,overlap_coef,all,froi
775,Events2move,language,RH_Cer2,LH_IFGorb,0.0,overlap_coef,all,froi
775,Events2move,language,RH_Cer2,LH_IFG,0.0,overlap_coef,all,froi
775,Events2move,language,RH_Cer2,LH_MFG,0.0,overlap_coef,all,froi
775,Events2move,language,RH_Cer2,LH_AntTemp,0.0,overlap_coef,all,froi
775,Events2move,language,RH_Cer2,LH_PostTemp,0.0,overlap_coef,all,froi
775,Events2move,language,RH_Cer2,LH_AngG,0.0,overlap_coef,all,froi
775,Events2move,language,LH_F3,LH_IFGorb,0.0,overlap_coef,all,froi
775,Events2move,language,LH_F3,LH_IFG,0.0,overlap_coef,all,froi
775,Events2move,language,LH_F3,LH_MFG,0.0,overlap_coef,all,froi
775,Events2move,language,LH_F3,LH_AntTemp,0.0,overlap_coef,all,froi
775,Events2move,language,LH_F3,LH_PostTemp,0.0,overlap_coef,all,froi
775,Events2move,language,LH_F3,LH_AngG,0.0,overlap_coef,all,froi
775,Events2move,language,LH_F5,LH_IFGorb,0.0,overlap_coef,all,froi
775,Events2move,language,LH_F5,LH_IFG,0.0,overlap_coef,all,froi
775,Events2move,language,LH_F5,LH_MFG,0.0,overlap_coef,all,froi
775,Events2move,language,LH_F5,LH_AntTemp,0.0,overlap_coef,all,froi
775,Events2move,language,LH_F5,LH_PostTemp,0.0,overlap_coef,all,froi
775,Events2move,language,LH_F5,LH_AngG,0.0,overlap_coef,all,froi
775,Events2move,md,LH_F2,LH_postParietal,0.0,overlap_coef,all,froi
775,Events2move,md,LH_F2,LH_midParietal,0.0,overlap_coef,all,froi
775,Events2move,md,LH_F2,LH_antParietal,0.0,overlap_coef,all,froi
775,Events2move,md,LH_F2,LH_supFrontal,0.0,overlap_coef,all,froi
775,Events2move,md,LH_F2,LH_Precentral_A_precG,0.006944444444444444,overlap_coef,all,froi
775,Events2move,md,LH_F2,LH_Precentral_B_IFGop,0.14705882352941177,overlap_coef,all,froi
775,Events2move,md,LH_F2,LH_midFrontal,0.04433497536945813,overlap_coef,all,froi
775,Events2move,md,LH_F2,LH_midFrontalOrb,0.0,overlap_coef,all,froi
775,Events2move,md,LH_F2,LH_insula,0.0,overlap_coef,all,froi
775,Events2move,md,LH_F2,LH_medialFrontal,0.0,overlap_coef,all,froi
775,Events2move,md,LH_F1,LH_postParietal,0.0,overlap_coef,all,froi
775,Events2move,md,LH_F1,LH_midParietal,0.0,overlap_coef,all,froi
775,Events2move,md,LH_F1,LH_antParietal,0.0,overlap_coef,all,froi
775,Events2move,md,LH_F1,LH_supFrontal,0.0,overlap_coef,all,froi
775,Events2move,md,LH_F1,LH_Precentral_A_precG,0.0,overlap_coef,all,froi
775,Events2move,md,LH_F1,LH_Precentral_B_IFGop,0.0,overlap_coef,all,froi
775,Events2move,md,LH_F1,LH_midFrontal,0.0,overlap_coef,all,froi
775,Events2move,md,LH_F1,LH_midFrontalOrb,0.0,overlap_coef,all,froi
775,Events2move,md,LH_F1,LH_insula,0.0,overlap_coef,all,froi
775,Events2move,md,LH_F1,LH_medialFrontal,0.0,overlap_coef,all,froi
775,Events2move,md,LH_TP2,LH_postParietal,0.0,overlap_coef,all,froi
775,Events2move,md,LH_TP2,LH_midParietal,0.0,overlap_coef,all,froi
775,Events2move,md,LH_TP2,LH_antParietal,0.0,overlap_coef,all,froi
775,Events2move,md,LH_TP2,LH_supFrontal,0.0,overlap_coef,all,froi
775,Events2move,md,LH_TP2,LH_Precentral_A_precG,0.0,overlap_coef,all,froi
775,Events2move,md,LH_TP2,LH_Precentral_B_IFGop,0.0,overlap_coef,all,froi
775,Events2move,md,LH_TP2,LH_midFrontal,0.0,overlap_coef,all,froi
775,Events2move,md,LH_TP2,LH_midFrontalOrb,0.0,overlap_coef,all,froi
775,Events2move,md,LH_TP2,LH_insula,0.0,overlap_coef,all,froi
775,Events2move,md,LH_TP2,LH_medialFrontal,0.0,overlap_coef,all,froi
775,Events2move,md,LH_TP3,LH_postParietal,0.0,overlap_coef,all,froi
775,Events2move,md,LH_TP3,LH_midParietal,0.0,overlap_coef,all,froi
775,Events2move,md,LH_TP3,LH_antParietal,0.0,overlap_coef,all,froi
775,Events2move,md,LH_TP3,LH_supFrontal,0.0,overlap_coef,all,froi
775,Events2move,md,LH_TP3,LH_Precentral_A_precG,0.0,overlap_coef,all,froi
775,Events2move,md,LH_TP3,LH_Precentral_B_IFGop,0.0,overlap_coef,all,froi
775,Events2move,md,LH_TP3,LH_midFrontal,0.0,overlap_coef,all,froi
775,Events2move,md,LH_TP3,LH_midFrontalOrb,0.0,overlap_coef,all,froi
775,Events2move,md,LH_TP3,LH_insula,0.0,overlap_coef,all,froi
775,Events2move,md,LH_TP3,LH_medialFrontal,0.0,overlap_coef,all,froi
775,Events2move,md,LH_TP1,LH_postParietal,0.0,overlap_coef,all,froi
775,Events2move,md,LH_TP1,LH_midParietal,0.0,overlap_coef,all,froi
775,Events2move,md,LH_TP1,LH_antParietal,0.0,overlap_coef,all,froi
775,Events2move,md,LH_TP1,LH_supFrontal,0.0,overlap_coef,all,froi
775,Events2move,md,LH_TP1,LH_Precentral_A_precG,0.0,overlap_coef,all,froi
775,Events2move,md,LH_TP1,LH_Precentral_B_IFGop,0.0,overlap_coef,all,froi
775,Events2move,md,LH_TP1,LH_midFrontal,0.0,overlap_coef,all,froi
775,Events2move,md,LH_TP1,LH_midFrontalOrb,0.0,overlap_coef,all,froi
775,Events2move,md,LH_TP1,LH_insula,0.0,overlap_coef,all,froi
775,Events2move,md,LH_TP1,LH_medialFrontal,0.0,overlap_coef,all,froi
775,Events2move,md,LH_TP4,LH_postParietal,0.03418803418803419,overlap_coef,all,froi
775,Events2move,md,LH_TP4,LH_midParietal,0.0,overlap_coef,all,froi
775,Events2move,md,LH_TP4,LH_antParietal,0.0,overlap_coef,all,froi
775,Events2move,md,LH_TP4,LH_supFrontal,0.0,overlap_coef,all,froi
775,Events2move,md,LH_TP4,LH_Precentral_A_precG,0.0,overlap_coef,all,froi
775,Events2move,md,LH_TP4,LH_Precentral_B_IFGop,0.0,overlap_coef,all,froi
775,Events2move,md,LH_TP4,LH_midFrontal,0.0,overlap_coef,all,froi
775,Events2move,md,LH_TP4,LH_midFrontalOrb,0.0,overlap_coef,all,froi
775,Events2move,md,LH_TP4,LH_insula,0.0,overlap_coef,all,froi
775,Events2move,md,LH_TP4,LH_medialFrontal,0.0,overlap_coef,all,froi
775,Events2move,md,RH_Cer1,LH_postParietal,0.0,overlap_coef,all,froi
775,Events2move,md,RH_Cer1,LH_midParietal,0.0,overlap_coef,all,froi
775,Events2move,md,RH_Cer1,LH_antParietal,0.0,overlap_coef,all,froi
775,Events2move,md,RH_Cer1,LH_supFrontal,0.0,overlap_coef,all,froi
775,Events2move,md,RH_Cer1,LH_Precentral_A_precG,0.0,overlap_coef,all,froi
775,Events2move,md,RH_Cer1,LH_Precentral_B_IFGop,0.0,overlap_coef,all,froi
775,Events2move,md,RH_Cer1,LH_midFrontal,0.0,overlap_coef,all,froi
775,Events2move,md,RH_Cer1,LH_midFrontalOrb,0.0,overlap_coef,all,froi
775,Events2move,md,RH_Cer1,LH_insula,0.0,overlap_coef,all,froi
775,Events2move,md,RH_Cer1,LH_medialFrontal,0.0,overlap_coef,all,froi
775,Events2move,md,LH_MID3,LH_postParietal,0.0,overlap_coef,all,froi
775,Events2move,md,LH_MID3,LH_midParietal,0.0,overlap_coef,all,froi
775,Events2move,md,LH_MID3,LH_antParietal,0.0,overlap_coef,all,froi
775,Events2move,md,LH_MID3,LH_supFrontal,0.0,overlap_coef,all,froi
775,Events2move,md,LH_MID3,LH_Precentral_A_precG,0.0,overlap_coef,all,froi
775,Events2move,md,LH_MID3,LH_Precentral_B_IFGop,0.0,overlap_coef,all,froi
775,Events2move,md,LH_MID3,LH_midFrontal,0.0,overlap_coef,all,froi
775,Events2move,md,LH_MID3,LH_midFrontalOrb,0.0,overlap_coef,all,froi
775,Events2move,md,LH_MID3,LH_insula,0.0,overlap_coef,all,froi
775,Events2move,md,LH_MID3,LH_medialFrontal,0.058823529411764705,overlap_coef,all,froi
775,Events2move,md,LH_F4,LH_postParietal,0.0,overlap_coef,all,froi
775,Events2move,md,LH_F4,LH_midParietal,0.0,overlap_coef,all,froi
775,Events2move,md,LH_F4,LH_antParietal,0.0,overlap_coef,all,froi
775,Events2move,md,LH_F4,LH_supFrontal,0.0,overlap_coef,all,froi
775,Events2move,md,LH_F4,LH_Precentral_A_precG,0.0,overlap_coef,all,froi
775,Events2move,md,LH_F4,LH_Precentral_B_IFGop,0.0,overlap_coef,all,froi
775,Events2move,md,LH_F4,LH_midFrontal,0.0,overlap_coef,all,froi
775,Events2move,md,LH_F4,LH_midFrontalOrb,0.0,overlap_coef,all,froi
775,Events2move,md,LH_F4,LH_insula,0.0,overlap_coef,all,froi
775,Events2move,md,LH_F4,LH_medialFrontal,0.0,overlap_coef,all,froi
775,Events2move,md,RH_Cer2,LH_postParietal,0.0,overlap_coef,all,froi
775,Events2move,md,RH_Cer2,LH_midParietal,0.0,overlap_coef,all,froi
775,Events2move,md,RH_Cer2,LH_antParietal,0.0,overlap_coef,all,froi
775,Events2move,md,RH_Cer2,LH_supFrontal,0.0,overlap_coef,all,froi
775,Events2move,md,RH_Cer2,LH_Precentral_A_precG,0.0,overlap_coef,all,froi
775,Events2move,md,RH_Cer2,LH_Precentral_B_IFGop,0.0,overlap_coef,all,froi
775,Events2move,md,RH_Cer2,LH_midFrontal,0.0,overlap_coef,all,froi
775,Events2move,md,RH_Cer2,LH_midFrontalOrb,0.0,overlap_coef,all,froi
775,Events2move,md,RH_Cer2,LH_insula,0.0,overlap_coef,all,froi
775,Events2move,md,RH_Cer2,LH_medialFrontal,0.0,overlap_coef,all,froi
775,Events2move,md,LH_F3,LH_postParietal,0.0,overlap_coef,all,froi
775,Events2move,md,LH_F3,LH_midParietal,0.0,overlap_coef,all,froi
775,Events2move,md,LH_F3,LH_antParietal,0.0,overlap_coef,all,froi
775,Events2move,md,LH_F3,LH_supFrontal,0.0,overlap_coef,all,froi
775,Events2move,md,LH_F3,LH_Precentral_A_precG,0.0,overlap_coef,all,froi
775,Events2move,md,LH_F3,LH_Precentral_B_IFGop,0.0,overlap_coef,all,froi
775,Events2move,md,LH_F3,LH_midFrontal,0.0,overlap_coef,all,froi
775,Events2move,md,LH_F3,LH_midFrontalOrb,0.0,overlap_coef,all,froi
775,Events2move,md,LH_F3,LH_insula,0.0,overlap_coef,all,froi
775,Events2move,md,LH_F3,LH_medialFrontal,0.0,overlap_coef,all,froi
775,Events2move,md,LH_F5,LH_postParietal,0.0,overlap_coef,all,froi
775,Events2move,md,LH_F5,LH_midParietal,0.0,overlap_coef,all,froi
775,Events2move,md,LH_F5,LH_antParietal,0.0,overlap_coef,all,froi
775,Events2move,md,LH_F5,LH_supFrontal,0.0,overlap_coef,all,froi
775,Events2move,md,LH_F5,LH_Precentral_A_precG,0.0,overlap_coef,all,froi
775,Events2move,md,LH_F5,LH_Precentral_B_IFGop,0.0,overlap_coef,all,froi
775,Events2move,md,LH_F5,LH_midFrontal,0.0,overlap_coef,all,froi
775,Events2move,md,LH_F5,LH_midFrontalOrb,0.0,overlap_coef,all,froi
775,Events2move,md,LH_F5,LH_insula,0.0,overlap_coef,all,froi
775,Events2move,md,LH_F5,LH_medialFrontal,0.0,overlap_coef,all,froi
775,Events2move,dmn,LH_F2,LH_FrontalMed,0.0,overlap_coef,all,froi
775,Events2move,dmn,LH_F2,LH_PostCing,0.0,overlap_coef,all,froi
775,Events2move,dmn,LH_F2,LH_TPJ,0.0,overlap_coef,all,froi
775,Events2move,dmn,LH_F2,LH_MidCing,0.0,overlap_coef,all,froi
775,Events2move,dmn,LH_F2,LH_STGorInsula,0.0,overlap_coef,all,froi
775,Events2move,dmn,LH_F2,LH_AntTemp,0.0,overlap_coef,all,froi
775,Events2move,dmn,LH_F1,LH_FrontalMed,0.0,overlap_coef,all,froi
775,Events2move,dmn,LH_F1,LH_PostCing,0.0,overlap_coef,all,froi
775,Events2move,dmn,LH_F1,LH_TPJ,0.0,overlap_coef,all,froi
775,Events2move,dmn,LH_F1,LH_MidCing,0.0,overlap_coef,all,froi
775,Events2move,dmn,LH_F1,LH_STGorInsula,0.0,overlap_coef,all,froi
775,Events2move,dmn,LH_F1,LH_AntTemp,0.0,overlap_coef,all,froi
775,Events2move,dmn,LH_TP2,LH_FrontalMed,0.0,overlap_coef,all,froi
775,Events2move,dmn,LH_TP2,LH_PostCing,0.0,overlap_coef,all,froi
775,Events2move,dmn,LH_TP2,LH_TPJ,0.0,overlap_coef,all,froi
775,Events2move,dmn,LH_TP2,LH_MidCing,0.0,overlap_coef,all,froi
775,Events2move,dmn,LH_TP2,LH_STGorInsula,0.0,overlap_coef,all,froi
775,Events2move,dmn,LH_TP2,LH_AntTemp,0.0,overlap_coef,all,froi
775,Events2move,dmn,LH_TP3,LH_FrontalMed,0.0,overlap_coef,all,froi
775,Events2move,dmn,LH_TP3,LH_PostCing,0.0,overlap_coef,all,froi
775,Events2move,dmn,LH_TP3,LH_TPJ,0.013513513513513514,overlap_coef,all,froi
775,Events2move,dmn,LH_TP3,LH_MidCing,0.0,overlap_coef,all,froi
775,Events2move,dmn,LH_TP3,LH_STGorInsula,0.0,overlap_coef,all,froi
775,Events2move,dmn,LH_TP3,LH_AntTemp,0.0,overlap_coef,all,froi
775,Events2move,dmn,LH_TP1,LH_FrontalMed,0.0,overlap_coef,all,froi
775,Events2move,dmn,LH_TP1,LH_PostCing,0.0,overlap_coef,all,froi
775,Events2move,dmn,LH_TP1,LH_TPJ,0.0,overlap_coef,all,froi
775,Events2move,dmn,LH_TP1,LH_MidCing,0.0,overlap_coef,all,froi
775,Events2move,dmn,LH_TP1,LH_STGorInsula,0.0,overlap_coef,all,froi
775,Events2move,dmn,LH_TP1,LH_AntTemp,0.0,overlap_coef,all,froi
775,Events2move,dmn,LH_TP4,LH_FrontalMed,0.0,overlap_coef,all,froi
775,Events2move,dmn,LH_TP4,LH_PostCing,0.0,overlap_coef,all,froi
775,Events2move,dmn,LH_TP4,LH_TPJ,0.0,overlap_coef,all,froi
775,Events2move,dmn,LH_TP4,LH_MidCing,0.0,overlap_coef,all,froi
775,Events2move,dmn,LH_TP4,LH_STGorInsula,0.0,overlap_coef,all,froi
775,Events2move,dmn,LH_TP4,LH_AntTemp,0.0,overlap_coef,all,froi
775,Events2move,dmn,RH_Cer1,LH_FrontalMed,0.0,overlap_coef,all,froi
775,Events2move,dmn,RH_Cer1,LH_PostCing,0.0,overlap_coef,all,froi
775,Events2move,dmn,RH_Cer1,LH_TPJ,0.0,overlap_coef,all,froi
775,Events2move,dmn,RH_Cer1,LH_MidCing,0.0,overlap_coef,all,froi
775,Events2move,dmn,RH_Cer1,LH_STGorInsula,0.0,overlap_coef,all,froi
775,Events2move,dmn,RH_Cer1,LH_AntTemp,0.0,overlap_coef,all,froi
775,Events2move,dmn,LH_MID3,LH_FrontalMed,0.0,overlap_coef,all,froi
775,Events2move,dmn,LH_MID3,LH_PostCing,0.0,overlap_coef,all,froi
775,Events2move,dmn,LH_MID3,LH_TPJ,0.0,overlap_coef,all,froi
775,Events2move,dmn,LH_MID3,LH_MidCing,0.0,overlap_coef,all,froi
775,Events2move,dmn,LH_MID3,LH_STGorInsula,0.0,overlap_coef,all,froi
775,Events2move,dmn,LH_MID3,LH_AntTemp,0.0,overlap_coef,all,froi
775,Events2move,dmn,LH_F4,LH_FrontalMed,0.0,overlap_coef,all,froi
775,Events2move,dmn,LH_F4,LH_PostCing,0.0,overlap_coef,all,froi
775,Events2move,dmn,LH_F4,LH_TPJ,0.0,overlap_coef,all,froi
775,Events2move,dmn,LH_F4,LH_MidCing,0.0,overlap_coef,all,froi
775,Events2move,dmn,LH_F4,LH_STGorInsula,0.0,overlap_coef,all,froi
775,Events2move,dmn,LH_F4,LH_AntTemp,0.0,overlap_coef,all,froi
775,Events2move,dmn,RH_Cer2,LH_FrontalMed,0.0,overlap_coef,all,froi
775,Events2move,dmn,RH_Cer2,LH_PostCing,0.0,overlap_coef,all,froi
775,Events2move,dmn,RH_Cer2,LH_TPJ,0.0,overlap_coef,all,froi
775,Events2move,dmn,RH_Cer2,LH_MidCing,0.0,overlap_coef,all,froi
775,Events2move,dmn,RH_Cer2,LH_STGorInsula,0.0,overlap_coef,all,froi
775,Events2move,dmn,RH_Cer2,LH_AntTemp,0.0,overlap_coef,all,froi
775,Events2move,dmn,LH_F3,LH_FrontalMed,0.0,overlap_coef,all,froi
775,Events2move,dmn,LH_F3,LH_PostCing,0.0,overlap_coef,all,froi
775,Events2move,dmn,LH_F3,LH_TPJ,0.0,overlap_coef,all,froi
775,Events2move,dmn,LH_F3,LH_MidCing,0.0,overlap_coef,all,froi
775,Events2move,dmn,LH_F3,LH_STGorInsula,0.0,overlap_coef,all,froi
775,Events2move,dmn,LH_F3,LH_AntTemp,0.0,overlap_coef,all,froi
775,Events2move,dmn,LH_F5,LH_FrontalMed,0.0,overlap_coef,all,froi
775,Events2move,dmn,LH_F5,LH_PostCing,0.0,overlap_coef,all,froi
775,Events2move,dmn,LH_F5,LH_TPJ,0.0,overlap_coef,all,froi
775,Events2move,dmn,LH_F5,LH_MidCing,0.0,overlap_coef,all,froi
775,Events2move,dmn,LH_F5,LH_STGorInsula,0.0,overlap_coef,all,froi
775,Events2move,dmn,LH_F5,LH_AntTemp,0.0,overlap_coef,all,froi
778,Events2move,language,LH_F2,LH_IFGorb,0.0,overlap_coef,all,froi
778,Events2move,language,LH_F2,LH_IFG,0.0,overlap_coef,all,froi
778,Events2move,language,LH_F2,LH_MFG,0.0,overlap_coef,all,froi
778,Events2move,language,LH_F2,LH_AntTemp,0.0,overlap_coef,all,froi
778,Events2move,language,LH_F2,LH_PostTemp,0.0,overlap_coef,all,froi
778,Events2move,language,LH_F2,LH_AngG,0.0,overlap_coef,all,froi
778,Events2move,language,LH_F1,LH_IFGorb,0.5405405405405406,overlap_coef,all,froi
778,Events2move,language,LH_F1,LH_IFG,0.0,overlap_coef,all,froi
778,Events2move,language,LH_F1,LH_MFG,0.0,overlap_coef,all,froi
778,Events2move,language,LH_F1,LH_AntTemp,0.0,overlap_coef,all,froi
778,Events2move,language,LH_F1,LH_PostTemp,0.0,overlap_coef,all,froi
778,Events2move,language,LH_F1,LH_AngG,0.0,overlap_coef,all,froi
778,Events2move,language,LH_TP2,LH_IFGorb,0.0,overlap_coef,all,froi
778,Events2move,language,LH_TP2,LH_IFG,0.0,overlap_coef,all,froi
778,Events2move,language,LH_TP2,LH_MFG,0.0,overlap_coef,all,froi
778,Events2move,language,LH_TP2,LH_AntTemp,0.0,overlap_coef,all,froi
778,Events2move,language,LH_TP2,LH_PostTemp,0.38953488372093026,overlap_coef,all,froi
778,Events2move,language,LH_TP2,LH_AngG,0.0,overlap_coef,all,froi
778,Events2move,language,LH_TP3,LH_IFGorb,0.0,overlap_coef,all,froi
778,Events2move,language,LH_TP3,LH_IFG,0.0,overlap_coef,all,froi
778,Events2move,language,LH_TP3,LH_MFG,0.0,overlap_coef,all,froi
778,Events2move,language,LH_TP3,LH_AntTemp,0.0,overlap_coef,all,froi
778,Events2move,language,LH_TP3,LH_PostTemp,0.09777777777777778,overlap_coef,all,froi
778,Events2move,language,LH_TP3,LH_AngG,0.6891891891891891,overlap_coef,all,froi
778,Events2move,language,LH_TP1,LH_IFGorb,0.0,overlap_coef,all,froi
778,Events2move,language,LH_TP1,LH_IFG,0.0,overlap_coef,all,froi
778,Events2move,language,LH_TP1,LH_MFG,0.0,overlap_coef,all,froi
778,Events2move,language,LH_TP1,LH_AntTemp,0.0,overlap_coef,all,froi
778,Events2move,language,LH_TP1,LH_PostTemp,0.0,overlap_coef,all,froi
778,Events2move,language,LH_TP1,LH_AngG,0.0,overlap_coef,all,froi
778,Events2move,language,LH_TP4,LH_IFGorb,0.0,overlap_coef,all,froi
778,Events2move,language,LH_TP4,LH_IFG,0.0,overlap_coef,all,froi
778,Events2move,language,LH_TP4,LH_MFG,0.0,overlap_coef,all,froi
778,Events2move,language,LH_TP4,LH_AntTemp,0.0,overlap_coef,all,froi
778,Events2move,language,LH_TP4,LH_PostTemp,0.0,overlap_coef,all,froi
778,Events2move,language,LH_TP4,LH_AngG,0.0,overlap_coef,all,froi
778,Events2move,language,RH_Cer1,LH_IFGorb,0.0,overlap_coef,all,froi
778,Events2move,language,RH_Cer1,LH_IFG,0.0,overlap_coef,all,froi
778,Events2move,language,RH_Cer1,LH_MFG,0.0,overlap_coef,all,froi
778,Events2move,language,RH_Cer1,LH_AntTemp,0.0,overlap_coef,all,froi
778,Events2move,language,RH_Cer1,LH_PostTemp,0.0,overlap_coef,all,froi
778,Events2move,language,RH_Cer1,LH_AngG,0.0,overlap_coef,all,froi
778,Events2move,language,LH_MID3,LH_IFGorb,0.0,overlap_coef,all,froi
778,Events2move,language,LH_MID3,LH_IFG,0.0,overlap_coef,all,froi
778,Events2move,language,LH_MID3,LH_MFG,0.0,overlap_coef,all,froi
778,Events2move,language,LH_MID3,LH_AntTemp,0.0,overlap_coef,all,froi
778,Events2move,language,LH_MID3,LH_PostTemp,0.0,overlap_coef,all,froi
778,Events2move,language,LH_MID3,LH_AngG,0.0,overlap_coef,all,froi
778,Events2move,language,LH_F4,LH_IFGorb,0.0,overlap_coef,all,froi
778,Events2move,language,LH_F4,LH_IFG,0.0,overlap_coef,all,froi
778,Events2move,language,LH_F4,LH_MFG,0.16,overlap_coef,all,froi
778,Events2move,language,LH_F4,LH_AntTemp,0.0,overlap_coef,all,froi
778,Events2move,language,LH_F4,LH_PostTemp,0.0,overlap_coef,all,froi
778,Events2move,language,LH_F4,LH_AngG,0.0,overlap_coef,all,froi
778,Events2move,language,RH_Cer2,LH_IFGorb,0.0,overlap_coef,all,froi
778,Events2move,language,RH_Cer2,LH_IFG,0.0,overlap_coef,all,froi
778,Events2move,language,RH_Cer2,LH_MFG,0.0,overlap_coef,all,froi
778,Events2move,language,RH_Cer2,LH_AntTemp,0.0,overlap_coef,all,froi
778,Events2move,language,RH_Cer2,LH_PostTemp,0.0,overlap_coef,all,froi
778,Events2move,language,RH_Cer2,LH_AngG,0.0,overlap_coef,all,froi
778,Events2move,language,LH_F3,LH_IFGorb,0.0,overlap_coef,all,froi
778,Events2move,language,LH_F3,LH_IFG,0.0,overlap_coef,all,froi
778,Events2move,language,LH_F3,LH_MFG,0.0,overlap_coef,all,froi
778,Events2move,language,LH_F3,LH_AntTemp,0.0,overlap_coef,all,froi
778,Events2move,language,LH_F3,LH_PostTemp,0.0,overlap_coef,all,froi
778,Events2move,language,LH_F3,LH_AngG,0.0,overlap_coef,all,froi
778,Events2move,language,LH_F5,LH_IFGorb,0.0,overlap_coef,all,froi
778,Events2move,language,LH_F5,LH_IFG,0.0,overlap_coef,all,froi
778,Events2move,language,LH_F5,LH_MFG,0.0,overlap_coef,all,froi
778,Events2move,language,LH_F5,LH_AntTemp,0.0,overlap_coef,all,froi
778,Events2move,language,LH_F5,LH_PostTemp,0.0,overlap_coef,all,froi
778,Events2move,language,LH_F5,LH_AngG,0.0,overlap_coef,all,froi
778,Events2move,md,LH_F2,LH_postParietal,0.0,overlap_coef,all,froi
778,Events2move,md,LH_F2,LH_midParietal,0.0,overlap_coef,all,froi
778,Events2move,md,LH_F2,LH_antParietal,0.0,overlap_coef,all,froi
778,Events2move,md,LH_F2,LH_supFrontal,0.0,overlap_coef,all,froi
778,Events2move,md,LH_F2,LH_Precentral_A_precG,0.0,overlap_coef,all,froi
778,Events2move,md,LH_F2,LH_Precentral_B_IFGop,0.0,overlap_coef,all,froi
778,Events2move,md,LH_F2,LH_midFrontal,0.0049261083743842365,overlap_coef,all,froi
778,Events2move,md,LH_F2,LH_midFrontalOrb,0.0,overlap_coef,all,froi
778,Events2move,md,LH_F2,LH_insula,0.0,overlap_coef,all,froi
778,Events2move,md,LH_F2,LH_medialFrontal,0.0,overlap_coef,all,froi
778,Events2move,md,LH_F1,LH_postParietal,0.0,overlap_coef,all,froi
778,Events2move,md,LH_F1,LH_midParietal,0.0,overlap_coef,all,froi
778,Events2move,md,LH_F1,LH_antParietal,0.0,overlap_coef,all,froi
778,Events2move,md,LH_F1,LH_supFrontal,0.0,overlap_coef,all,froi
778,Events2move,md,LH_F1,LH_Precentral_A_precG,0.0,overlap_coef,all,froi
778,Events2move,md,LH_F1,LH_Precentral_B_IFGop,0.0,overlap_coef,all,froi
778,Events2move,md,LH_F1,LH_midFrontal,0.0,overlap_coef,all,froi
778,Events2move,md,LH_F1,LH_midFrontalOrb,0.0,overlap_coef,all,froi
778,Events2move,md,LH_F1,LH_insula,0.0,overlap_coef,all,froi
778,Events2move,md,LH_F1,LH_medialFrontal,0.0,overlap_coef,all,froi
778,Events2move,md,LH_TP2,LH_postParietal,0.0,overlap_coef,all,froi
778,Events2move,md,LH_TP2,LH_midParietal,0.0,overlap_coef,all,froi
778,Events2move,md,LH_TP2,LH_antParietal,0.0,overlap_coef,all,froi
778,Events2move,md,LH_TP2,LH_supFrontal,0.0,overlap_coef,all,froi
778,Events2move,md,LH_TP2,LH_Precentral_A_precG,0.0,overlap_coef,all,froi
778,Events2move,md,LH_TP2,LH_Precentral_B_IFGop,0.0,overlap_coef,all,froi
778,Events2move,md,LH_TP2,LH_midFrontal,0.0,overlap_coef,all,froi
778,Events2move,md,LH_TP2,LH_midFrontalOrb,0.0,overlap_coef,all,froi
778,Events2move,md,LH_TP2,LH_insula,0.0,overlap_coef,all,froi
778,Events2move,md,LH_TP2,LH_medialFrontal,0.0,overlap_coef,all,froi
778,Events2move,md,LH_TP3,LH_postParietal,0.0,overlap_coef,all,froi
778,Events2move,md,LH_TP3,LH_midParietal,0.0,overlap_coef,all,froi
778,Events2move,md,LH_TP3,LH_antParietal,0.0,overlap_coef,all,froi
778,Events2move,md,LH_TP3,LH_supFrontal,0.0,overlap_coef,all,froi
778,Events2move,md,LH_TP3,LH_Precentral_A_precG,0.0,overlap_coef,all,froi
778,Events2move,md,LH_TP3,LH_Precentral_B_IFGop,0.0,overlap_coef,all,froi
778,Events2move,md,LH_TP3,LH_midFrontal,0.0,overlap_coef,all,froi
778,Events2move,md,LH_TP3,LH_midFrontalOrb,0.0,overlap_coef,all,froi
778,Events2move,md,LH_TP3,LH_insula,0.0,overlap_coef,all,froi
778,Events2move,md,LH_TP3,LH_medialFrontal,0.0,overlap_coef,all,froi
778,Events2move,md,LH_TP1,LH_postParietal,0.0,overlap_coef,all,froi
778,Events2move,md,LH_TP1,LH_midParietal,0.0,overlap_coef,all,froi
778,Events2move,md,LH_TP1,LH_antParietal,0.0,overlap_coef,all,froi
778,Events2move,md,LH_TP1,LH_supFrontal,0.0,overlap_coef,all,froi
778,Events2move,md,LH_TP1,LH_Precentral_A_precG,0.0,overlap_coef,all,froi
778,Events2move,md,LH_TP1,LH_Precentral_B_IFGop,0.0,overlap_coef,all,froi
778,Events2move,md,LH_TP1,LH_midFrontal,0.0,overlap_coef,all,froi
778,Events2move,md,LH_TP1,LH_midFrontalOrb,0.0,overlap_coef,all,froi
778,Events2move,md,LH_TP1,LH_insula,0.0,overlap_coef,all,froi
778,Events2move,md,LH_TP1,LH_medialFrontal,0.0,overlap_coef,all,froi
778,Events2move,md,LH_TP4,LH_postParietal,0.19658119658119658,overlap_coef,all,froi
778,Events2move,md,LH_TP4,LH_midParietal,0.0,overlap_coef,all,froi
778,Events2move,md,LH_TP4,LH_antParietal,0.0,overlap_coef,all,froi
778,Events2move,md,LH_TP4,LH_supFrontal,0.0,overlap_coef,all,froi
778,Events2move,md,LH_TP4,LH_Precentral_A_precG,0.0,overlap_coef,all,froi
778,Events2move,md,LH_TP4,LH_Precentral_B_IFGop,0.0,overlap_coef,all,froi
778,Events2move,md,LH_TP4,LH_midFrontal,0.0,overlap_coef,all,froi
778,Events2move,md,LH_TP4,LH_midFrontalOrb,0.0,overlap_coef,all,froi
778,Events2move,md,LH_TP4,LH_insula,0.0,overlap_coef,all,froi
778,Events2move,md,LH_TP4,LH_medialFrontal,0.0,overlap_coef,all,froi
778,Events2move,md,RH_Cer1,LH_postParietal,0.0,overlap_coef,all,froi
778,Events2move,md,RH_Cer1,LH_midParietal,0.0,overlap_coef,all,froi
778,Events2move,md,RH_Cer1,LH_antParietal,0.0,overlap_coef,all,froi
778,Events2move,md,RH_Cer1,LH_supFrontal,0.0,overlap_coef,all,froi
778,Events2move,md,RH_Cer1,LH_Precentral_A_precG,0.0,overlap_coef,all,froi
778,Events2move,md,RH_Cer1,LH_Precentral_B_IFGop,0.0,overlap_coef,all,froi
778,Events2move,md,RH_Cer1,LH_midFrontal,0.0,overlap_coef,all,froi
778,Events2move,md,RH_Cer1,LH_midFrontalOrb,0.0,overlap_coef,all,froi
778,Events2move,md,RH_Cer1,LH_insula,0.0,overlap_coef,all,froi
778,Events2move,md,RH_Cer1,LH_medialFrontal,0.0,overlap_coef,all,froi
778,Events2move,md,LH_MID3,LH_postParietal,0.0,overlap_coef,all,froi
778,Events2move,md,LH_MID3,LH_midParietal,0.0,overlap_coef,all,froi
778,Events2move,md,LH_MID3,LH_antParietal,0.0,overlap_coef,all,froi
778,Events2move,md,LH_MID3,LH_supFrontal,0.0,overlap_coef,all,froi
778,Events2move,md,LH_MID3,LH_Precentral_A_precG,0.0,overlap_coef,all,froi
778,Events2move,md,LH_MID3,LH_Precentral_B_IFGop,0.0,overlap_coef,all,froi
778,Events2move,md,LH_MID3,LH_midFrontal,0.0,overlap_coef,all,froi
778,Events2move,md,LH_MID3,LH_midFrontalOrb,0.0,overlap_coef,all,froi
778,Events2move,md,LH_MID3,LH_insula,0.0,overlap_coef,all,froi
778,Events2move,md,LH_MID3,LH_medialFrontal,0.3137254901960784,overlap_coef,all,froi
778,Events2move,md,LH_F4,LH_postParietal,0.0,overlap_coef,all,froi
778,Events2move,md,LH_F4,LH_midParietal,0.0,overlap_coef,all,froi
778,Events2move,md,LH_F4,LH_antParietal,0.0,overlap_coef,all,froi
778,Events2move,md,LH_F4,LH_supFrontal,0.04,overlap_coef,all,froi
778,Events2move,md,LH_F4,LH_Precentral_A_precG,0.0,overlap_coef,all,froi
778,Events2move,md,LH_F4,LH_Precentral_B_IFGop,0.0,overlap_coef,all,froi
778,Events2move,md,LH_F4,LH_midFrontal,0.0,overlap_coef,all,froi
778,Events2move,md,LH_F4,LH_midFrontalOrb,0.0,overlap_coef,all,froi
778,Events2move,md,LH_F4,LH_insula,0.0,overlap_coef,all,froi
778,Events2move,md,LH_F4,LH_medialFrontal,0.0,overlap_coef,all,froi
778,Events2move,md,RH_Cer2,LH_postParietal,0.0,overlap_coef,all,froi
778,Events2move,md,RH_Cer2,LH_midParietal,0.0,overlap_coef,all,froi
778,Events2move,md,RH_Cer2,LH_antParietal,0.0,overlap_coef,all,froi
778,Events2move,md,RH_Cer2,LH_supFrontal,0.0,overlap_coef,all,froi
778,Events2move,md,RH_Cer2,LH_Precentral_A_precG,0.0,overlap_coef,all,froi
778,Events2move,md,RH_Cer2,LH_Precentral_B_IFGop,0.0,overlap_coef,all,froi
778,Events2move,md,RH_Cer2,LH_midFrontal,0.0,overlap_coef,all,froi
778,Events2move,md,RH_Cer2,LH_midFrontalOrb,0.0,overlap_coef,all,froi
778,Events2move,md,RH_Cer2,LH_insula,0.0,overlap_coef,all,froi
778,Events2move,md,RH_Cer2,LH_medialFrontal,0.0,overlap_coef,all,froi
778,Events2move,md,LH_F3,LH_postParietal,0.0,overlap_coef,all,froi
778,Events2move,md,LH_F3,LH_midParietal,0.0,overlap_coef,all,froi
778,Events2move,md,LH_F3,LH_antParietal,0.0,overlap_coef,all,froi
778,Events2move,md,LH_F3,LH_supFrontal,0.06382978723404255,overlap_coef,all,froi
778,Events2move,md,LH_F3,LH_Precentral_A_precG,0.0,overlap_coef,all,froi
778,Events2move,md,LH_F3,LH_Precentral_B_IFGop,0.0,overlap_coef,all,froi
778,Events2move,md,LH_F3,LH_midFrontal,0.0,overlap_coef,all,froi
778,Events2move,md,LH_F3,LH_midFrontalOrb,0.0,overlap_coef,all,froi
778,Events2move,md,LH_F3,LH_insula,0.0,overlap_coef,all,froi
778,Events2move,md,LH_F3,LH_medialFrontal,0.0,overlap_coef,all,froi
778,Events2move,md,LH_F5,LH_postParietal,0.0,overlap_coef,all,froi
778,Events2move,md,LH_F5,LH_midParietal,0.0,overlap_coef,all,froi
778,Events2move,md,LH_F5,LH_antParietal,0.0,overlap_coef,all,froi
778,Events2move,md,LH_F5,LH_supFrontal,0.0,overlap_coef,all,froi
778,Events2move,md,LH_F5,LH_Precentral_A_precG,0.0,overlap_coef,all,froi
778,Events2move,md,LH_F5,LH_Precentral_B_IFGop,0.0,overlap_coef,all,froi
778,Events2move,md,LH_F5,LH_midFrontal,0.0,overlap_coef,all,froi
778,Events2move,md,LH_F5,LH_midFrontalOrb,0.0,overlap_coef,all,froi
778,Events2move,md,LH_F5,LH_insula,0.0,overlap_coef,all,froi
778,Events2move,md,LH_F5,LH_medialFrontal,0.0,overlap_coef,all,froi
778,Events2move,dmn,LH_F2,LH_FrontalMed,0.0,overlap_coef,all,froi
778,Events2move,dmn,LH_F2,LH_PostCing,0.0,overlap_coef,all,froi
778,Events2move,dmn,LH_F2,LH_TPJ,0.0,overlap_coef,all,froi
778,Events2move,dmn,LH_F2,LH_MidCing,0.0,overlap_coef,all,froi
778,Events2move,dmn,LH_F2,LH_STGorInsula,0.0,overlap_coef,all,froi
778,Events2move,dmn,LH_F2,LH_AntTemp,0.0,overlap_coef,all,froi
778,Events2move,dmn,LH_F1,LH_FrontalMed,0.0,overlap_coef,all,froi
778,Events2move,dmn,LH_F1,LH_PostCing,0.0,overlap_coef,all,froi
778,Events2move,dmn,LH_F1,LH_TPJ,0.0,overlap_coef,all,froi
778,Events2move,dmn,LH_F1,LH_MidCing,0.0,overlap_coef,all,froi
778,Events2move,dmn,LH_F1,LH_STGorInsula,0.0,overlap_coef,all,froi
778,Events2move,dmn,LH_F1,LH_AntTemp,0.0,overlap_coef,all,froi
778,Events2move,dmn,LH_TP2,LH_FrontalMed,0.0,overlap_coef,all,froi
778,Events2move,dmn,LH_TP2,LH_PostCing,0.0,overlap_coef,all,froi
778,Events2move,dmn,LH_TP2,LH_TPJ,0.0,overlap_coef,all,froi
778,Events2move,dmn,LH_TP2,LH_MidCing,0.0,overlap_coef,all,froi
778,Events2move,dmn,LH_TP2,LH_STGorInsula,0.0,overlap_coef,all,froi
778,Events2move,dmn,LH_TP2,LH_AntTemp,0.0,overlap_coef,all,froi
778,Events2move,dmn,LH_TP3,LH_FrontalMed,0.0,overlap_coef,all,froi
778,Events2move,dmn,LH_TP3,LH_PostCing,0.0,overlap_coef,all,froi
778,Events2move,dmn,LH_TP3,LH_TPJ,0.4189189189189189,overlap_coef,all,froi
778,Events2move,dmn,LH_TP3,LH_MidCing,0.0,overlap_coef,all,froi
778,Events2move,dmn,LH_TP3,LH_STGorInsula,0.0,overlap_coef,all,froi
778,Events2move,dmn,LH_TP3,LH_AntTemp,0.0,overlap_coef,all,froi
778,Events2move,dmn,LH_TP1,LH_FrontalMed,0.0,overlap_coef,all,froi
778,Events2move,dmn,LH_TP1,LH_PostCing,0.0,overlap_coef,all,froi
778,Events2move,dmn,LH_TP1,LH_TPJ,0.0,overlap_coef,all,froi
778,Events2move,dmn,LH_TP1,LH_MidCing,0.0,overlap_coef,all,froi
778,Events2move,dmn,LH_TP1,LH_STGorInsula,0.0,overlap_coef,all,froi
778,Events2move,dmn,LH_TP1,LH_AntTemp,0.0,overlap_coef,all,froi
778,Events2move,dmn,LH_TP4,LH_FrontalMed,0.0,overlap_coef,all,froi
778,Events2move,dmn,LH_TP4,LH_PostCing,0.0,overlap_coef,all,froi
778,Events2move,dmn,LH_TP4,LH_TPJ,0.0,overlap_coef,all,froi
778,Events2move,dmn,LH_TP4,LH_MidCing,0.0,overlap_coef,all,froi
778,Events2move,dmn,LH_TP4,LH_STGorInsula,0.0,overlap_coef,all,froi
778,Events2move,dmn,LH_TP4,LH_AntTemp,0.0,overlap_coef,all,froi
778,Events2move,dmn,RH_Cer1,LH_FrontalMed,0.0,overlap_coef,all,froi
778,Events2move,dmn,RH_Cer1,LH_PostCing,0.0,overlap_coef,all,froi
778,Events2move,dmn,RH_Cer1,LH_TPJ,0.0,overlap_coef,all,froi
778,Events2move,dmn,RH_Cer1,LH_MidCing,0.0,overlap_coef,all,froi
778,Events2move,dmn,RH_Cer1,LH_STGorInsula,0.0,overlap_coef,all,froi
778,Events2move,dmn,RH_Cer1,LH_AntTemp,0.0,overlap_coef,all,froi
778,Events2move,dmn,LH_MID3,LH_FrontalMed,0.0,overlap_coef,all,froi
778,Events2move,dmn,LH_MID3,LH_PostCing,0.0,overlap_coef,all,froi
778,Events2move,dmn,LH_MID3,LH_TPJ,0.0,overlap_coef,all,froi
778,Events2move,dmn,LH_MID3,LH_MidCing,0.0,overlap_coef,all,froi
778,Events2move,dmn,LH_MID3,LH_STGorInsula,0.0,overlap_coef,all,froi
778,Events2move,dmn,LH_MID3,LH_AntTemp,0.0,overlap_coef,all,froi
778,Events2move,dmn,LH_F4,LH_FrontalMed,0.0,overlap_coef,all,froi
778,Events2move,dmn,LH_F4,LH_PostCing,0.0,overlap_coef,all,froi
778,Events2move,dmn,LH_F4,LH_TPJ,0.0,overlap_coef,all,froi
778,Events2move,dmn,LH_F4,LH_MidCing,0.0,overlap_coef,all,froi
778,Events2move,dmn,LH_F4,LH_STGorInsula,0.0,overlap_coef,all,froi
778,Events2move,dmn,LH_F4,LH_AntTemp,0.0,overlap_coef,all,froi
778,Events2move,dmn,RH_Cer2,LH_FrontalMed,0.0,overlap_coef,all,froi
778,Events2move,dmn,RH_Cer2,LH_PostCing,0.0,overlap_coef,all,froi
778,Events2move,dmn,RH_Cer2,LH_TPJ,0.0,overlap_coef,all,froi
778,Events2move,dmn,RH_Cer2,LH_MidCing,0.0,overlap_coef,all,froi
778,Events2move,dmn,RH_Cer2,LH_STGorInsula,0.0,overlap_coef,all,froi
778,Events2move,dmn,RH_Cer2,LH_AntTemp,0.0,overlap_coef,all,froi
778,Events2move,dmn,LH_F3,LH_FrontalMed,0.02127659574468085,overlap_coef,all,froi
778,Events2move,dmn,LH_F3,LH_PostCing,0.0,overlap_coef,all,froi
778,Events2move,dmn,LH_F3,LH_TPJ,0.0,overlap_coef,all,froi
778,Events2move,dmn,LH_F3,LH_MidCing,0.0,overlap_coef,all,froi
778,Events2move,dmn,LH_F3,LH_STGorInsula,0.0,overlap_coef,all,froi
778,Events2move,dmn,LH_F3,LH_AntTemp,0.0,overlap_coef,all,froi
778,Events2move,dmn,LH_F5,LH_FrontalMed,0.0,overlap_coef,all,froi
778,Events2move,dmn,LH_F5,LH_PostCing,0.0,overlap_coef,all,froi
778,Events2move,dmn,LH_F5,LH_TPJ,0.0,overlap_coef,all,froi
778,Events2move,dmn,LH_F5,LH_MidCing,0.0,overlap_coef,all,froi
778,Events2move,dmn,LH_F5,LH_STGorInsula,0.0,overlap_coef,all,froi
778,Events2move,dmn,LH_F5,LH_AntTemp,0.0,overlap_coef,all,froi
