subject,semantic_task,target_network,semantic_roi,target_roi,overlap,overlap_method,run_label,space
040,EventsOrig,language,LH_F2,LH_IFGorb,0.0,overlap_coef,all,froi
040,EventsOrig,language,LH_F2,LH_IFG,0.039473684210526314,overlap_coef,all,froi
040,EventsOrig,language,LH_F2,LH_MFG,0.0,overlap_coef,all,froi
040,EventsOrig,language,LH_F2,LH_AntTemp,0.0,overlap_coef,all,froi
040,EventsOrig,language,LH_F2,LH_PostTemp,0.0,overlap_coef,all,froi
040,EventsOrig,language,LH_F2,LH_AngG,0.0,overlap_coef,all,froi
040,EventsOrig,language,LH_F2,RH_IFGorb,0.0,overlap_coef,all,froi
040,EventsOrig,language,LH_F2,RH_IFG,0.0,overlap_coef,all,froi
040,EventsOrig,language,LH_F2,RH_MFG,0.0,overlap_coef,all,froi
040,EventsOrig,language,LH_F2,RH_AntTemp,0.0,overlap_coef,all,froi
040,EventsOrig,language,LH_F2,RH_PostTemp,0.0,overlap_coef,all,froi
040,EventsOrig,language,LH_F2,RH_AngG,0.0,overlap_coef,all,froi
040,EventsOrig,language,LH_F1,LH_IFGorb,0.10810810810810811,overlap_coef,all,froi
040,EventsOrig,language,LH_F1,LH_IFG,0.0,overlap_coef,all,froi
040,EventsOrig,language,LH_F1,LH_MFG,0.0,overlap_coef,all,froi
040,EventsOrig,language,LH_F1,LH_AntTemp,0.0,overlap_coef,all,froi
040,EventsOrig,language,LH_F1,LH_PostTemp,0.0,overlap_coef,all,froi
040,EventsOrig,language,LH_F1,LH_AngG,0.0,overlap_coef,all,froi
040,EventsOrig,language,LH_F1,RH_IFGorb,0.0,overlap_coef,all,froi
040,EventsOrig,language,LH_F1,RH_IFG,0.0,overlap_coef,all,froi
040,EventsOrig,language,LH_F1,RH_MFG,0.0,overlap_coef,all,froi
040,EventsOrig,language,LH_F1,RH_AntTemp,0.0,overlap_coef,all,froi
040,EventsOrig,language,LH_F1,RH_PostTemp,0.0,overlap_coef,all,froi
040,EventsOrig,language,LH_F1,RH_AngG,0.0,overlap_coef,all,froi
040,EventsOrig,language,LH_TP2,LH_IFGorb,0.0,overlap_coef,all,froi
040,EventsOrig,language,LH_TP2,LH_IFG,0.0,overlap_coef,all,froi
040,EventsOrig,language,LH_TP2,LH_MFG,0.0,overlap_coef,all,froi
040,EventsOrig,language,LH_TP2,LH_AntTemp,0.0,overlap_coef,all,froi
040,EventsOrig,language,LH_TP2,LH_PostTemp,0.040697674418604654,overlap_coef,all,froi
040,EventsOrig,language,LH_TP2,LH_AngG,0.0,overlap_coef,all,froi
040,EventsOrig,language,LH_TP2,RH_IFGorb,0.0,overlap_coef,all,froi
040,EventsOrig,language,LH_TP2,RH_IFG,0.0,overlap_coef,all,froi
040,EventsOrig,language,LH_TP2,RH_MFG,0.0,overlap_coef,all,froi
040,EventsOrig,language,LH_TP2,RH_AntTemp,0.0,overlap_coef,all,froi
040,EventsOrig,language,LH_TP2,RH_PostTemp,0.0,overlap_coef,all,froi
040,EventsOrig,language,LH_TP2,RH_AngG,0.0,overlap_coef,all,froi
040,EventsOrig,language,LH_TP3,LH_IFGorb,0.0,overlap_coef,all,froi
040,EventsOrig,language,LH_TP3,LH_IFG,0.0,overlap_coef,all,froi
040,EventsOrig,language,LH_TP3,LH_MFG,0.0,overlap_coef,all,froi
040,EventsOrig,language,LH_TP3,LH_AntTemp,0.0,overlap_coef,all,froi
040,EventsOrig,language,LH_TP3,LH_PostTemp,0.0,overlap_coef,all,froi
040,EventsOrig,language,LH_TP3,LH_AngG,0.04054054054054054,overlap_coef,all,froi
040,EventsOrig,language,LH_TP3,RH_IFGorb,0.0,overlap_coef,all,froi
040,EventsOrig,language,LH_TP3,RH_IFG,0.0,overlap_coef,all,froi
040,EventsOrig,language,LH_TP3,RH_MFG,0.0,overlap_coef,all,froi
040,EventsOrig,language,LH_TP3,RH_AntTemp,0.0,overlap_coef,all,froi
040,EventsOrig,language,LH_TP3,RH_PostTemp,0.0,overlap_coef,all,froi
040,EventsOrig,language,LH_TP3,RH_AngG,0.0,overlap_coef,all,froi
040,EventsOrig,language,LH_TP1,LH_IFGorb,0.0,overlap_coef,all,froi
040,EventsOrig,language,LH_TP1,LH_IFG,0.0,overlap_coef,all,froi
040,EventsOrig,language,LH_TP1,LH_MFG,0.0,overlap_coef,all,froi
040,EventsOrig,language,LH_TP1,LH_AntTemp,0.0,overlap_coef,all,froi
040,EventsOrig,language,LH_TP1,LH_PostTemp,0.0,overlap_coef,all,froi
040,EventsOrig,language,LH_TP1,LH_AngG,0.0,overlap_coef,all,froi
040,EventsOrig,language,LH_TP1,RH_IFGorb,0.0,overlap_coef,all,froi
040,EventsOrig,language,LH_TP1,RH_IFG,0.0,overlap_coef,all,froi
040,EventsOrig,language,LH_TP1,RH_MFG,0.0,overlap_coef,all,froi
040,EventsOrig,language,LH_TP1,RH_AntTemp,0.0,overlap_coef,all,froi
040,EventsOrig,language,LH_TP1,RH_PostTemp,0.0,overlap_coef,all,froi
040,EventsOrig,language,LH_TP1,RH_AngG,0.0,overlap_coef,all,froi
040,EventsOrig,language,LH_TP4,LH_IFGorb,0.0,overlap_coef,all,froi
040,EventsOrig,language,LH_TP4,LH_IFG,0.0,overlap_coef,all,froi
040,EventsOrig,language,LH_TP4,LH_MFG,0.0,overlap_coef,all,froi
040,EventsOrig,language,LH_TP4,LH_AntTemp,0.0,overlap_coef,all,froi
040,EventsOrig,language,LH_TP4,LH_PostTemp,0.0,overlap_coef,all,froi
040,EventsOrig,language,LH_TP4,LH_AngG,0.0,overlap_coef,all,froi
040,EventsOrig,language,LH_TP4,RH_IFGorb,0.0,overlap_coef,all,froi
040,EventsOrig,language,LH_TP4,RH_IFG,0.0,overlap_coef,all,froi
040,EventsOrig,language,LH_TP4,RH_MFG,0.0,overlap_coef,all,froi
040,EventsOrig,language,LH_TP4,RH_AntTemp,0.0,overlap_coef,all,froi
040,EventsOrig,language,LH_TP4,RH_PostTemp,0.0,overlap_coef,all,froi
040,EventsOrig,language,LH_TP4,RH_AngG,0.0,overlap_coef,all,froi
040,EventsOrig,language,LH_O1,LH_IFGorb,0.0,overlap_coef,all,froi
040,EventsOrig,language,LH_O1,LH_IFG,0.0,overlap_coef,all,froi
040,EventsOrig,language,LH_O1,LH_MFG,0.0,overlap_coef,all,froi
040,EventsOrig,language,LH_O1,LH_AntTemp,0.0,overlap_coef,all,froi
040,EventsOrig,language,LH_O1,LH_PostTemp,0.0,overlap_coef,all,froi
040,EventsOrig,language,LH_O1,LH_AngG,0.0,overlap_coef,all,froi
040,EventsOrig,language,LH_O1,RH_IFGorb,0.0,overlap_coef,all,froi
040,EventsOrig,language,LH_O1,RH_IFG,0.0,overlap_coef,all,froi
040,EventsOrig,language,LH_O1,RH_MFG,0.0,overlap_coef,all,froi
040,EventsOrig,language,LH_O1,RH_AntTemp,0.0,overlap_coef,all,froi
040,EventsOrig,language,LH_O1,RH_PostTemp,0.0,overlap_coef,all,froi
040,EventsOrig,language,LH_O1,RH_AngG,0.0,overlap_coef,all,froi
040,EventsOrig,language,RH_Cer1,LH_IFGorb,0.0,overlap_coef,all,froi
040,EventsOrig,language,RH_Cer1,LH_IFG,0.0,overlap_coef,all,froi
040,EventsOrig,language,RH_Cer1,LH_MFG,0.0,overlap_coef,all,froi
040,EventsOrig,language,RH_Cer1,LH_AntTemp,0.0,overlap_coef,all,froi
040,EventsOrig,language,RH_Cer1,LH_PostTemp,0.0,overlap_coef,all,froi
040,EventsOrig,language,RH_Cer1,LH_AngG,0.0,overlap_coef,all,froi
040,EventsOrig,language,RH_Cer1,RH_IFGorb,0.0,overlap_coef,all,froi
040,EventsOrig,language,RH_Cer1,RH_IFG,0.0,overlap_coef,all,froi
040,EventsOrig,language,RH_Cer1,RH_MFG,0.0,overlap_coef,all,froi
040,EventsOrig,language,RH_Cer1,RH_AntTemp,0.0,overlap_coef,all,froi
040,EventsOrig,language,RH_Cer1,RH_PostTemp,0.0,overlap_coef,all,froi
040,EventsOrig,language,RH_Cer1,RH_AngG,0.0,overlap_coef,all,froi
040,EventsOrig,language,LH_MID_O3,LH_IFGorb,0.0,overlap_coef,all,froi
040,EventsOrig,language,LH_MID_O3,LH_IFG,0.0,overlap_coef,all,froi
040,EventsOrig,language,LH_MID_O3,LH_MFG,0.0,overlap_coef,all,froi
040,EventsOrig,language,LH_MID_O3,LH_AntTemp,0.0,overlap_coef,all,froi
040,EventsOrig,language,LH_MID_O3,LH_PostTemp,0.0,overlap_coef,all,froi
040,EventsOrig,language,LH_MID_O3,LH_AngG,0.0,overlap_coef,all,froi
040,EventsOrig,language,LH_MID_O3,RH_IFGorb,0.0,overlap_coef,all,froi
040,EventsOrig,language,LH_MID_O3,RH_IFG,0.0,overlap_coef,all,froi
040,EventsOrig,language,LH_MID_O3,RH_MFG,0.0,overlap_coef,all,froi
040,EventsOrig,language,LH_MID_O3,RH_AntTemp,0.0,overlap_coef,all,froi
040,EventsOrig,language,LH_MID_O3,RH_PostTemp,0.0,overlap_coef,all,froi
040,EventsOrig,language,LH_MID_O3,RH_AngG,0.0,overlap_coef,all,froi
040,EventsOrig,language,LH_MID3,LH_IFGorb,0.0,overlap_coef,all,froi
040,EventsOrig,language,LH_MID3,LH_IFG,0.0,overlap_coef,all,froi
040,EventsOrig,language,LH_MID3,LH_MFG,0.0,overlap_coef,all,froi
040,EventsOrig,language,LH_MID3,LH_AntTemp,0.0,overlap_coef,all,froi
040,EventsOrig,language,LH_MID3,LH_PostTemp,0.0,overlap_coef,all,froi
040,EventsOrig,language,LH_MID3,LH_AngG,0.0,overlap_coef,all,froi
040,EventsOrig,language,LH_MID3,RH_IFGorb,0.0,overlap_coef,all,froi
040,EventsOrig,language,LH_MID3,RH_IFG,0.0,overlap_coef,all,froi
040,EventsOrig,language,LH_MID3,RH_MFG,0.0,overlap_coef,all,froi
040,EventsOrig,language,LH_MID3,RH_AntTemp,0.0,overlap_coef,all,froi
040,EventsOrig,language,LH_MID3,RH_PostTemp,0.0,overlap_coef,all,froi
040,EventsOrig,language,LH_MID3,RH_AngG,0.0,overlap_coef,all,froi
040,EventsOrig,language,RH_MID_O4,LH_IFGorb,0.0,overlap_coef,all,froi
040,EventsOrig,language,RH_MID_O4,LH_IFG,0.0,overlap_coef,all,froi
040,EventsOrig,language,RH_MID_O4,LH_MFG,0.0,overlap_coef,all,froi
040,EventsOrig,language,RH_MID_O4,LH_AntTemp,0.0,overlap_coef,all,froi
040,EventsOrig,language,RH_MID_O4,LH_PostTemp,0.0,overlap_coef,all,froi
040,EventsOrig,language,RH_MID_O4,LH_AngG,0.0,overlap_coef,all,froi
040,EventsOrig,language,RH_MID_O4,RH_IFGorb,0.0,overlap_coef,all,froi
040,EventsOrig,language,RH_MID_O4,RH_IFG,0.0,overlap_coef,all,froi
040,EventsOrig,language,RH_MID_O4,RH_MFG,0.0,overlap_coef,all,froi
040,EventsOrig,language,RH_MID_O4,RH_AntTemp,0.0,overlap_coef,all,froi
040,EventsOrig,language,RH_MID_O4,RH_PostTemp,0.0,overlap_coef,all,froi
040,EventsOrig,language,RH_MID_O4,RH_AngG,0.0,overlap_coef,all,froi
040,EventsOrig,language,LH_F4,LH_IFGorb,0.0,overlap_coef,all,froi
040,EventsOrig,language,LH_F4,LH_IFG,0.0,overlap_coef,all,froi
040,EventsOrig,language,LH_F4,LH_MFG,0.0,overlap_coef,all,froi
040,EventsOrig,language,LH_F4,LH_AntTemp,0.0,overlap_coef,all,froi
040,EventsOrig,language,LH_F4,LH_PostTemp,0.0,overlap_coef,all,froi
040,EventsOrig,language,LH_F4,LH_AngG,0.0,overlap_coef,all,froi
040,EventsOrig,language,LH_F4,RH_IFGorb,0.0,overlap_coef,all,froi
040,EventsOrig,language,LH_F4,RH_IFG,0.0,overlap_coef,all,froi
040,EventsOrig,language,LH_F4,RH_MFG,0.0,overlap_coef,all,froi
040,EventsOrig,language,LH_F4,RH_AntTemp,0.0,overlap_coef,all,froi
040,EventsOrig,language,LH_F4,RH_PostTemp,0.0,overlap_coef,all,froi
040,EventsOrig,language,LH_F4,RH_AngG,0.0,overlap_coef,all,froi
040,EventsOrig,language,RH_Cer2,LH_IFGorb,0.0,overlap_coef,all,froi
040,EventsOrig,language,RH_Cer2,LH_IFG,0.0,overlap_coef,all,froi
040,EventsOrig,language,RH_Cer2,LH_MFG,0.0,overlap_coef,all,froi
040,EventsOrig,language,RH_Cer2,LH_AntTemp,0.0,overlap_coef,all,froi
040,EventsOrig,language,RH_Cer2,LH_PostTemp,0.0,overlap_coef,all,froi
040,EventsOrig,language,RH_Cer2,LH_AngG,0.0,overlap_coef,all,froi
040,EventsOrig,language,RH_Cer2,RH_IFGorb,0.0,overlap_coef,all,froi
040,EventsOrig,language,RH_Cer2,RH_IFG,0.0,overlap_coef,all,froi
040,EventsOrig,language,RH_Cer2,RH_MFG,0.0,overlap_coef,all,froi
040,EventsOrig,language,RH_Cer2,RH_AntTemp,0.0,overlap_coef,all,froi
040,EventsOrig,language,RH_Cer2,RH_PostTemp,0.0,overlap_coef,all,froi
040,EventsOrig,language,RH_Cer2,RH_AngG,0.0,overlap_coef,all,froi
040,EventsOrig,language,LH_F3,LH_IFGorb,0.0,overlap_coef,all,froi
040,EventsOrig,language,LH_F3,LH_IFG,0.0,overlap_coef,all,froi
040,EventsOrig,language,LH_F3,LH_MFG,0.0,overlap_coef,all,froi
040,EventsOrig,language,LH_F3,LH_AntTemp,0.0,overlap_coef,all,froi
040,EventsOrig,language,LH_F3,LH_PostTemp,0.0,overlap_coef,all,froi
040,EventsOrig,language,LH_F3,LH_AngG,0.0,overlap_coef,all,froi
040,EventsOrig,language,LH_F3,RH_IFGorb,0.0,overlap_coef,all,froi
040,EventsOrig,language,LH_F3,RH_IFG,0.0,overlap_coef,all,froi
040,EventsOrig,language,LH_F3,RH_MFG,0.0,overlap_coef,all,froi
040,EventsOrig,language,LH_F3,RH_AntTemp,0.0,overlap_coef,all,froi
040,EventsOrig,language,LH_F3,RH_PostTemp,0.0,overlap_coef,all,froi
040,EventsOrig,language,LH_F3,RH_AngG,0.0,overlap_coef,all,froi
040,EventsOrig,language,RH_O2,LH_IFGorb,0.0,overlap_coef,all,froi
040,EventsOrig,language,RH_O2,LH_IFG,0.0,overlap_coef,all,froi
040,EventsOrig,language,RH_O2,LH_MFG,0.0,overlap_coef,all,froi
040,EventsOrig,language,RH_O2,LH_AntTemp,0.0,overlap_coef,all,froi
040,EventsOrig,language,RH_O2,LH_PostTemp,0.0,overlap_coef,all,froi
040,EventsOrig,language,RH_O2,LH_AngG,0.0,overlap_coef,all,froi
040,EventsOrig,language,RH_O2,RH_IFGorb,0.0,overlap_coef,all,froi
040,EventsOrig,language,RH_O2,RH_IFG,0.0,overlap_coef,all,froi
040,EventsOrig,language,RH_O2,RH_MFG,0.0,overlap_coef,all,froi
040,EventsOrig,language,RH_O2,RH_AntTemp,0.0,overlap_coef,all,froi
040,EventsOrig,language,RH_O2,RH_PostTemp,0.0,overlap_coef,all,froi
040,EventsOrig,language,RH_O2,RH_AngG,0.0,overlap_coef,all,froi
040,EventsOrig,language,LH_F5,LH_IFGorb,0.0,overlap_coef,all,froi
040,EventsOrig,language,LH_F5,LH_IFG,0.0,overlap_coef,all,froi
040,EventsOrig,language,LH_F5,LH_MFG,0.0,overlap_coef,all,froi
040,EventsOrig,language,LH_F5,LH_AntTemp,0.0,overlap_coef,all,froi
040,EventsOrig,language,LH_F5,LH_PostTemp,0.0,overlap_coef,all,froi
040,EventsOrig,language,LH_F5,LH_AngG,0.0,overlap_coef,all,froi
040,EventsOrig,language,LH_F5,RH_IFGorb,0.0,overlap_coef,all,froi
040,EventsOrig,language,LH_F5,RH_IFG,0.0,overlap_coef,all,froi
040,EventsOrig,language,LH_F5,RH_MFG,0.0,overlap_coef,all,froi
040,EventsOrig,language,LH_F5,RH_AntTemp,0.0,overlap_coef,all,froi
040,EventsOrig,language,LH_F5,RH_PostTemp,0.0,overlap_coef,all,froi
040,EventsOrig,language,LH_F5,RH_AngG,0.0,overlap_coef,all,froi
040,EventsOrig,language,LH_MID2,LH_IFGorb,0.0,overlap_coef,all,froi
040,EventsOrig,language,LH_MID2,LH_IFG,0.0,overlap_coef,all,froi
040,EventsOrig,language,LH_MID2,LH_MFG,0.0,overlap_coef,all,froi
040,EventsOrig,language,LH_MID2,LH_AntTemp,0.0,overlap_coef,all,froi
040,EventsOrig,language,LH_MID2,LH_PostTemp,0.0,overlap_coef,all,froi
040,EventsOrig,language,LH_MID2,LH_AngG,0.0,overlap_coef,all,froi
040,EventsOrig,language,LH_MID2,RH_IFGorb,0.0,overlap_coef,all,froi
040,EventsOrig,language,LH_MID2,RH_IFG,0.0,overlap_coef,all,froi
040,EventsOrig,language,LH_MID2,RH_MFG,0.0,overlap_coef,all,froi
040,EventsOrig,language,LH_MID2,RH_AntTemp,0.0,overlap_coef,all,froi
040,EventsOrig,language,LH_MID2,RH_PostTemp,0.0,overlap_coef,all,froi
040,EventsOrig,language,LH_MID2,RH_AngG,0.0,overlap_coef,all,froi
040,EventsOrig,language,MID1_LH,LH_IFGorb,0.0,overlap_coef,all,froi
040,EventsOrig,language,MID1_LH,LH_IFG,0.0,overlap_coef,all,froi
040,EventsOrig,language,MID1_LH,LH_MFG,0.0,overlap_coef,all,froi
040,EventsOrig,language,MID1_LH,LH_AntTemp,0.0,overlap_coef,all,froi
040,EventsOrig,language,MID1_LH,LH_PostTemp,0.0,overlap_coef,all,froi
040,EventsOrig,language,MID1_LH,LH_AngG,0.0,overlap_coef,all,froi
040,EventsOrig,language,MID1_LH,RH_IFGorb,0.0,overlap_coef,all,froi
040,EventsOrig,language,MID1_LH,RH_IFG,0.0,overlap_coef,all,froi
040,EventsOrig,language,MID1_LH,RH_MFG,0.0,overlap_coef,all,froi
040,EventsOrig,language,MID1_LH,RH_AntTemp,0.0,overlap_coef,all,froi
040,EventsOrig,language,MID1_LH,RH_PostTemp,0.0,overlap_coef,all,froi
040,EventsOrig,language,MID1_LH,RH_AngG,0.0,overlap_coef,all,froi
040,EventsOrig,language,MID1_RH,LH_IFGorb,0.0,overlap_coef,all,froi
040,EventsOrig,language,MID1_RH,LH_IFG,0.0,overlap_coef,all,froi
040,EventsOrig,language,MID1_RH,LH_MFG,0.0,overlap_coef,all,froi
040,EventsOrig,language,MID1_RH,LH_AntTemp,0.0,overlap_coef,all,froi
040,EventsOrig,language,MID1_RH,LH_PostTemp,0.0,overlap_coef,all,froi
040,EventsOrig,language,MID1_RH,LH_AngG,0.0,overlap_coef,all,froi
040,EventsOrig,language,MID1_RH,RH_IFGorb,0.0,overlap_coef,all,froi
040,EventsOrig,language,MID1_RH,RH_IFG,0.0,overlap_coef,all,froi
040,EventsOrig,language,MID1_RH,RH_MFG,0.0,overlap_coef,all,froi
040,EventsOrig,language,MID1_RH,RH_AntTemp,0.0,overlap_coef,all,froi
040,EventsOrig,language,MID1_RH,RH_PostTemp,0.0,overlap_coef,all,froi
040,EventsOrig,language,MID1_RH,RH_AngG,0.0,overlap_coef,all,froi
019,EventsOrig,language,LH_F2,LH_IFGorb,0.0,overlap_coef,all,froi
019,EventsOrig,language,LH_F2,LH_IFG,0.05263157894736842,overlap_coef,all,froi
019,EventsOrig,language,LH_F2,LH_MFG,0.0,overlap_coef,all,froi
019,EventsOrig,language,LH_F2,LH_AntTemp,0.0,overlap_coef,all,froi
019,EventsOrig,language,LH_F2,LH_PostTemp,0.0,overlap_coef,all,froi
019,EventsOrig,language,LH_F2,LH_AngG,0.0,overlap_coef,all,froi
019,EventsOrig,language,LH_F2,RH_IFGorb,0.0,overlap_coef,all,froi
019,EventsOrig,language,LH_F2,RH_IFG,0.0,overlap_coef,all,froi
019,EventsOrig,language,LH_F2,RH_MFG,0.0,overlap_coef,all,froi
019,EventsOrig,language,LH_F2,RH_AntTemp,0.0,overlap_coef,all,froi
019,EventsOrig,language,LH_F2,RH_PostTemp,0.0,overlap_coef,all,froi
019,EventsOrig,language,LH_F2,RH_AngG,0.0,overlap_coef,all,froi
019,EventsOrig,language,LH_F1,LH_IFGorb,0.0,overlap_coef,all,froi
019,EventsOrig,language,LH_F1,LH_IFG,0.0,overlap_coef,all,froi
019,EventsOrig,language,LH_F1,LH_MFG,0.0,overlap_coef,all,froi
019,EventsOrig,language,LH_F1,LH_AntTemp,0.0,overlap_coef,all,froi
019,EventsOrig,language,LH_F1,LH_PostTemp,0.0,overlap_coef,all,froi
019,EventsOrig,language,LH_F1,LH_AngG,0.0,overlap_coef,all,froi
019,EventsOrig,language,LH_F1,RH_IFGorb,0.0,overlap_coef,all,froi
019,EventsOrig,language,LH_F1,RH_IFG,0.0,overlap_coef,all,froi
019,EventsOrig,language,LH_F1,RH_MFG,0.0,overlap_coef,all,froi
019,EventsOrig,language,LH_F1,RH_AntTemp,0.0,overlap_coef,all,froi
019,EventsOrig,language,LH_F1,RH_PostTemp,0.0,overlap_coef,all,froi
019,EventsOrig,language,LH_F1,RH_AngG,0.0,overlap_coef,all,froi
019,EventsOrig,language,LH_TP2,LH_IFGorb,0.0,overlap_coef,all,froi
019,EventsOrig,language,LH_TP2,LH_IFG,0.0,overlap_coef,all,froi
019,EventsOrig,language,LH_TP2,LH_MFG,0.0,overlap_coef,all,froi
019,EventsOrig,language,LH_TP2,LH_AntTemp,0.0,overlap_coef,all,froi
019,EventsOrig,language,LH_TP2,LH_PostTemp,0.3430232558139535,overlap_coef,all,froi
019,EventsOrig,language,LH_TP2,LH_AngG,0.0,overlap_coef,all,froi
019,EventsOrig,language,LH_TP2,RH_IFGorb,0.0,overlap_coef,all,froi
019,EventsOrig,language,LH_TP2,RH_IFG,0.0,overlap_coef,all,froi
019,EventsOrig,language,LH_TP2,RH_MFG,0.0,overlap_coef,all,froi
019,EventsOrig,language,LH_TP2,RH_AntTemp,0.0,overlap_coef,all,froi
019,EventsOrig,language,LH_TP2,RH_PostTemp,0.0,overlap_coef,all,froi
019,EventsOrig,language,LH_TP2,RH_AngG,0.0,overlap_coef,all,froi
019,EventsOrig,language,LH_TP3,LH_IFGorb,0.0,overlap_coef,all,froi
019,EventsOrig,language,LH_TP3,LH_IFG,0.0,overlap_coef,all,froi
019,EventsOrig,language,LH_TP3,LH_MFG,0.0,overlap_coef,all,froi
019,EventsOrig,language,LH_TP3,LH_AntTemp,0.0,overlap_coef,all,froi
019,EventsOrig,language,LH_TP3,LH_PostTemp,0.04,overlap_coef,all,froi
019,EventsOrig,language,LH_TP3,LH_AngG,0.6351351351351351,overlap_coef,all,froi
019,EventsOrig,language,LH_TP3,RH_IFGorb,0.0,overlap_coef,all,froi
019,EventsOrig,language,LH_TP3,RH_IFG,0.0,overlap_coef,all,froi
019,EventsOrig,language,LH_TP3,RH_MFG,0.0,overlap_coef,all,froi
019,EventsOrig,language,LH_TP3,RH_AntTemp,0.0,overlap_coef,all,froi
019,EventsOrig,language,LH_TP3,RH_PostTemp,0.0,overlap_coef,all,froi
019,EventsOrig,language,LH_TP3,RH_AngG,0.0,overlap_coef,all,froi
019,EventsOrig,language,LH_TP1,LH_IFGorb,0.0,overlap_coef,all,froi
019,EventsOrig,language,LH_TP1,LH_IFG,0.0,overlap_coef,all,froi
019,EventsOrig,language,LH_TP1,LH_MFG,0.0,overlap_coef,all,froi
019,EventsOrig,language,LH_TP1,LH_AntTemp,0.0,overlap_coef,all,froi
019,EventsOrig,language,LH_TP1,LH_PostTemp,0.0,overlap_coef,all,froi
019,EventsOrig,language,LH_TP1,LH_AngG,0.0,overlap_coef,all,froi
019,EventsOrig,language,LH_TP1,RH_IFGorb,0.0,overlap_coef,all,froi
019,EventsOrig,language,LH_TP1,RH_IFG,0.0,overlap_coef,all,froi
019,EventsOrig,language,LH_TP1,RH_MFG,0.0,overlap_coef,all,froi
019,EventsOrig,language,LH_TP1,RH_AntTemp,0.0,overlap_coef,all,froi
019,EventsOrig,language,LH_TP1,RH_PostTemp,0.0,overlap_coef,all,froi
019,EventsOrig,language,LH_TP1,RH_AngG,0.0,overlap_coef,all,froi
019,EventsOrig,language,LH_TP4,LH_IFGorb,0.0,overlap_coef,all,froi
019,EventsOrig,language,LH_TP4,LH_IFG,0.0,overlap_coef,all,froi
019,EventsOrig,language,LH_TP4,LH_MFG,0.0,overlap_coef,all,froi
019,EventsOrig,language,LH_TP4,LH_AntTemp,0.0,overlap_coef,all,froi
019,EventsOrig,language,LH_TP4,LH_PostTemp,0.0,overlap_coef,all,froi
019,EventsOrig,language,LH_TP4,LH_AngG,0.0,overlap_coef,all,froi
019,EventsOrig,language,LH_TP4,RH_IFGorb,0.0,overlap_coef,all,froi
019,EventsOrig,language,LH_TP4,RH_IFG,0.0,overlap_coef,all,froi
019,EventsOrig,language,LH_TP4,RH_MFG,0.0,overlap_coef,all,froi
019,EventsOrig,language,LH_TP4,RH_AntTemp,0.0,overlap_coef,all,froi
019,EventsOrig,language,LH_TP4,RH_PostTemp,0.0,overlap_coef,all,froi
019,EventsOrig,language,LH_TP4,RH_AngG,0.0,overlap_coef,all,froi
019,EventsOrig,language,LH_O1,LH_IFGorb,0.0,overlap_coef,all,froi
019,EventsOrig,language,LH_O1,LH_IFG,0.0,overlap_coef,all,froi
019,EventsOrig,language,LH_O1,LH_MFG,0.0,overlap_coef,all,froi
019,EventsOrig,language,LH_O1,LH_AntTemp,0.0,overlap_coef,all,froi
019,EventsOrig,language,LH_O1,LH_PostTemp,0.0,overlap_coef,all,froi
019,EventsOrig,language,LH_O1,LH_AngG,0.0,overlap_coef,all,froi
019,EventsOrig,language,LH_O1,RH_IFGorb,0.0,overlap_coef,all,froi
019,EventsOrig,language,LH_O1,RH_IFG,0.0,overlap_coef,all,froi
019,EventsOrig,language,LH_O1,RH_MFG,0.0,overlap_coef,all,froi
019,EventsOrig,language,LH_O1,RH_AntTemp,0.0,overlap_coef,all,froi
019,EventsOrig,language,LH_O1,RH_PostTemp,0.0,overlap_coef,all,froi
019,EventsOrig,language,LH_O1,RH_AngG,0.0,overlap_coef,all,froi
019,EventsOrig,language,RH_Cer1,LH_IFGorb,0.0,overlap_coef,all,froi
019,EventsOrig,language,RH_Cer1,LH_IFG,0.0,overlap_coef,all,froi
019,EventsOrig,language,RH_Cer1,LH_MFG,0.0,overlap_coef,all,froi
019,EventsOrig,language,RH_Cer1,LH_AntTemp,0.0,overlap_coef,all,froi
019,EventsOrig,language,RH_Cer1,LH_PostTemp,0.0,overlap_coef,all,froi
019,EventsOrig,language,RH_Cer1,LH_AngG,0.0,overlap_coef,all,froi
019,EventsOrig,language,RH_Cer1,RH_IFGorb,0.0,overlap_coef,all,froi
019,EventsOrig,language,RH_Cer1,RH_IFG,0.0,overlap_coef,all,froi
019,EventsOrig,language,RH_Cer1,RH_MFG,0.0,overlap_coef,all,froi
019,EventsOrig,language,RH_Cer1,RH_AntTemp,0.0,overlap_coef,all,froi
019,EventsOrig,language,RH_Cer1,RH_PostTemp,0.0,overlap_coef,all,froi
019,EventsOrig,language,RH_Cer1,RH_AngG,0.0,overlap_coef,all,froi
019,EventsOrig,language,LH_MID_O3,LH_IFGorb,0.0,overlap_coef,all,froi
019,EventsOrig,language,LH_MID_O3,LH_IFG,0.0,overlap_coef,all,froi
019,EventsOrig,language,LH_MID_O3,LH_MFG,0.0,overlap_coef,all,froi
019,EventsOrig,language,LH_MID_O3,LH_AntTemp,0.0,overlap_coef,all,froi
019,EventsOrig,language,LH_MID_O3,LH_PostTemp,0.0,overlap_coef,all,froi
019,EventsOrig,language,LH_MID_O3,LH_AngG,0.0,overlap_coef,all,froi
019,EventsOrig,language,LH_MID_O3,RH_IFGorb,0.0,overlap_coef,all,froi
019,EventsOrig,language,LH_MID_O3,RH_IFG,0.0,overlap_coef,all,froi
019,EventsOrig,language,LH_MID_O3,RH_MFG,0.0,overlap_coef,all,froi
019,EventsOrig,language,LH_MID_O3,RH_AntTemp,0.0,overlap_coef,all,froi
019,EventsOrig,language,LH_MID_O3,RH_PostTemp,0.0,overlap_coef,all,froi
019,EventsOrig,language,LH_MID_O3,RH_AngG,0.0,overlap_coef,all,froi
019,EventsOrig,language,LH_MID3,LH_IFGorb,0.0,overlap_coef,all,froi
019,EventsOrig,language,LH_MID3,LH_IFG,0.0,overlap_coef,all,froi
019,EventsOrig,language,LH_MID3,LH_MFG,0.0,overlap_coef,all,froi
019,EventsOrig,language,LH_MID3,LH_AntTemp,0.0,overlap_coef,all,froi
019,EventsOrig,language,LH_MID3,LH_PostTemp,0.0,overlap_coef,all,froi
019,EventsOrig,language,LH_MID3,LH_AngG,0.0,overlap_coef,all,froi
019,EventsOrig,language,LH_MID3,RH_IFGorb,0.0,overlap_coef,all,froi
019,EventsOrig,language,LH_MID3,RH_IFG,0.0,overlap_coef,all,froi
019,EventsOrig,language,LH_MID3,RH_MFG,0.0,overlap_coef,all,froi
019,EventsOrig,language,LH_MID3,RH_AntTemp,0.0,overlap_coef,all,froi
019,EventsOrig,language,LH_MID3,RH_PostTemp,0.0,overlap_coef,all,froi
019,EventsOrig,language,LH_MID3,RH_AngG,0.0,overlap_coef,all,froi
019,EventsOrig,language,RH_MID_O4,LH_IFGorb,0.0,overlap_coef,all,froi
019,EventsOrig,language,RH_MID_O4,LH_IFG,0.0,overlap_coef,all,froi
019,EventsOrig,language,RH_MID_O4,LH_MFG,0.0,overlap_coef,all,froi
019,EventsOrig,language,RH_MID_O4,LH_AntTemp,0.0,overlap_coef,all,froi
019,EventsOrig,language,RH_MID_O4,LH_PostTemp,0.0,overlap_coef,all,froi
019,EventsOrig,language,RH_MID_O4,LH_AngG,0.0,overlap_coef,all,froi
019,EventsOrig,language,RH_MID_O4,RH_IFGorb,0.0,overlap_coef,all,froi
019,EventsOrig,language,RH_MID_O4,RH_IFG,0.0,overlap_coef,all,froi
019,EventsOrig,language,RH_MID_O4,RH_MFG,0.0,overlap_coef,all,froi
019,EventsOrig,language,RH_MID_O4,RH_AntTemp,0.0,overlap_coef,all,froi
019,EventsOrig,language,RH_MID_O4,RH_PostTemp,0.0,overlap_coef,all,froi
019,EventsOrig,language,RH_MID_O4,RH_AngG,0.0,overlap_coef,all,froi
019,EventsOrig,language,LH_F4,LH_IFGorb,0.0,overlap_coef,all,froi
019,EventsOrig,language,LH_F4,LH_IFG,0.0,overlap_coef,all,froi
019,EventsOrig,language,LH_F4,LH_MFG,0.0,overlap_coef,all,froi
019,EventsOrig,language,LH_F4,LH_AntTemp,0.0,overlap_coef,all,froi
019,EventsOrig,language,LH_F4,LH_PostTemp,0.0,overlap_coef,all,froi
019,EventsOrig,language,LH_F4,LH_AngG,0.0,overlap_coef,all,froi
019,EventsOrig,language,LH_F4,RH_IFGorb,0.0,overlap_coef,all,froi
019,EventsOrig,language,LH_F4,RH_IFG,0.0,overlap_coef,all,froi
019,EventsOrig,language,LH_F4,RH_MFG,0.0,overlap_coef,all,froi
019,EventsOrig,language,LH_F4,RH_AntTemp,0.0,overlap_coef,all,froi
019,EventsOrig,language,LH_F4,RH_PostTemp,0.0,overlap_coef,all,froi
019,EventsOrig,language,LH_F4,RH_AngG,0.0,overlap_coef,all,froi
019,EventsOrig,language,RH_Cer2,LH_IFGorb,0.0,overlap_coef,all,froi
019,EventsOrig,language,RH_Cer2,LH_IFG,0.0,overlap_coef,all,froi
019,EventsOrig,language,RH_Cer2,LH_MFG,0.0,overlap_coef,all,froi
019,EventsOrig,language,RH_Cer2,LH_AntTemp,0.0,overlap_coef,all,froi
019,EventsOrig,language,RH_Cer2,LH_PostTemp,0.0,overlap_coef,all,froi
019,EventsOrig,language,RH_Cer2,LH_AngG,0.0,overlap_coef,all,froi
019,EventsOrig,language,RH_Cer2,RH_IFGorb,0.0,overlap_coef,all,froi
019,EventsOrig,language,RH_Cer2,RH_IFG,0.0,overlap_coef,all,froi
019,EventsOrig,language,RH_Cer2,RH_MFG,0.0,overlap_coef,all,froi
019,EventsOrig,language,RH_Cer2,RH_AntTemp,0.0,overlap_coef,all,froi
019,EventsOrig,language,RH_Cer2,RH_PostTemp,0.0,overlap_coef,all,froi
019,EventsOrig,language,RH_Cer2,RH_AngG,0.0,overlap_coef,all,froi
019,EventsOrig,language,LH_F3,LH_IFGorb,0.0,overlap_coef,all,froi
019,EventsOrig,language,LH_F3,LH_IFG,0.0,overlap_coef,all,froi
019,EventsOrig,language,LH_F3,LH_MFG,0.0,overlap_coef,all,froi
019,EventsOrig,language,LH_F3,LH_AntTemp,0.0,overlap_coef,all,froi
019,EventsOrig,language,LH_F3,LH_PostTemp,0.0,overlap_coef,all,froi
019,EventsOrig,language,LH_F3,LH_AngG,0.0,overlap_coef,all,froi
019,EventsOrig,language,LH_F3,RH_IFGorb,0.0,overlap_coef,all,froi
019,EventsOrig,language,LH_F3,RH_IFG,0.0,overlap_coef,all,froi
019,EventsOrig,language,LH_F3,RH_MFG,0.0,overlap_coef,all,froi
019,EventsOrig,language,LH_F3,RH_AntTemp,0.0,overlap_coef,all,froi
019,EventsOrig,language,LH_F3,RH_PostTemp,0.0,overlap_coef,all,froi
019,EventsOrig,language,LH_F3,RH_AngG,0.0,overlap_coef,all,froi
019,EventsOrig,language,RH_O2,LH_IFGorb,0.0,overlap_coef,all,froi
019,EventsOrig,language,RH_O2,LH_IFG,0.0,overlap_coef,all,froi
019,EventsOrig,language,RH_O2,LH_MFG,0.0,overlap_coef,all,froi
019,EventsOrig,language,RH_O2,LH_AntTemp,0.0,overlap_coef,all,froi
019,EventsOrig,language,RH_O2,LH_PostTemp,0.0,overlap_coef,all,froi
019,EventsOrig,language,RH_O2,LH_AngG,0.0,overlap_coef,all,froi
019,EventsOrig,language,RH_O2,RH_IFGorb,0.0,overlap_coef,all,froi
019,EventsOrig,language,RH_O2,RH_IFG,0.0,overlap_coef,all,froi
019,EventsOrig,language,RH_O2,RH_MFG,0.0,overlap_coef,all,froi
019,EventsOrig,language,RH_O2,RH_AntTemp,0.0,overlap_coef,all,froi
019,EventsOrig,language,RH_O2,RH_PostTemp,0.0,overlap_coef,all,froi
019,EventsOrig,language,RH_O2,RH_AngG,0.0,overlap_coef,all,froi
019,EventsOrig,language,LH_F5,LH_IFGorb,0.0,overlap_coef,all,froi
019,EventsOrig,language,LH_F5,LH_IFG,0.0,overlap_coef,all,froi
019,EventsOrig,language,LH_F5,LH_MFG,0.0,overlap_coef,all,froi
019,EventsOrig,language,LH_F5,LH_AntTemp,0.0,overlap_coef,all,froi
019,EventsOrig,language,LH_F5,LH_PostTemp,0.0,overlap_coef,all,froi
019,EventsOrig,language,LH_F5,LH_AngG,0.0,overlap_coef,all,froi
019,EventsOrig,language,LH_F5,RH_IFGorb,0.0,overlap_coef,all,froi
019,EventsOrig,language,LH_F5,RH_IFG,0.0,overlap_coef,all,froi
019,EventsOrig,language,LH_F5,RH_MFG,0.0,overlap_coef,all,froi
019,EventsOrig,language,LH_F5,RH_AntTemp,0.0,overlap_coef,all,froi
019,EventsOrig,language,LH_F5,RH_PostTemp,0.0,overlap_coef,all,froi
019,EventsOrig,language,LH_F5,RH_AngG,0.0,overlap_coef,all,froi
019,EventsOrig,language,LH_MID2,LH_IFGorb,0.0,overlap_coef,all,froi
019,EventsOrig,language,LH_MID2,LH_IFG,0.0,overlap_coef,all,froi
019,EventsOrig,language,LH_MID2,LH_MFG,0.0,overlap_coef,all,froi
019,EventsOrig,language,LH_MID2,LH_AntTemp,0.0,overlap_coef,all,froi
019,EventsOrig,language,LH_MID2,LH_PostTemp,0.0,overlap_coef,all,froi
019,EventsOrig,language,LH_MID2,LH_AngG,0.0,overlap_coef,all,froi
019,EventsOrig,language,LH_MID2,RH_IFGorb,0.0,overlap_coef,all,froi
019,EventsOrig,language,LH_MID2,RH_IFG,0.0,overlap_coef,all,froi
019,EventsOrig,language,LH_MID2,RH_MFG,0.0,overlap_coef,all,froi
019,EventsOrig,language,LH_MID2,RH_AntTemp,0.0,overlap_coef,all,froi
019,EventsOrig,language,LH_MID2,RH_PostTemp,0.0,overlap_coef,all,froi
019,EventsOrig,language,LH_MID2,RH_AngG,0.0,overlap_coef,all,froi
019,EventsOrig,language,MID1_LH,LH_IFGorb,0.0,overlap_coef,all,froi
019,EventsOrig,language,MID1_LH,LH_IFG,0.0,overlap_coef,all,froi
019,EventsOrig,language,MID1_LH,LH_MFG,0.0,overlap_coef,all,froi
019,EventsOrig,language,MID1_LH,LH_AntTemp,0.0,overlap_coef,all,froi
019,EventsOrig,language,MID1_LH,LH_PostTemp,0.0,overlap_coef,all,froi
019,EventsOrig,language,MID1_LH,LH_AngG,0.0,overlap_coef,all,froi
019,EventsOrig,language,MID1_LH,RH_IFGorb,0.0,overlap_coef,all,froi
019,EventsOrig,language,MID1_LH,RH_IFG,0.0,overlap_coef,all,froi
019,EventsOrig,language,MID1_LH,RH_MFG,0.0,overlap_coef,all,froi
019,EventsOrig,language,MID1_LH,RH_AntTemp,0.0,overlap_coef,all,froi
019,EventsOrig,language,MID1_LH,RH_PostTemp,0.0,overlap_coef,all,froi
019,EventsOrig,language,MID1_LH,RH_AngG,0.0,overlap_coef,all,froi
019,EventsOrig,language,MID1_RH,LH_IFGorb,0.0,overlap_coef,all,froi
019,EventsOrig,language,MID1_RH,LH_IFG,0.0,overlap_coef,all,froi
019,EventsOrig,language,MID1_RH,LH_MFG,0.0,overlap_coef,all,froi
019,EventsOrig,language,MID1_RH,LH_AntTemp,0.0,overlap_coef,all,froi
019,EventsOrig,language,MID1_RH,LH_PostTemp,0.0,overlap_coef,all,froi
019,EventsOrig,language,MID1_RH,LH_AngG,0.0,overlap_coef,all,froi
019,EventsOrig,language,MID1_RH,RH_IFGorb,0.0,overlap_coef,all,froi
019,EventsOrig,language,MID1_RH,RH_IFG,0.0,overlap_coef,all,froi
019,EventsOrig,language,MID1_RH,RH_MFG,0.0,overlap_coef,all,froi
019,EventsOrig,language,MID1_RH,RH_AntTemp,0.0,overlap_coef,all,froi
019,EventsOrig,language,MID1_RH,RH_PostTemp,0.0,overlap_coef,all,froi
019,EventsOrig,language,MID1_RH,RH_AngG,0.0,overlap_coef,all,froi
059,EventsOrig,language,LH_F2,LH_IFGorb,0.0,overlap_coef,all,froi
059,EventsOrig,language,LH_F2,LH_IFG,0.06578947368421052,overlap_coef,all,froi
059,EventsOrig,language,LH_F2,LH_MFG,0.0,overlap_coef,all,froi
059,EventsOrig,language,LH_F2,LH_AntTemp,0.0,overlap_coef,all,froi
059,EventsOrig,language,LH_F2,LH_PostTemp,0.0,overlap_coef,all,froi
059,EventsOrig,language,LH_F2,LH_AngG,0.0,overlap_coef,all,froi
059,EventsOrig,language,LH_F2,RH_IFGorb,0.0,overlap_coef,all,froi
059,EventsOrig,language,LH_F2,RH_IFG,0.0,overlap_coef,all,froi
059,EventsOrig,language,LH_F2,RH_MFG,0.0,overlap_coef,all,froi
059,EventsOrig,language,LH_F2,RH_AntTemp,0.0,overlap_coef,all,froi
059,EventsOrig,language,LH_F2,RH_PostTemp,0.0,overlap_coef,all,froi
059,EventsOrig,language,LH_F2,RH_AngG,0.0,overlap_coef,all,froi
059,EventsOrig,language,LH_F1,LH_IFGorb,0.3783783783783784,overlap_coef,all,froi
059,EventsOrig,language,LH_F1,LH_IFG,0.0,overlap_coef,all,froi
059,EventsOrig,language,LH_F1,LH_MFG,0.0,overlap_coef,all,froi
059,EventsOrig,language,LH_F1,LH_AntTemp,0.0,overlap_coef,all,froi
059,EventsOrig,language,LH_F1,LH_PostTemp,0.0,overlap_coef,all,froi
059,EventsOrig,language,LH_F1,LH_AngG,0.0,overlap_coef,all,froi
059,EventsOrig,language,LH_F1,RH_IFGorb,0.0,overlap_coef,all,froi
059,EventsOrig,language,LH_F1,RH_IFG,0.0,overlap_coef,all,froi
059,EventsOrig,language,LH_F1,RH_MFG,0.0,overlap_coef,all,froi
059,EventsOrig,language,LH_F1,RH_AntTemp,0.0,overlap_coef,all,froi
059,EventsOrig,language,LH_F1,RH_PostTemp,0.0,overlap_coef,all,froi
059,EventsOrig,language,LH_F1,RH_AngG,0.0,overlap_coef,all,froi
059,EventsOrig,language,LH_TP2,LH_IFGorb,0.0,overlap_coef,all,froi
059,EventsOrig,language,LH_TP2,LH_IFG,0.0,overlap_coef,all,froi
059,EventsOrig,language,LH_TP2,LH_MFG,0.0,overlap_coef,all,froi
059,EventsOrig,language,LH_TP2,LH_AntTemp,0.0,overlap_coef,all,froi
059,EventsOrig,language,LH_TP2,LH_PostTemp,0.046511627906976744,overlap_coef,all,froi
059,EventsOrig,language,LH_TP2,LH_AngG,0.0,overlap_coef,all,froi
059,EventsOrig,language,LH_TP2,RH_IFGorb,0.0,overlap_coef,all,froi
059,EventsOrig,language,LH_TP2,RH_IFG,0.0,overlap_coef,all,froi
059,EventsOrig,language,LH_TP2,RH_MFG,0.0,overlap_coef,all,froi
059,EventsOrig,language,LH_TP2,RH_AntTemp,0.0,overlap_coef,all,froi
059,EventsOrig,language,LH_TP2,RH_PostTemp,0.0,overlap_coef,all,froi
059,EventsOrig,language,LH_TP2,RH_AngG,0.0,overlap_coef,all,froi
059,EventsOrig,language,LH_TP3,LH_IFGorb,0.0,overlap_coef,all,froi
059,EventsOrig,language,LH_TP3,LH_IFG,0.0,overlap_coef,all,froi
059,EventsOrig,language,LH_TP3,LH_MFG,0.0,overlap_coef,all,froi
059,EventsOrig,language,LH_TP3,LH_AntTemp,0.0,overlap_coef,all,froi
059,EventsOrig,language,LH_TP3,LH_PostTemp,0.08,overlap_coef,all,froi
059,EventsOrig,language,LH_TP3,LH_AngG,0.2972972972972973,overlap_coef,all,froi
059,EventsOrig,language,LH_TP3,RH_IFGorb,0.0,overlap_coef,all,froi
059,EventsOrig,language,LH_TP3,RH_IFG,0.0,overlap_coef,all,froi
059,EventsOrig,language,LH_TP3,RH_MFG,0.0,overlap_coef,all,froi
059,EventsOrig,language,LH_TP3,RH_AntTemp,0.0,overlap_coef,all,froi
059,EventsOrig,language,LH_TP3,RH_PostTemp,0.0,overlap_coef,all,froi
059,EventsOrig,language,LH_TP3,RH_AngG,0.0,overlap_coef,all,froi
059,EventsOrig,language,LH_TP1,LH_IFGorb,0.0,overlap_coef,all,froi
059,EventsOrig,language,LH_TP1,LH_IFG,0.0,overlap_coef,all,froi
059,EventsOrig,language,LH_TP1,LH_MFG,0.0,overlap_coef,all,froi
059,EventsOrig,language,LH_TP1,LH_AntTemp,0.0,overlap_coef,all,froi
059,EventsOrig,language,LH_TP1,LH_PostTemp,0.0,overlap_coef,all,froi
059,EventsOrig,language,LH_TP1,LH_AngG,0.0,overlap_coef,all,froi
059,EventsOrig,language,LH_TP1,RH_IFGorb,0.0,overlap_coef,all,froi
059,EventsOrig,language,LH_TP1,RH_IFG,0.0,overlap_coef,all,froi
059,EventsOrig,language,LH_TP1,RH_MFG,0.0,overlap_coef,all,froi
059,EventsOrig,language,LH_TP1,RH_AntTemp,0.0,overlap_coef,all,froi
059,EventsOrig,language,LH_TP1,RH_PostTemp,0.0,overlap_coef,all,froi
059,EventsOrig,language,LH_TP1,RH_AngG,0.0,overlap_coef,all,froi
059,EventsOrig,language,LH_TP4,LH_IFGorb,0.0,overlap_coef,all,froi
059,EventsOrig,language,LH_TP4,LH_IFG,0.0,overlap_coef,all,froi
059,EventsOrig,language,LH_TP4,LH_MFG,0.0,overlap_coef,all,froi
059,EventsOrig,language,LH_TP4,LH_AntTemp,0.0,overlap_coef,all,froi
059,EventsOrig,language,LH_TP4,LH_PostTemp,0.0,overlap_coef,all,froi
059,EventsOrig,language,LH_TP4,LH_AngG,0.0,overlap_coef,all,froi
059,EventsOrig,language,LH_TP4,RH_IFGorb,0.0,overlap_coef,all,froi
059,EventsOrig,language,LH_TP4,RH_IFG,0.0,overlap_coef,all,froi
059,EventsOrig,language,LH_TP4,RH_MFG,0.0,overlap_coef,all,froi
059,EventsOrig,language,LH_TP4,RH_AntTemp,0.0,overlap_coef,all,froi
059,EventsOrig,language,LH_TP4,RH_PostTemp,0.0,overlap_coef,all,froi
059,EventsOrig,language,LH_TP4,RH_AngG,0.0,overlap_coef,all,froi
059,EventsOrig,language,LH_O1,LH_IFGorb,0.0,overlap_coef,all,froi
059,EventsOrig,language,LH_O1,LH_IFG,0.0,overlap_coef,all,froi
059,EventsOrig,language,LH_O1,LH_MFG,0.0,overlap_coef,all,froi
059,EventsOrig,language,LH_O1,LH_AntTemp,0.0,overlap_coef,all,froi
059,EventsOrig,language,LH_O1,LH_PostTemp,0.0,overlap_coef,all,froi
059,EventsOrig,language,LH_O1,LH_AngG,0.0,overlap_coef,all,froi
059,EventsOrig,language,LH_O1,RH_IFGorb,0.0,overlap_coef,all,froi
059,EventsOrig,language,LH_O1,RH_IFG,0.0,overlap_coef,all,froi
059,EventsOrig,language,LH_O1,RH_MFG,0.0,overlap_coef,all,froi
059,EventsOrig,language,LH_O1,RH_AntTemp,0.0,overlap_coef,all,froi
059,EventsOrig,language,LH_O1,RH_PostTemp,0.0,overlap_coef,all,froi
059,EventsOrig,language,LH_O1,RH_AngG,0.0,overlap_coef,all,froi
059,EventsOrig,language,RH_Cer1,LH_IFGorb,0.0,overlap_coef,all,froi
059,EventsOrig,language,RH_Cer1,LH_IFG,0.0,overlap_coef,all,froi
059,EventsOrig,language,RH_Cer1,LH_MFG,0.0,overlap_coef,all,froi
059,EventsOrig,language,RH_Cer1,LH_AntTemp,0.0,overlap_coef,all,froi
059,EventsOrig,language,RH_Cer1,LH_PostTemp,0.0,overlap_coef,all,froi
059,EventsOrig,language,RH_Cer1,LH_AngG,0.0,overlap_coef,all,froi
059,EventsOrig,language,RH_Cer1,RH_IFGorb,0.0,overlap_coef,all,froi
059,EventsOrig,language,RH_Cer1,RH_IFG,0.0,overlap_coef,all,froi
059,EventsOrig,language,RH_Cer1,RH_MFG,0.0,overlap_coef,all,froi
059,EventsOrig,language,RH_Cer1,RH_AntTemp,0.0,overlap_coef,all,froi
059,EventsOrig,language,RH_Cer1,RH_PostTemp,0.0,overlap_coef,all,froi
059,EventsOrig,language,RH_Cer1,RH_AngG,0.0,overlap_coef,all,froi
059,EventsOrig,language,LH_MID_O3,LH_IFGorb,0.0,overlap_coef,all,froi
059,EventsOrig,language,LH_MID_O3,LH_IFG,0.0,overlap_coef,all,froi
059,EventsOrig,language,LH_MID_O3,LH_MFG,0.0,overlap_coef,all,froi
059,EventsOrig,language,LH_MID_O3,LH_AntTemp,0.0,overlap_coef,all,froi
059,EventsOrig,language,LH_MID_O3,LH_PostTemp,0.0,overlap_coef,all,froi
059,EventsOrig,language,LH_MID_O3,LH_AngG,0.0,overlap_coef,all,froi
059,EventsOrig,language,LH_MID_O3,RH_IFGorb,0.0,overlap_coef,all,froi
059,EventsOrig,language,LH_MID_O3,RH_IFG,0.0,overlap_coef,all,froi
059,EventsOrig,language,LH_MID_O3,RH_MFG,0.0,overlap_coef,all,froi
059,EventsOrig,language,LH_MID_O3,RH_AntTemp,0.0,overlap_coef,all,froi
059,EventsOrig,language,LH_MID_O3,RH_PostTemp,0.0,overlap_coef,all,froi
059,EventsOrig,language,LH_MID_O3,RH_AngG,0.0,overlap_coef,all,froi
059,EventsOrig,language,LH_MID3,LH_IFGorb,0.0,overlap_coef,all,froi
059,EventsOrig,language,LH_MID3,LH_IFG,0.0,overlap_coef,all,froi
059,EventsOrig,language,LH_MID3,LH_MFG,0.0,overlap_coef,all,froi
059,EventsOrig,language,LH_MID3,LH_AntTemp,0.0,overlap_coef,all,froi
059,EventsOrig,language,LH_MID3,LH_PostTemp,0.0,overlap_coef,all,froi
059,EventsOrig,language,LH_MID3,LH_AngG,0.0,overlap_coef,all,froi
059,EventsOrig,language,LH_MID3,RH_IFGorb,0.0,overlap_coef,all,froi
059,EventsOrig,language,LH_MID3,RH_IFG,0.0,overlap_coef,all,froi
059,EventsOrig,language,LH_MID3,RH_MFG,0.0,overlap_coef,all,froi
059,EventsOrig,language,LH_MID3,RH_AntTemp,0.0,overlap_coef,all,froi
059,EventsOrig,language,LH_MID3,RH_PostTemp,0.0,overlap_coef,all,froi
059,EventsOrig,language,LH_MID3,RH_AngG,0.0,overlap_coef,all,froi
059,EventsOrig,language,RH_MID_O4,LH_IFGorb,0.0,overlap_coef,all,froi
059,EventsOrig,language,RH_MID_O4,LH_IFG,0.0,overlap_coef,all,froi
059,EventsOrig,language,RH_MID_O4,LH_MFG,0.0,overlap_coef,all,froi
059,EventsOrig,language,RH_MID_O4,LH_AntTemp,0.0,overlap_coef,all,froi
059,EventsOrig,language,RH_MID_O4,LH_PostTemp,0.0,overlap_coef,all,froi
059,EventsOrig,language,RH_MID_O4,LH_AngG,0.0,overlap_coef,all,froi
059,EventsOrig,language,RH_MID_O4,RH_IFGorb,0.0,overlap_coef,all,froi
059,EventsOrig,language,RH_MID_O4,RH_IFG,0.0,overlap_coef,all,froi
059,EventsOrig,language,RH_MID_O4,RH_MFG,0.0,overlap_coef,all,froi
059,EventsOrig,language,RH_MID_O4,RH_AntTemp,0.0,overlap_coef,all,froi
059,EventsOrig,language,RH_MID_O4,RH_PostTemp,0.0,overlap_coef,all,froi
059,EventsOrig,language,RH_MID_O4,RH_AngG,0.0,overlap_coef,all,froi
059,EventsOrig,language,LH_F4,LH_IFGorb,0.0,overlap_coef,all,froi
059,EventsOrig,language,LH_F4,LH_IFG,0.0,overlap_coef,all,froi
059,EventsOrig,language,LH_F4,LH_MFG,0.0,overlap_coef,all,froi
059,EventsOrig,language,LH_F4,LH_AntTemp,0.0,overlap_coef,all,froi
059,EventsOrig,language,LH_F4,LH_PostTemp,0.0,overlap_coef,all,froi
059,EventsOrig,language,LH_F4,LH_AngG,0.0,overlap_coef,all,froi
059,EventsOrig,language,LH_F4,RH_IFGorb,0.0,overlap_coef,all,froi
059,EventsOrig,language,LH_F4,RH_IFG,0.0,overlap_coef,all,froi
059,EventsOrig,language,LH_F4,RH_MFG,0.0,overlap_coef,all,froi
059,EventsOrig,language,LH_F4,RH_AntTemp,0.0,overlap_coef,all,froi
059,EventsOrig,language,LH_F4,RH_PostTemp,0.0,overlap_coef,all,froi
059,EventsOrig,language,LH_F4,RH_AngG,0.0,overlap_coef,all,froi
059,EventsOrig,language,RH_Cer2,LH_IFGorb,0.0,overlap_coef,all,froi
059,EventsOrig,language,RH_Cer2,LH_IFG,0.0,overlap_coef,all,froi
059,EventsOrig,language,RH_Cer2,LH_MFG,0.0,overlap_coef,all,froi
059,EventsOrig,language,RH_Cer2,LH_AntTemp,0.0,overlap_coef,all,froi
059,EventsOrig,language,RH_Cer2,LH_PostTemp,0.0,overlap_coef,all,froi
059,EventsOrig,language,RH_Cer2,LH_AngG,0.0,overlap_coef,all,froi
059,EventsOrig,language,RH_Cer2,RH_IFGorb,0.0,overlap_coef,all,froi
059,EventsOrig,language,RH_Cer2,RH_IFG,0.0,overlap_coef,all,froi
059,EventsOrig,language,RH_Cer2,RH_MFG,0.0,overlap_coef,all,froi
059,EventsOrig,language,RH_Cer2,RH_AntTemp,0.0,overlap_coef,all,froi
059,EventsOrig,language,RH_Cer2,RH_PostTemp,0.0,overlap_coef,all,froi
059,EventsOrig,language,RH_Cer2,RH_AngG,0.0,overlap_coef,all,froi
059,EventsOrig,language,LH_F3,LH_IFGorb,0.0,overlap_coef,all,froi
059,EventsOrig,language,LH_F3,LH_IFG,0.0,overlap_coef,all,froi
059,EventsOrig,language,LH_F3,LH_MFG,0.0,overlap_coef,all,froi
059,EventsOrig,language,LH_F3,LH_AntTemp,0.0,overlap_coef,all,froi
059,EventsOrig,language,LH_F3,LH_PostTemp,0.0,overlap_coef,all,froi
059,EventsOrig,language,LH_F3,LH_AngG,0.0,overlap_coef,all,froi
059,EventsOrig,language,LH_F3,RH_IFGorb,0.0,overlap_coef,all,froi
059,EventsOrig,language,LH_F3,RH_IFG,0.0,overlap_coef,all,froi
059,EventsOrig,language,LH_F3,RH_MFG,0.0,overlap_coef,all,froi
059,EventsOrig,language,LH_F3,RH_AntTemp,0.0,overlap_coef,all,froi
059,EventsOrig,language,LH_F3,RH_PostTemp,0.0,overlap_coef,all,froi
059,EventsOrig,language,LH_F3,RH_AngG,0.0,overlap_coef,all,froi
059,EventsOrig,language,RH_O2,LH_IFGorb,0.0,overlap_coef,all,froi
059,EventsOrig,language,RH_O2,LH_IFG,0.0,overlap_coef,all,froi
059,EventsOrig,language,RH_O2,LH_MFG,0.0,overlap_coef,all,froi
059,EventsOrig,language,RH_O2,LH_AntTemp,0.0,overlap_coef,all,froi
059,EventsOrig,language,RH_O2,LH_PostTemp,0.0,overlap_coef,all,froi
059,EventsOrig,language,RH_O2,LH_AngG,0.0,overlap_coef,all,froi
059,EventsOrig,language,RH_O2,RH_IFGorb,0.0,overlap_coef,all,froi
059,EventsOrig,language,RH_O2,RH_IFG,0.0,overlap_coef,all,froi
059,EventsOrig,language,RH_O2,RH_MFG,0.0,overlap_coef,all,froi
059,EventsOrig,language,RH_O2,RH_AntTemp,0.0,overlap_coef,all,froi
059,EventsOrig,language,RH_O2,RH_PostTemp,0.0,overlap_coef,all,froi
059,EventsOrig,language,RH_O2,RH_AngG,0.0,overlap_coef,all,froi
059,EventsOrig,language,LH_F5,LH_IFGorb,0.0,overlap_coef,all,froi
059,EventsOrig,language,LH_F5,LH_IFG,0.0,overlap_coef,all,froi
059,EventsOrig,language,LH_F5,LH_MFG,0.0,overlap_coef,all,froi
059,EventsOrig,language,LH_F5,LH_AntTemp,0.0,overlap_coef,all,froi
059,EventsOrig,language,LH_F5,LH_PostTemp,0.0,overlap_coef,all,froi
059,EventsOrig,language,LH_F5,LH_AngG,0.0,overlap_coef,all,froi
059,EventsOrig,language,LH_F5,RH_IFGorb,0.0,overlap_coef,all,froi
059,EventsOrig,language,LH_F5,RH_IFG,0.0,overlap_coef,all,froi
059,EventsOrig,language,LH_F5,RH_MFG,0.0,overlap_coef,all,froi
059,EventsOrig,language,LH_F5,RH_AntTemp,0.0,overlap_coef,all,froi
059,EventsOrig,language,LH_F5,RH_PostTemp,0.0,overlap_coef,all,froi
059,EventsOrig,language,LH_F5,RH_AngG,0.0,overlap_coef,all,froi
059,EventsOrig,language,LH_MID2,LH_IFGorb,0.0,overlap_coef,all,froi
059,EventsOrig,language,LH_MID2,LH_IFG,0.0,overlap_coef,all,froi
059,EventsOrig,language,LH_MID2,LH_MFG,0.0,overlap_coef,all,froi
059,EventsOrig,language,LH_MID2,LH_AntTemp,0.0,overlap_coef,all,froi
059,EventsOrig,language,LH_MID2,LH_PostTemp,0.0,overlap_coef,all,froi
059,EventsOrig,language,LH_MID2,LH_AngG,0.0,overlap_coef,all,froi
059,EventsOrig,language,LH_MID2,RH_IFGorb,0.0,overlap_coef,all,froi
059,EventsOrig,language,LH_MID2,RH_IFG,0.0,overlap_coef,all,froi
059,EventsOrig,language,LH_MID2,RH_MFG,0.0,overlap_coef,all,froi
059,EventsOrig,language,LH_MID2,RH_AntTemp,0.0,overlap_coef,all,froi
059,EventsOrig,language,LH_MID2,RH_PostTemp,0.0,overlap_coef,all,froi
059,EventsOrig,language,LH_MID2,RH_AngG,0.0,overlap_coef,all,froi
059,EventsOrig,language,MID1_LH,LH_IFGorb,0.0,overlap_coef,all,froi
059,EventsOrig,language,MID1_LH,LH_IFG,0.0,overlap_coef,all,froi
059,EventsOrig,language,MID1_LH,LH_MFG,0.0,overlap_coef,all,froi
059,EventsOrig,language,MID1_LH,LH_AntTemp,0.0,overlap_coef,all,froi
059,EventsOrig,language,MID1_LH,LH_PostTemp,0.0,overlap_coef,all,froi
059,EventsOrig,language,MID1_LH,LH_AngG,0.0,overlap_coef,all,froi
059,EventsOrig,language,MID1_LH,RH_IFGorb,0.0,overlap_coef,all,froi
059,EventsOrig,language,MID1_LH,RH_IFG,0.0,overlap_coef,all,froi
059,EventsOrig,language,MID1_LH,RH_MFG,0.0,overlap_coef,all,froi
059,EventsOrig,language,MID1_LH,RH_AntTemp,0.0,overlap_coef,all,froi
059,EventsOrig,language,MID1_LH,RH_PostTemp,0.0,overlap_coef,all,froi
059,EventsOrig,language,MID1_LH,RH_AngG,0.0,overlap_coef,all,froi
059,EventsOrig,language,MID1_RH,LH_IFGorb,0.0,overlap_coef,all,froi
059,EventsOrig,language,MID1_RH,LH_IFG,0.0,overlap_coef,all,froi
059,EventsOrig,language,MID1_RH,LH_MFG,0.0,overlap_coef,all,froi
059,EventsOrig,language,MID1_RH,LH_AntTemp,0.0,overlap_coef,all,froi
059,EventsOrig,language,MID1_RH,LH_PostTemp,0.0,overlap_coef,all,froi
059,EventsOrig,language,MID1_RH,LH_AngG,0.0,overlap_coef,all,froi
059,EventsOrig,language,MID1_RH,RH_IFGorb,0.0,overlap_coef,all,froi
059,EventsOrig,language,MID1_RH,RH_IFG,0.0,overlap_coef,all,froi
059,EventsOrig,language,MID1_RH,RH_MFG,0.0,overlap_coef,all,froi
059,EventsOrig,language,MID1_RH,RH_AntTemp,0.0,overlap_coef,all,froi
059,EventsOrig,language,MID1_RH,RH_PostTemp,0.0,overlap_coef,all,froi
059,EventsOrig,language,MID1_RH,RH_AngG,0.0,overlap_coef,all,froi
056,EventsOrig,language,LH_F2,LH_IFGorb,0.0,overlap_coef,all,froi
056,EventsOrig,language,LH_F2,LH_IFG,0.3815789473684211,overlap_coef,all,froi
056,EventsOrig,language,LH_F2,LH_MFG,0.0,overlap_coef,all,froi
056,EventsOrig,language,LH_F2,LH_AntTemp,0.0,overlap_coef,all,froi
056,EventsOrig,language,LH_F2,LH_PostTemp,0.0,overlap_coef,all,froi
056,EventsOrig,language,LH_F2,LH_AngG,0.0,overlap_coef,all,froi
056,EventsOrig,language,LH_F2,RH_IFGorb,0.0,overlap_coef,all,froi
056,EventsOrig,language,LH_F2,RH_IFG,0.0,overlap_coef,all,froi
056,EventsOrig,language,LH_F2,RH_MFG,0.0,overlap_coef,all,froi
056,EventsOrig,language,LH_F2,RH_AntTemp,0.0,overlap_coef,all,froi
056,EventsOrig,language,LH_F2,RH_PostTemp,0.0,overlap_coef,all,froi
056,EventsOrig,language,LH_F2,RH_AngG,0.0,overlap_coef,all,froi
056,EventsOrig,language,LH_F1,LH_IFGorb,0.2972972972972973,overlap_coef,all,froi
056,EventsOrig,language,LH_F1,LH_IFG,0.0,overlap_coef,all,froi
056,EventsOrig,language,LH_F1,LH_MFG,0.0,overlap_coef,all,froi
056,EventsOrig,language,LH_F1,LH_AntTemp,0.0,overlap_coef,all,froi
056,EventsOrig,language,LH_F1,LH_PostTemp,0.0,overlap_coef,all,froi
056,EventsOrig,language,LH_F1,LH_AngG,0.0,overlap_coef,all,froi
056,EventsOrig,language,LH_F1,RH_IFGorb,0.0,overlap_coef,all,froi
056,EventsOrig,language,LH_F1,RH_IFG,0.0,overlap_coef,all,froi
056,EventsOrig,language,LH_F1,RH_MFG,0.0,overlap_coef,all,froi
056,EventsOrig,language,LH_F1,RH_AntTemp,0.0,overlap_coef,all,froi
056,EventsOrig,language,LH_F1,RH_PostTemp,0.0,overlap_coef,all,froi
056,EventsOrig,language,LH_F1,RH_AngG,0.0,overlap_coef,all,froi
056,EventsOrig,language,LH_TP2,LH_IFGorb,0.0,overlap_coef,all,froi
056,EventsOrig,language,LH_TP2,LH_IFG,0.0,overlap_coef,all,froi
056,EventsOrig,language,LH_TP2,LH_MFG,0.0,overlap_coef,all,froi
056,EventsOrig,language,LH_TP2,LH_AntTemp,0.0,overlap_coef,all,froi
056,EventsOrig,language,LH_TP2,LH_PostTemp,0.22093023255813954,overlap_coef,all,froi
056,EventsOrig,language,LH_TP2,LH_AngG,0.0,overlap_coef,all,froi
056,EventsOrig,language,LH_TP2,RH_IFGorb,0.0,overlap_coef,all,froi
056,EventsOrig,language,LH_TP2,RH_IFG,0.0,overlap_coef,all,froi
056,EventsOrig,language,LH_TP2,RH_MFG,0.0,overlap_coef,all,froi
056,EventsOrig,language,LH_TP2,RH_AntTemp,0.0,overlap_coef,all,froi
056,EventsOrig,language,LH_TP2,RH_PostTemp,0.0,overlap_coef,all,froi
056,EventsOrig,language,LH_TP2,RH_AngG,0.0,overlap_coef,all,froi
056,EventsOrig,language,LH_TP3,LH_IFGorb,0.0,overlap_coef,all,froi
056,EventsOrig,language,LH_TP3,LH_IFG,0.0,overlap_coef,all,froi
056,EventsOrig,language,LH_TP3,LH_MFG,0.0,overlap_coef,all,froi
056,EventsOrig,language,LH_TP3,LH_AntTemp,0.0,overlap_coef,all,froi
056,EventsOrig,language,LH_TP3,LH_PostTemp,0.1111111111111111,overlap_coef,all,froi
056,EventsOrig,language,LH_TP3,LH_AngG,0.40540540540540543,overlap_coef,all,froi
056,EventsOrig,language,LH_TP3,RH_IFGorb,0.0,overlap_coef,all,froi
056,EventsOrig,language,LH_TP3,RH_IFG,0.0,overlap_coef,all,froi
056,EventsOrig,language,LH_TP3,RH_MFG,0.0,overlap_coef,all,froi
056,EventsOrig,language,LH_TP3,RH_AntTemp,0.0,overlap_coef,all,froi
056,EventsOrig,language,LH_TP3,RH_PostTemp,0.0,overlap_coef,all,froi
056,EventsOrig,language,LH_TP3,RH_AngG,0.0,overlap_coef,all,froi
056,EventsOrig,language,LH_TP1,LH_IFGorb,0.0,overlap_coef,all,froi
056,EventsOrig,language,LH_TP1,LH_IFG,0.0,overlap_coef,all,froi
056,EventsOrig,language,LH_TP1,LH_MFG,0.0,overlap_coef,all,froi
056,EventsOrig,language,LH_TP1,LH_AntTemp,0.0,overlap_coef,all,froi
056,EventsOrig,language,LH_TP1,LH_PostTemp,0.0,overlap_coef,all,froi
056,EventsOrig,language,LH_TP1,LH_AngG,0.0,overlap_coef,all,froi
056,EventsOrig,language,LH_TP1,RH_IFGorb,0.0,overlap_coef,all,froi
056,EventsOrig,language,LH_TP1,RH_IFG,0.0,overlap_coef,all,froi
056,EventsOrig,language,LH_TP1,RH_MFG,0.0,overlap_coef,all,froi
056,EventsOrig,language,LH_TP1,RH_AntTemp,0.0,overlap_coef,all,froi
056,EventsOrig,language,LH_TP1,RH_PostTemp,0.0,overlap_coef,all,froi
056,EventsOrig,language,LH_TP1,RH_AngG,0.0,overlap_coef,all,froi
056,EventsOrig,language,LH_TP4,LH_IFGorb,0.0,overlap_coef,all,froi
056,EventsOrig,language,LH_TP4,LH_IFG,0.0,overlap_coef,all,froi
056,EventsOrig,language,LH_TP4,LH_MFG,0.0,overlap_coef,all,froi
056,EventsOrig,language,LH_TP4,LH_AntTemp,0.0,overlap_coef,all,froi
056,EventsOrig,language,LH_TP4,LH_PostTemp,0.0,overlap_coef,all,froi
056,EventsOrig,language,LH_TP4,LH_AngG,0.0,overlap_coef,all,froi
056,EventsOrig,language,LH_TP4,RH_IFGorb,0.0,overlap_coef,all,froi
056,EventsOrig,language,LH_TP4,RH_IFG,0.0,overlap_coef,all,froi
056,EventsOrig,language,LH_TP4,RH_MFG,0.0,overlap_coef,all,froi
056,EventsOrig,language,LH_TP4,RH_AntTemp,0.0,overlap_coef,all,froi
056,EventsOrig,language,LH_TP4,RH_PostTemp,0.0,overlap_coef,all,froi
056,EventsOrig,language,LH_TP4,RH_AngG,0.0,overlap_coef,all,froi
056,EventsOrig,language,LH_O1,LH_IFGorb,0.0,overlap_coef,all,froi
056,EventsOrig,language,LH_O1,LH_IFG,0.0,overlap_coef,all,froi
056,EventsOrig,language,LH_O1,LH_MFG,0.0,overlap_coef,all,froi
056,EventsOrig,language,LH_O1,LH_AntTemp,0.0,overlap_coef,all,froi
056,EventsOrig,language,LH_O1,LH_PostTemp,0.0,overlap_coef,all,froi
056,EventsOrig,language,LH_O1,LH_AngG,0.0,overlap_coef,all,froi
056,EventsOrig,language,LH_O1,RH_IFGorb,0.0,overlap_coef,all,froi
056,EventsOrig,language,LH_O1,RH_IFG,0.0,overlap_coef,all,froi
056,EventsOrig,language,LH_O1,RH_MFG,0.0,overlap_coef,all,froi
056,EventsOrig,language,LH_O1,RH_AntTemp,0.0,overlap_coef,all,froi
056,EventsOrig,language,LH_O1,RH_PostTemp,0.0,overlap_coef,all,froi
056,EventsOrig,language,LH_O1,RH_AngG,0.0,overlap_coef,all,froi
056,EventsOrig,language,RH_Cer1,LH_IFGorb,0.0,overlap_coef,all,froi
056,EventsOrig,language,RH_Cer1,LH_IFG,0.0,overlap_coef,all,froi
056,EventsOrig,language,RH_Cer1,LH_MFG,0.0,overlap_coef,all,froi
056,EventsOrig,language,RH_Cer1,LH_AntTemp,0.0,overlap_coef,all,froi
056,EventsOrig,language,RH_Cer1,LH_PostTemp,0.0,overlap_coef,all,froi
056,EventsOrig,language,RH_Cer1,LH_AngG,0.0,overlap_coef,all,froi
056,EventsOrig,language,RH_Cer1,RH_IFGorb,0.0,overlap_coef,all,froi
056,EventsOrig,language,RH_Cer1,RH_IFG,0.0,overlap_coef,all,froi
056,EventsOrig,language,RH_Cer1,RH_MFG,0.0,overlap_coef,all,froi
056,EventsOrig,language,RH_Cer1,RH_AntTemp,0.0,overlap_coef,all,froi
056,EventsOrig,language,RH_Cer1,RH_PostTemp,0.0,overlap_coef,all,froi
056,EventsOrig,language,RH_Cer1,RH_AngG,0.0,overlap_coef,all,froi
056,EventsOrig,language,LH_MID_O3,LH_IFGorb,0.0,overlap_coef,all,froi
056,EventsOrig,language,LH_MID_O3,LH_IFG,0.0,overlap_coef,all,froi
056,EventsOrig,language,LH_MID_O3,LH_MFG,0.0,overlap_coef,all,froi
056,EventsOrig,language,LH_MID_O3,LH_AntTemp,0.0,overlap_coef,all,froi
056,EventsOrig,language,LH_MID_O3,LH_PostTemp,0.0,overlap_coef,all,froi
056,EventsOrig,language,LH_MID_O3,LH_AngG,0.0,overlap_coef,all,froi
056,EventsOrig,language,LH_MID_O3,RH_IFGorb,0.0,overlap_coef,all,froi
056,EventsOrig,language,LH_MID_O3,RH_IFG,0.0,overlap_coef,all,froi
056,EventsOrig,language,LH_MID_O3,RH_MFG,0.0,overlap_coef,all,froi
056,EventsOrig,language,LH_MID_O3,RH_AntTemp,0.0,overlap_coef,all,froi
056,EventsOrig,language,LH_MID_O3,RH_PostTemp,0.0,overlap_coef,all,froi
056,EventsOrig,language,LH_MID_O3,RH_AngG,0.0,overlap_coef,all,froi
056,EventsOrig,language,LH_MID3,LH_IFGorb,0.0,overlap_coef,all,froi
056,EventsOrig,language,LH_MID3,LH_IFG,0.0,overlap_coef,all,froi
056,EventsOrig,language,LH_MID3,LH_MFG,0.0,overlap_coef,all,froi
056,EventsOrig,language,LH_MID3,LH_AntTemp,0.0,overlap_coef,all,froi
056,EventsOrig,language,LH_MID3,LH_PostTemp,0.0,overlap_coef,all,froi
056,EventsOrig,language,LH_MID3,LH_AngG,0.0,overlap_coef,all,froi
056,EventsOrig,language,LH_MID3,RH_IFGorb,0.0,overlap_coef,all,froi
056,EventsOrig,language,LH_MID3,RH_IFG,0.0,overlap_coef,all,froi
056,EventsOrig,language,LH_MID3,RH_MFG,0.0,overlap_coef,all,froi
056,EventsOrig,language,LH_MID3,RH_AntTemp,0.0,overlap_coef,all,froi
056,EventsOrig,language,LH_MID3,RH_PostTemp,0.0,overlap_coef,all,froi
056,EventsOrig,language,LH_MID3,RH_AngG,0.0,overlap_coef,all,froi
056,EventsOrig,language,RH_MID_O4,LH_IFGorb,0.0,overlap_coef,all,froi
056,EventsOrig,language,RH_MID_O4,LH_IFG,0.0,overlap_coef,all,froi
056,EventsOrig,language,RH_MID_O4,LH_MFG,0.0,overlap_coef,all,froi
056,EventsOrig,language,RH_MID_O4,LH_AntTemp,0.0,overlap_coef,all,froi
056,EventsOrig,language,RH_MID_O4,LH_PostTemp,0.0,overlap_coef,all,froi
056,EventsOrig,language,RH_MID_O4,LH_AngG,0.0,overlap_coef,all,froi
056,EventsOrig,language,RH_MID_O4,RH_IFGorb,0.0,overlap_coef,all,froi
056,EventsOrig,language,RH_MID_O4,RH_IFG,0.0,overlap_coef,all,froi
056,EventsOrig,language,RH_MID_O4,RH_MFG,0.0,overlap_coef,all,froi
056,EventsOrig,language,RH_MID_O4,RH_AntTemp,0.0,overlap_coef,all,froi
056,EventsOrig,language,RH_MID_O4,RH_PostTemp,0.0,overlap_coef,all,froi
056,EventsOrig,language,RH_MID_O4,RH_AngG,0.0,overlap_coef,all,froi
056,EventsOrig,language,LH_F4,LH_IFGorb,0.0,overlap_coef,all,froi
056,EventsOrig,language,LH_F4,LH_IFG,0.0,overlap_coef,all,froi
056,EventsOrig,language,LH_F4,LH_MFG,0.12,overlap_coef,all,froi
056,EventsOrig,language,LH_F4,LH_AntTemp,0.0,overlap_coef,all,froi
056,EventsOrig,language,LH_F4,LH_PostTemp,0.0,overlap_coef,all,froi
056,EventsOrig,language,LH_F4,LH_AngG,0.0,overlap_coef,all,froi
056,EventsOrig,language,LH_F4,RH_IFGorb,0.0,overlap_coef,all,froi
056,EventsOrig,language,LH_F4,RH_IFG,0.0,overlap_coef,all,froi
056,EventsOrig,language,LH_F4,RH_MFG,0.0,overlap_coef,all,froi
056,EventsOrig,language,LH_F4,RH_AntTemp,0.0,overlap_coef,all,froi
056,EventsOrig,language,LH_F4,RH_PostTemp,0.0,overlap_coef,all,froi
056,EventsOrig,language,LH_F4,RH_AngG,0.0,overlap_coef,all,froi
056,EventsOrig,language,RH_Cer2,LH_IFGorb,0.0,overlap_coef,all,froi
056,EventsOrig,language,RH_Cer2,LH_IFG,0.0,overlap_coef,all,froi
056,EventsOrig,language,RH_Cer2,LH_MFG,0.0,overlap_coef,all,froi
056,EventsOrig,language,RH_Cer2,LH_AntTemp,0.0,overlap_coef,all,froi
056,EventsOrig,language,RH_Cer2,LH_PostTemp,0.0,overlap_coef,all,froi
056,EventsOrig,language,RH_Cer2,LH_AngG,0.0,overlap_coef,all,froi
056,EventsOrig,language,RH_Cer2,RH_IFGorb,0.0,overlap_coef,all,froi
056,EventsOrig,language,RH_Cer2,RH_IFG,0.0,overlap_coef,all,froi
056,EventsOrig,language,RH_Cer2,RH_MFG,0.0,overlap_coef,all,froi
056,EventsOrig,language,RH_Cer2,RH_AntTemp,0.0,overlap_coef,all,froi
056,EventsOrig,language,RH_Cer2,RH_PostTemp,0.0,overlap_coef,all,froi
056,EventsOrig,language,RH_Cer2,RH_AngG,0.0,overlap_coef,all,froi
056,EventsOrig,language,LH_F3,LH_IFGorb,0.0,overlap_coef,all,froi
056,EventsOrig,language,LH_F3,LH_IFG,0.0,overlap_coef,all,froi
056,EventsOrig,language,LH_F3,LH_MFG,0.0,overlap_coef,all,froi
056,EventsOrig,language,LH_F3,LH_AntTemp,0.0,overlap_coef,all,froi
056,EventsOrig,language,LH_F3,LH_PostTemp,0.0,overlap_coef,all,froi
056,EventsOrig,language,LH_F3,LH_AngG,0.0,overlap_coef,all,froi
056,EventsOrig,language,LH_F3,RH_IFGorb,0.0,overlap_coef,all,froi
056,EventsOrig,language,LH_F3,RH_IFG,0.0,overlap_coef,all,froi
056,EventsOrig,language,LH_F3,RH_MFG,0.0,overlap_coef,all,froi
056,EventsOrig,language,LH_F3,RH_AntTemp,0.0,overlap_coef,all,froi
056,EventsOrig,language,LH_F3,RH_PostTemp,0.0,overlap_coef,all,froi
056,EventsOrig,language,LH_F3,RH_AngG,0.0,overlap_coef,all,froi
056,EventsOrig,language,RH_O2,LH_IFGorb,0.0,overlap_coef,all,froi
056,EventsOrig,language,RH_O2,LH_IFG,0.0,overlap_coef,all,froi
056,EventsOrig,language,RH_O2,LH_MFG,0.0,overlap_coef,all,froi
056,EventsOrig,language,RH_O2,LH_AntTemp,0.0,overlap_coef,all,froi
056,EventsOrig,language,RH_O2,LH_PostTemp,0.0,overlap_coef,all,froi
056,EventsOrig,language,RH_O2,LH_AngG,0.0,overlap_coef,all,froi
056,EventsOrig,language,RH_O2,RH_IFGorb,0.0,overlap_coef,all,froi
056,EventsOrig,language,RH_O2,RH_IFG,0.0,overlap_coef,all,froi
056,EventsOrig,language,RH_O2,RH_MFG,0.0,overlap_coef,all,froi
056,EventsOrig,language,RH_O2,RH_AntTemp,0.0,overlap_coef,all,froi
056,EventsOrig,language,RH_O2,RH_PostTemp,0.0,overlap_coef,all,froi
056,EventsOrig,language,RH_O2,RH_AngG,0.0,overlap_coef,all,froi
056,EventsOrig,language,LH_F5,LH_IFGorb,0.0,overlap_coef,all,froi
056,EventsOrig,language,LH_F5,LH_IFG,0.0,overlap_coef,all,froi
056,EventsOrig,language,LH_F5,LH_MFG,0.0,overlap_coef,all,froi
056,EventsOrig,language,LH_F5,LH_AntTemp,0.0,overlap_coef,all,froi
056,EventsOrig,language,LH_F5,LH_PostTemp,0.0,overlap_coef,all,froi
056,EventsOrig,language,LH_F5,LH_AngG,0.0,overlap_coef,all,froi
056,EventsOrig,language,LH_F5,RH_IFGorb,0.0,overlap_coef,all,froi
056,EventsOrig,language,LH_F5,RH_IFG,0.0,overlap_coef,all,froi
056,EventsOrig,language,LH_F5,RH_MFG,0.0,overlap_coef,all,froi
056,EventsOrig,language,LH_F5,RH_AntTemp,0.0,overlap_coef,all,froi
056,EventsOrig,language,LH_F5,RH_PostTemp,0.0,overlap_coef,all,froi
056,EventsOrig,language,LH_F5,RH_AngG,0.0,overlap_coef,all,froi
056,EventsOrig,language,LH_MID2,LH_IFGorb,0.0,overlap_coef,all,froi
056,EventsOrig,language,LH_MID2,LH_IFG,0.0,overlap_coef,all,froi
056,EventsOrig,language,LH_MID2,LH_MFG,0.0,overlap_coef,all,froi
056,EventsOrig,language,LH_MID2,LH_AntTemp,0.0,overlap_coef,all,froi
056,EventsOrig,language,LH_MID2,LH_PostTemp,0.0,overlap_coef,all,froi
056,EventsOrig,language,LH_MID2,LH_AngG,0.0,overlap_coef,all,froi
056,EventsOrig,language,LH_MID2,RH_IFGorb,0.0,overlap_coef,all,froi
056,EventsOrig,language,LH_MID2,RH_IFG,0.0,overlap_coef,all,froi
056,EventsOrig,language,LH_MID2,RH_MFG,0.0,overlap_coef,all,froi
056,EventsOrig,language,LH_MID2,RH_AntTemp,0.0,overlap_coef,all,froi
056,EventsOrig,language,LH_MID2,RH_PostTemp,0.0,overlap_coef,all,froi
056,EventsOrig,language,LH_MID2,RH_AngG,0.0,overlap_coef,all,froi
056,EventsOrig,language,MID1_LH,LH_IFGorb,0.0,overlap_coef,all,froi
056,EventsOrig,language,MID1_LH,LH_IFG,0.0,overlap_coef,all,froi
056,EventsOrig,language,MID1_LH,LH_MFG,0.0,overlap_coef,all,froi
056,EventsOrig,language,MID1_LH,LH_AntTemp,0.0,overlap_coef,all,froi
056,EventsOrig,language,MID1_LH,LH_PostTemp,0.0,overlap_coef,all,froi
056,EventsOrig,language,MID1_LH,LH_AngG,0.0,overlap_coef,all,froi
056,EventsOrig,language,MID1_LH,RH_IFGorb,0.0,overlap_coef,all,froi
056,EventsOrig,language,MID1_LH,RH_IFG,0.0,overlap_coef,all,froi
056,EventsOrig,language,MID1_LH,RH_MFG,0.0,overlap_coef,all,froi
056,EventsOrig,language,MID1_LH,RH_AntTemp,0.0,overlap_coef,all,froi
056,EventsOrig,language,MID1_LH,RH_PostTemp,0.0,overlap_coef,all,froi
056,EventsOrig,language,MID1_LH,RH_AngG,0.0,overlap_coef,all,froi
056,EventsOrig,language,MID1_RH,LH_IFGorb,0.0,overlap_coef,all,froi
056,EventsOrig,language,MID1_RH,LH_IFG,0.0,overlap_coef,all,froi
056,EventsOrig,language,MID1_RH,LH_MFG,0.0,overlap_coef,all,froi
056,EventsOrig,language,MID1_RH,LH_AntTemp,0.0,overlap_coef,all,froi
056,EventsOrig,language,MID1_RH,LH_PostTemp,0.0,overlap_coef,all,froi
056,EventsOrig,language,MID1_RH,LH_AngG,0.0,overlap_coef,all,froi
056,EventsOrig,language,MID1_RH,RH_IFGorb,0.0,overlap_coef,all,froi
056,EventsOrig,language,MID1_RH,RH_IFG,0.0,overlap_coef,all,froi
056,EventsOrig,language,MID1_RH,RH_MFG,0.0,overlap_coef,all,froi
056,EventsOrig,language,MID1_RH,RH_AntTemp,0.0,overlap_coef,all,froi
056,EventsOrig,language,MID1_RH,RH_PostTemp,0.0,overlap_coef,all,froi
056,EventsOrig,language,MID1_RH,RH_AngG,0.0,overlap_coef,all,froi
067,EventsOrig,language,LH_F2,LH_IFGorb,0.0,overlap_coef,all,froi
067,EventsOrig,language,LH_F2,LH_IFG,0.11842105263157894,overlap_coef,all,froi
067,EventsOrig,language,LH_F2,LH_MFG,0.0,overlap_coef,all,froi
067,EventsOrig,language,LH_F2,LH_AntTemp,0.0,overlap_coef,all,froi
067,EventsOrig,language,LH_F2,LH_PostTemp,0.0,overlap_coef,all,froi
067,EventsOrig,language,LH_F2,LH_AngG,0.0,overlap_coef,all,froi
067,EventsOrig,language,LH_F2,RH_IFGorb,0.0,overlap_coef,all,froi
067,EventsOrig,language,LH_F2,RH_IFG,0.0,overlap_coef,all,froi
067,EventsOrig,language,LH_F2,RH_MFG,0.0,overlap_coef,all,froi
067,EventsOrig,language,LH_F2,RH_AntTemp,0.0,overlap_coef,all,froi
067,EventsOrig,language,LH_F2,RH_PostTemp,0.0,overlap_coef,all,froi
067,EventsOrig,language,LH_F2,RH_AngG,0.0,overlap_coef,all,froi
067,EventsOrig,language,LH_F1,LH_IFGorb,0.13513513513513514,overlap_coef,all,froi
067,EventsOrig,language,LH_F1,LH_IFG,0.0,overlap_coef,all,froi
067,EventsOrig,language,LH_F1,LH_MFG,0.0,overlap_coef,all,froi
067,EventsOrig,language,LH_F1,LH_AntTemp,0.0,overlap_coef,all,froi
067,EventsOrig,language,LH_F1,LH_PostTemp,0.0,overlap_coef,all,froi
067,EventsOrig,language,LH_F1,LH_AngG,0.0,overlap_coef,all,froi
067,EventsOrig,language,LH_F1,RH_IFGorb,0.0,overlap_coef,all,froi
067,EventsOrig,language,LH_F1,RH_IFG,0.0,overlap_coef,all,froi
067,EventsOrig,language,LH_F1,RH_MFG,0.0,overlap_coef,all,froi
067,EventsOrig,language,LH_F1,RH_AntTemp,0.0,overlap_coef,all,froi
067,EventsOrig,language,LH_F1,RH_PostTemp,0.0,overlap_coef,all,froi
067,EventsOrig,language,LH_F1,RH_AngG,0.0,overlap_coef,all,froi
067,EventsOrig,language,LH_TP2,LH_IFGorb,0.0,overlap_coef,all,froi
067,EventsOrig,language,LH_TP2,LH_IFG,0.0,overlap_coef,all,froi
067,EventsOrig,language,LH_TP2,LH_MFG,0.0,overlap_coef,all,froi
067,EventsOrig,language,LH_TP2,LH_AntTemp,0.0,overlap_coef,all,froi
067,EventsOrig,language,LH_TP2,LH_PostTemp,0.13372093023255813,overlap_coef,all,froi
067,EventsOrig,language,LH_TP2,LH_AngG,0.0,overlap_coef,all,froi
067,EventsOrig,language,LH_TP2,RH_IFGorb,0.0,overlap_coef,all,froi
067,EventsOrig,language,LH_TP2,RH_IFG,0.0,overlap_coef,all,froi
067,EventsOrig,language,LH_TP2,RH_MFG,0.0,overlap_coef,all,froi
067,EventsOrig,language,LH_TP2,RH_AntTemp,0.0,overlap_coef,all,froi
067,EventsOrig,language,LH_TP2,RH_PostTemp,0.0,overlap_coef,all,froi
067,EventsOrig,language,LH_TP2,RH_AngG,0.0,overlap_coef,all,froi
067,EventsOrig,language,LH_TP3,LH_IFGorb,0.0,overlap_coef,all,froi
067,EventsOrig,language,LH_TP3,LH_IFG,0.0,overlap_coef,all,froi
067,EventsOrig,language,LH_TP3,LH_MFG,0.0,overlap_coef,all,froi
067,EventsOrig,language,LH_TP3,LH_AntTemp,0.0,overlap_coef,all,froi
067,EventsOrig,language,LH_TP3,LH_PostTemp,0.09777777777777778,overlap_coef,all,froi
067,EventsOrig,language,LH_TP3,LH_AngG,0.02702702702702703,overlap_coef,all,froi
067,EventsOrig,language,LH_TP3,RH_IFGorb,0.0,overlap_coef,all,froi
067,EventsOrig,language,LH_TP3,RH_IFG,0.0,overlap_coef,all,froi
067,EventsOrig,language,LH_TP3,RH_MFG,0.0,overlap_coef,all,froi
067,EventsOrig,language,LH_TP3,RH_AntTemp,0.0,overlap_coef,all,froi
067,EventsOrig,language,LH_TP3,RH_PostTemp,0.0,overlap_coef,all,froi
067,EventsOrig,language,LH_TP3,RH_AngG,0.0,overlap_coef,all,froi
067,EventsOrig,language,LH_TP1,LH_IFGorb,0.0,overlap_coef,all,froi
067,EventsOrig,language,LH_TP1,LH_IFG,0.0,overlap_coef,all,froi
067,EventsOrig,language,LH_TP1,LH_MFG,0.0,overlap_coef,all,froi
067,EventsOrig,language,LH_TP1,LH_AntTemp,0.0,overlap_coef,all,froi
067,EventsOrig,language,LH_TP1,LH_PostTemp,0.0,overlap_coef,all,froi
067,EventsOrig,language,LH_TP1,LH_AngG,0.0,overlap_coef,all,froi
067,EventsOrig,language,LH_TP1,RH_IFGorb,0.0,overlap_coef,all,froi
067,EventsOrig,language,LH_TP1,RH_IFG,0.0,overlap_coef,all,froi
067,EventsOrig,language,LH_TP1,RH_MFG,0.0,overlap_coef,all,froi
067,EventsOrig,language,LH_TP1,RH_AntTemp,0.0,overlap_coef,all,froi
067,EventsOrig,language,LH_TP1,RH_PostTemp,0.0,overlap_coef,all,froi
067,EventsOrig,language,LH_TP1,RH_AngG,0.0,overlap_coef,all,froi
067,EventsOrig,language,LH_TP4,LH_IFGorb,0.0,overlap_coef,all,froi
067,EventsOrig,language,LH_TP4,LH_IFG,0.0,overlap_coef,all,froi
067,EventsOrig,language,LH_TP4,LH_MFG,0.0,overlap_coef,all,froi
067,EventsOrig,language,LH_TP4,LH_AntTemp,0.0,overlap_coef,all,froi
067,EventsOrig,language,LH_TP4,LH_PostTemp,0.0,overlap_coef,all,froi
067,EventsOrig,language,LH_TP4,LH_AngG,0.0,overlap_coef,all,froi
067,EventsOrig,language,LH_TP4,RH_IFGorb,0.0,overlap_coef,all,froi
067,EventsOrig,language,LH_TP4,RH_IFG,0.0,overlap_coef,all,froi
067,EventsOrig,language,LH_TP4,RH_MFG,0.0,overlap_coef,all,froi
067,EventsOrig,language,LH_TP4,RH_AntTemp,0.0,overlap_coef,all,froi
067,EventsOrig,language,LH_TP4,RH_PostTemp,0.0,overlap_coef,all,froi
067,EventsOrig,language,LH_TP4,RH_AngG,0.0,overlap_coef,all,froi
067,EventsOrig,language,LH_O1,LH_IFGorb,0.0,overlap_coef,all,froi
067,EventsOrig,language,LH_O1,LH_IFG,0.0,overlap_coef,all,froi
067,EventsOrig,language,LH_O1,LH_MFG,0.0,overlap_coef,all,froi
067,EventsOrig,language,LH_O1,LH_AntTemp,0.0,overlap_coef,all,froi
067,EventsOrig,language,LH_O1,LH_PostTemp,0.0,overlap_coef,all,froi
067,EventsOrig,language,LH_O1,LH_AngG,0.0,overlap_coef,all,froi
067,EventsOrig,language,LH_O1,RH_IFGorb,0.0,overlap_coef,all,froi
067,EventsOrig,language,LH_O1,RH_IFG,0.0,overlap_coef,all,froi
067,EventsOrig,language,LH_O1,RH_MFG,0.0,overlap_coef,all,froi
067,EventsOrig,language,LH_O1,RH_AntTemp,0.0,overlap_coef,all,froi
067,EventsOrig,language,LH_O1,RH_PostTemp,0.0,overlap_coef,all,froi
067,EventsOrig,language,LH_O1,RH_AngG,0.0,overlap_coef,all,froi
067,EventsOrig,language,RH_Cer1,LH_IFGorb,0.0,overlap_coef,all,froi
067,EventsOrig,language,RH_Cer1,LH_IFG,0.0,overlap_coef,all,froi
067,EventsOrig,language,RH_Cer1,LH_MFG,0.0,overlap_coef,all,froi
067,EventsOrig,language,RH_Cer1,LH_AntTemp,0.0,overlap_coef,all,froi
067,EventsOrig,language,RH_Cer1,LH_PostTemp,0.0,overlap_coef,all,froi
067,EventsOrig,language,RH_Cer1,LH_AngG,0.0,overlap_coef,all,froi
067,EventsOrig,language,RH_Cer1,RH_IFGorb,0.0,overlap_coef,all,froi
067,EventsOrig,language,RH_Cer1,RH_IFG,0.0,overlap_coef,all,froi
067,EventsOrig,language,RH_Cer1,RH_MFG,0.0,overlap_coef,all,froi
067,EventsOrig,language,RH_Cer1,RH_AntTemp,0.0,overlap_coef,all,froi
067,EventsOrig,language,RH_Cer1,RH_PostTemp,0.0,overlap_coef,all,froi
067,EventsOrig,language,RH_Cer1,RH_AngG,0.0,overlap_coef,all,froi
067,EventsOrig,language,LH_MID_O3,LH_IFGorb,0.0,overlap_coef,all,froi
067,EventsOrig,language,LH_MID_O3,LH_IFG,0.0,overlap_coef,all,froi
067,EventsOrig,language,LH_MID_O3,LH_MFG,0.0,overlap_coef,all,froi
067,EventsOrig,language,LH_MID_O3,LH_AntTemp,0.0,overlap_coef,all,froi
067,EventsOrig,language,LH_MID_O3,LH_PostTemp,0.0,overlap_coef,all,froi
067,EventsOrig,language,LH_MID_O3,LH_AngG,0.0,overlap_coef,all,froi
067,EventsOrig,language,LH_MID_O3,RH_IFGorb,0.0,overlap_coef,all,froi
067,EventsOrig,language,LH_MID_O3,RH_IFG,0.0,overlap_coef,all,froi
067,EventsOrig,language,LH_MID_O3,RH_MFG,0.0,overlap_coef,all,froi
067,EventsOrig,language,LH_MID_O3,RH_AntTemp,0.0,overlap_coef,all,froi
067,EventsOrig,language,LH_MID_O3,RH_PostTemp,0.0,overlap_coef,all,froi
067,EventsOrig,language,LH_MID_O3,RH_AngG,0.0,overlap_coef,all,froi
067,EventsOrig,language,LH_MID3,LH_IFGorb,0.0,overlap_coef,all,froi
067,EventsOrig,language,LH_MID3,LH_IFG,0.0,overlap_coef,all,froi
067,EventsOrig,language,LH_MID3,LH_MFG,0.0,overlap_coef,all,froi
067,EventsOrig,language,LH_MID3,LH_AntTemp,0.0,overlap_coef,all,froi
067,EventsOrig,language,LH_MID3,LH_PostTemp,0.0,overlap_coef,all,froi
067,EventsOrig,language,LH_MID3,LH_AngG,0.0,overlap_coef,all,froi
067,EventsOrig,language,LH_MID3,RH_IFGorb,0.0,overlap_coef,all,froi
067,EventsOrig,language,LH_MID3,RH_IFG,0.0,overlap_coef,all,froi
067,EventsOrig,language,LH_MID3,RH_MFG,0.0,overlap_coef,all,froi
067,EventsOrig,language,LH_MID3,RH_AntTemp,0.0,overlap_coef,all,froi
067,EventsOrig,language,LH_MID3,RH_PostTemp,0.0,overlap_coef,all,froi
067,EventsOrig,language,LH_MID3,RH_AngG,0.0,overlap_coef,all,froi
067,EventsOrig,language,RH_MID_O4,LH_IFGorb,0.0,overlap_coef,all,froi
067,EventsOrig,language,RH_MID_O4,LH_IFG,0.0,overlap_coef,all,froi
067,EventsOrig,language,RH_MID_O4,LH_MFG,0.0,overlap_coef,all,froi
067,EventsOrig,language,RH_MID_O4,LH_AntTemp,0.0,overlap_coef,all,froi
067,EventsOrig,language,RH_MID_O4,LH_PostTemp,0.0,overlap_coef,all,froi
067,EventsOrig,language,RH_MID_O4,LH_AngG,0.0,overlap_coef,all,froi
067,EventsOrig,language,RH_MID_O4,RH_IFGorb,0.0,overlap_coef,all,froi
067,EventsOrig,language,RH_MID_O4,RH_IFG,0.0,overlap_coef,all,froi
067,EventsOrig,language,RH_MID_O4,RH_MFG,0.0,overlap_coef,all,froi
067,EventsOrig,language,RH_MID_O4,RH_AntTemp,0.0,overlap_coef,all,froi
067,EventsOrig,language,RH_MID_O4,RH_PostTemp,0.0,overlap_coef,all,froi
067,EventsOrig,language,RH_MID_O4,RH_AngG,0.0,overlap_coef,all,froi
067,EventsOrig,language,LH_F4,LH_IFGorb,0.0,overlap_coef,all,froi
067,EventsOrig,language,LH_F4,LH_IFG,0.0,overlap_coef,all,froi
067,EventsOrig,language,LH_F4,LH_MFG,0.4,overlap_coef,all,froi
067,EventsOrig,language,LH_F4,LH_AntTemp,0.0,overlap_coef,all,froi
067,EventsOrig,language,LH_F4,LH_PostTemp,0.0,overlap_coef,all,froi
067,EventsOrig,language,LH_F4,LH_AngG,0.0,overlap_coef,all,froi
067,EventsOrig,language,LH_F4,RH_IFGorb,0.0,overlap_coef,all,froi
067,EventsOrig,language,LH_F4,RH_IFG,0.0,overlap_coef,all,froi
067,EventsOrig,language,LH_F4,RH_MFG,0.0,overlap_coef,all,froi
067,EventsOrig,language,LH_F4,RH_AntTemp,0.0,overlap_coef,all,froi
067,EventsOrig,language,LH_F4,RH_PostTemp,0.0,overlap_coef,all,froi
067,EventsOrig,language,LH_F4,RH_AngG,0.0,overlap_coef,all,froi
067,EventsOrig,language,RH_Cer2,LH_IFGorb,0.0,overlap_coef,all,froi
067,EventsOrig,language,RH_Cer2,LH_IFG,0.0,overlap_coef,all,froi
067,EventsOrig,language,RH_Cer2,LH_MFG,0.0,overlap_coef,all,froi
067,EventsOrig,language,RH_Cer2,LH_AntTemp,0.0,overlap_coef,all,froi
067,EventsOrig,language,RH_Cer2,LH_PostTemp,0.0,overlap_coef,all,froi
067,EventsOrig,language,RH_Cer2,LH_AngG,0.0,overlap_coef,all,froi
067,EventsOrig,language,RH_Cer2,RH_IFGorb,0.0,overlap_coef,all,froi
067,EventsOrig,language,RH_Cer2,RH_IFG,0.0,overlap_coef,all,froi
067,EventsOrig,language,RH_Cer2,RH_MFG,0.0,overlap_coef,all,froi
067,EventsOrig,language,RH_Cer2,RH_AntTemp,0.0,overlap_coef,all,froi
067,EventsOrig,language,RH_Cer2,RH_PostTemp,0.0,overlap_coef,all,froi
067,EventsOrig,language,RH_Cer2,RH_AngG,0.0,overlap_coef,all,froi
067,EventsOrig,language,LH_F3,LH_IFGorb,0.0,overlap_coef,all,froi
067,EventsOrig,language,LH_F3,LH_IFG,0.0,overlap_coef,all,froi
067,EventsOrig,language,LH_F3,LH_MFG,0.0,overlap_coef,all,froi
067,EventsOrig,language,LH_F3,LH_AntTemp,0.0,overlap_coef,all,froi
067,EventsOrig,language,LH_F3,LH_PostTemp,0.0,overlap_coef,all,froi
067,EventsOrig,language,LH_F3,LH_AngG,0.0,overlap_coef,all,froi
067,EventsOrig,language,LH_F3,RH_IFGorb,0.0,overlap_coef,all,froi
067,EventsOrig,language,LH_F3,RH_IFG,0.0,overlap_coef,all,froi
067,EventsOrig,language,LH_F3,RH_MFG,0.0,overlap_coef,all,froi
067,EventsOrig,language,LH_F3,RH_AntTemp,0.0,overlap_coef,all,froi
067,EventsOrig,language,LH_F3,RH_PostTemp,0.0,overlap_coef,all,froi
067,EventsOrig,language,LH_F3,RH_AngG,0.0,overlap_coef,all,froi
067,EventsOrig,language,RH_O2,LH_IFGorb,0.0,overlap_coef,all,froi
067,EventsOrig,language,RH_O2,LH_IFG,0.0,overlap_coef,all,froi
067,EventsOrig,language,RH_O2,LH_MFG,0.0,overlap_coef,all,froi
067,EventsOrig,language,RH_O2,LH_AntTemp,0.0,overlap_coef,all,froi
067,EventsOrig,language,RH_O2,LH_PostTemp,0.0,overlap_coef,all,froi
067,EventsOrig,language,RH_O2,LH_AngG,0.0,overlap_coef,all,froi
067,EventsOrig,language,RH_O2,RH_IFGorb,0.0,overlap_coef,all,froi
067,EventsOrig,language,RH_O2,RH_IFG,0.0,overlap_coef,all,froi
067,EventsOrig,language,RH_O2,RH_MFG,0.0,overlap_coef,all,froi
067,EventsOrig,language,RH_O2,RH_AntTemp,0.0,overlap_coef,all,froi
067,EventsOrig,language,RH_O2,RH_PostTemp,0.0,overlap_coef,all,froi
067,EventsOrig,language,RH_O2,RH_AngG,0.0,overlap_coef,all,froi
067,EventsOrig,language,LH_F5,LH_IFGorb,0.0,overlap_coef,all,froi
067,EventsOrig,language,LH_F5,LH_IFG,0.0,overlap_coef,all,froi
067,EventsOrig,language,LH_F5,LH_MFG,0.0,overlap_coef,all,froi
067,EventsOrig,language,LH_F5,LH_AntTemp,0.0,overlap_coef,all,froi
067,EventsOrig,language,LH_F5,LH_PostTemp,0.0,overlap_coef,all,froi
067,EventsOrig,language,LH_F5,LH_AngG,0.0,overlap_coef,all,froi
067,EventsOrig,language,LH_F5,RH_IFGorb,0.0,overlap_coef,all,froi
067,EventsOrig,language,LH_F5,RH_IFG,0.0,overlap_coef,all,froi
067,EventsOrig,language,LH_F5,RH_MFG,0.0,overlap_coef,all,froi
067,EventsOrig,language,LH_F5,RH_AntTemp,0.0,overlap_coef,all,froi
067,EventsOrig,language,LH_F5,RH_PostTemp,0.0,overlap_coef,all,froi
067,EventsOrig,language,LH_F5,RH_AngG,0.0,overlap_coef,all,froi
067,EventsOrig,language,LH_MID2,LH_IFGorb,0.0,overlap_coef,all,froi
067,EventsOrig,language,LH_MID2,LH_IFG,0.0,overlap_coef,all,froi
067,EventsOrig,language,LH_MID2,LH_MFG,0.0,overlap_coef,all,froi
067,EventsOrig,language,LH_MID2,LH_AntTemp,0.0,overlap_coef,all,froi
067,EventsOrig,language,LH_MID2,LH_PostTemp,0.0,overlap_coef,all,froi
067,EventsOrig,language,LH_MID2,LH_AngG,0.0,overlap_coef,all,froi
067,EventsOrig,language,LH_MID2,RH_IFGorb,0.0,overlap_coef,all,froi
067,EventsOrig,language,LH_MID2,RH_IFG,0.0,overlap_coef,all,froi
067,EventsOrig,language,LH_MID2,RH_MFG,0.0,overlap_coef,all,froi
067,EventsOrig,language,LH_MID2,RH_AntTemp,0.0,overlap_coef,all,froi
067,EventsOrig,language,LH_MID2,RH_PostTemp,0.0,overlap_coef,all,froi
067,EventsOrig,language,LH_MID2,RH_AngG,0.0,overlap_coef,all,froi
067,EventsOrig,language,MID1_LH,LH_IFGorb,0.0,overlap_coef,all,froi
067,EventsOrig,language,MID1_LH,LH_IFG,0.0,overlap_coef,all,froi
067,EventsOrig,language,MID1_LH,LH_MFG,0.0,overlap_coef,all,froi
067,EventsOrig,language,MID1_LH,LH_AntTemp,0.0,overlap_coef,all,froi
067,EventsOrig,language,MID1_LH,LH_PostTemp,0.0,overlap_coef,all,froi
067,EventsOrig,language,MID1_LH,LH_AngG,0.0,overlap_coef,all,froi
067,EventsOrig,language,MID1_LH,RH_IFGorb,0.0,overlap_coef,all,froi
067,EventsOrig,language,MID1_LH,RH_IFG,0.0,overlap_coef,all,froi
067,EventsOrig,language,MID1_LH,RH_MFG,0.0,overlap_coef,all,froi
067,EventsOrig,language,MID1_LH,RH_AntTemp,0.0,overlap_coef,all,froi
067,EventsOrig,language,MID1_LH,RH_PostTemp,0.0,overlap_coef,all,froi
067,EventsOrig,language,MID1_LH,RH_AngG,0.0,overlap_coef,all,froi
067,EventsOrig,language,MID1_RH,LH_IFGorb,0.0,overlap_coef,all,froi
067,EventsOrig,language,MID1_RH,LH_IFG,0.0,overlap_coef,all,froi
067,EventsOrig,language,MID1_RH,LH_MFG,0.0,overlap_coef,all,froi
067,EventsOrig,language,MID1_RH,LH_AntTemp,0.0,overlap_coef,all,froi
067,EventsOrig,language,MID1_RH,LH_PostTemp,0.0,overlap_coef,all,froi
067,EventsOrig,language,MID1_RH,LH_AngG,0.0,overlap_coef,all,froi
067,EventsOrig,language,MID1_RH,RH_IFGorb,0.0,overlap_coef,all,froi
067,EventsOrig,language,MID1_RH,RH_IFG,0.0,overlap_coef,all,froi
067,EventsOrig,language,MID1_RH,RH_MFG,0.0,overlap_coef,all,froi
067,EventsOrig,language,MID1_RH,RH_AntTemp,0.0,overlap_coef,all,froi
067,EventsOrig,language,MID1_RH,RH_PostTemp,0.0,overlap_coef,all,froi
067,EventsOrig,language,MID1_RH,RH_AngG,0.0,overlap_coef,all,froi
068,EventsOrig,language,LH_F2,LH_IFGorb,0.0,overlap_coef,all,froi
068,EventsOrig,language,LH_F2,LH_IFG,0.32894736842105265,overlap_coef,all,froi
068,EventsOrig,language,LH_F2,LH_MFG,0.0,overlap_coef,all,froi
068,EventsOrig,language,LH_F2,LH_AntTemp,0.0,overlap_coef,all,froi
068,EventsOrig,language,LH_F2,LH_PostTemp,0.0,overlap_coef,all,froi
068,EventsOrig,language,LH_F2,LH_AngG,0.0,overlap_coef,all,froi
068,EventsOrig,language,LH_F2,RH_IFGorb,0.0,overlap_coef,all,froi
068,EventsOrig,language,LH_F2,RH_IFG,0.0,overlap_coef,all,froi
068,EventsOrig,language,LH_F2,RH_MFG,0.0,overlap_coef,all,froi
068,EventsOrig,language,LH_F2,RH_AntTemp,0.0,overlap_coef,all,froi
068,EventsOrig,language,LH_F2,RH_PostTemp,0.0,overlap_coef,all,froi
068,EventsOrig,language,LH_F2,RH_AngG,0.0,overlap_coef,all,froi
068,EventsOrig,language,LH_F1,LH_IFGorb,0.13513513513513514,overlap_coef,all,froi
068,EventsOrig,language,LH_F1,LH_IFG,0.06578947368421052,overlap_coef,all,froi
068,EventsOrig,language,LH_F1,LH_MFG,0.0,overlap_coef,all,froi
068,EventsOrig,language,LH_F1,LH_AntTemp,0.0,overlap_coef,all,froi
068,EventsOrig,language,LH_F1,LH_PostTemp,0.0,overlap_coef,all,froi
068,EventsOrig,language,LH_F1,LH_AngG,0.0,overlap_coef,all,froi
068,EventsOrig,language,LH_F1,RH_IFGorb,0.0,overlap_coef,all,froi
068,EventsOrig,language,LH_F1,RH_IFG,0.0,overlap_coef,all,froi
068,EventsOrig,language,LH_F1,RH_MFG,0.0,overlap_coef,all,froi
068,EventsOrig,language,LH_F1,RH_AntTemp,0.0,overlap_coef,all,froi
068,EventsOrig,language,LH_F1,RH_PostTemp,0.0,overlap_coef,all,froi
068,EventsOrig,language,LH_F1,RH_AngG,0.0,overlap_coef,all,froi
068,EventsOrig,language,LH_TP2,LH_IFGorb,0.0,overlap_coef,all,froi
068,EventsOrig,language,LH_TP2,LH_IFG,0.0,overlap_coef,all,froi
068,EventsOrig,language,LH_TP2,LH_MFG,0.0,overlap_coef,all,froi
068,EventsOrig,language,LH_TP2,LH_AntTemp,0.0,overlap_coef,all,froi
068,EventsOrig,language,LH_TP2,LH_PostTemp,0.01744186046511628,overlap_coef,all,froi
068,EventsOrig,language,LH_TP2,LH_AngG,0.0,overlap_coef,all,froi
068,EventsOrig,language,LH_TP2,RH_IFGorb,0.0,overlap_coef,all,froi
068,EventsOrig,language,LH_TP2,RH_IFG,0.0,overlap_coef,all,froi
068,EventsOrig,language,LH_TP2,RH_MFG,0.0,overlap_coef,all,froi
068,EventsOrig,language,LH_TP2,RH_AntTemp,0.0,overlap_coef,all,froi
068,EventsOrig,language,LH_TP2,RH_PostTemp,0.0,overlap_coef,all,froi
068,EventsOrig,language,LH_TP2,RH_AngG,0.0,overlap_coef,all,froi
068,EventsOrig,language,LH_TP3,LH_IFGorb,0.0,overlap_coef,all,froi
068,EventsOrig,language,LH_TP3,LH_IFG,0.0,overlap_coef,all,froi
068,EventsOrig,language,LH_TP3,LH_MFG,0.0,overlap_coef,all,froi
068,EventsOrig,language,LH_TP3,LH_AntTemp,0.0,overlap_coef,all,froi
068,EventsOrig,language,LH_TP3,LH_PostTemp,0.11555555555555555,overlap_coef,all,froi
068,EventsOrig,language,LH_TP3,LH_AngG,0.5405405405405406,overlap_coef,all,froi
068,EventsOrig,language,LH_TP3,RH_IFGorb,0.0,overlap_coef,all,froi
068,EventsOrig,language,LH_TP3,RH_IFG,0.0,overlap_coef,all,froi
068,EventsOrig,language,LH_TP3,RH_MFG,0.0,overlap_coef,all,froi
068,EventsOrig,language,LH_TP3,RH_AntTemp,0.0,overlap_coef,all,froi
068,EventsOrig,language,LH_TP3,RH_PostTemp,0.0,overlap_coef,all,froi
068,EventsOrig,language,LH_TP3,RH_AngG,0.0,overlap_coef,all,froi
068,EventsOrig,language,LH_TP1,LH_IFGorb,0.0,overlap_coef,all,froi
068,EventsOrig,language,LH_TP1,LH_IFG,0.0,overlap_coef,all,froi
068,EventsOrig,language,LH_TP1,LH_MFG,0.0,overlap_coef,all,froi
068,EventsOrig,language,LH_TP1,LH_AntTemp,0.0,overlap_coef,all,froi
068,EventsOrig,language,LH_TP1,LH_PostTemp,0.0,overlap_coef,all,froi
068,EventsOrig,language,LH_TP1,LH_AngG,0.0,overlap_coef,all,froi
068,EventsOrig,language,LH_TP1,RH_IFGorb,0.0,overlap_coef,all,froi
068,EventsOrig,language,LH_TP1,RH_IFG,0.0,overlap_coef,all,froi
068,EventsOrig,language,LH_TP1,RH_MFG,0.0,overlap_coef,all,froi
068,EventsOrig,language,LH_TP1,RH_AntTemp,0.0,overlap_coef,all,froi
068,EventsOrig,language,LH_TP1,RH_PostTemp,0.0,overlap_coef,all,froi
068,EventsOrig,language,LH_TP1,RH_AngG,0.0,overlap_coef,all,froi
068,EventsOrig,language,LH_TP4,LH_IFGorb,0.0,overlap_coef,all,froi
068,EventsOrig,language,LH_TP4,LH_IFG,0.0,overlap_coef,all,froi
068,EventsOrig,language,LH_TP4,LH_MFG,0.0,overlap_coef,all,froi
068,EventsOrig,language,LH_TP4,LH_AntTemp,0.0,overlap_coef,all,froi
068,EventsOrig,language,LH_TP4,LH_PostTemp,0.0,overlap_coef,all,froi
068,EventsOrig,language,LH_TP4,LH_AngG,0.0,overlap_coef,all,froi
068,EventsOrig,language,LH_TP4,RH_IFGorb,0.0,overlap_coef,all,froi
068,EventsOrig,language,LH_TP4,RH_IFG,0.0,overlap_coef,all,froi
068,EventsOrig,language,LH_TP4,RH_MFG,0.0,overlap_coef,all,froi
068,EventsOrig,language,LH_TP4,RH_AntTemp,0.0,overlap_coef,all,froi
068,EventsOrig,language,LH_TP4,RH_PostTemp,0.0,overlap_coef,all,froi
068,EventsOrig,language,LH_TP4,RH_AngG,0.0,overlap_coef,all,froi
068,EventsOrig,language,LH_O1,LH_IFGorb,0.0,overlap_coef,all,froi
068,EventsOrig,language,LH_O1,LH_IFG,0.0,overlap_coef,all,froi
068,EventsOrig,language,LH_O1,LH_MFG,0.0,overlap_coef,all,froi
068,EventsOrig,language,LH_O1,LH_AntTemp,0.0,overlap_coef,all,froi
068,EventsOrig,language,LH_O1,LH_PostTemp,0.0,overlap_coef,all,froi
068,EventsOrig,language,LH_O1,LH_AngG,0.0,overlap_coef,all,froi
068,EventsOrig,language,LH_O1,RH_IFGorb,0.0,overlap_coef,all,froi
068,EventsOrig,language,LH_O1,RH_IFG,0.0,overlap_coef,all,froi
068,EventsOrig,language,LH_O1,RH_MFG,0.0,overlap_coef,all,froi
068,EventsOrig,language,LH_O1,RH_AntTemp,0.0,overlap_coef,all,froi
068,EventsOrig,language,LH_O1,RH_PostTemp,0.0,overlap_coef,all,froi
068,EventsOrig,language,LH_O1,RH_AngG,0.0,overlap_coef,all,froi
068,EventsOrig,language,RH_Cer1,LH_IFGorb,0.0,overlap_coef,all,froi
068,EventsOrig,language,RH_Cer1,LH_IFG,0.0,overlap_coef,all,froi
068,EventsOrig,language,RH_Cer1,LH_MFG,0.0,overlap_coef,all,froi
068,EventsOrig,language,RH_Cer1,LH_AntTemp,0.0,overlap_coef,all,froi
068,EventsOrig,language,RH_Cer1,LH_PostTemp,0.0,overlap_coef,all,froi
068,EventsOrig,language,RH_Cer1,LH_AngG,0.0,overlap_coef,all,froi
068,EventsOrig,language,RH_Cer1,RH_IFGorb,0.0,overlap_coef,all,froi
068,EventsOrig,language,RH_Cer1,RH_IFG,0.0,overlap_coef,all,froi
068,EventsOrig,language,RH_Cer1,RH_MFG,0.0,overlap_coef,all,froi
068,EventsOrig,language,RH_Cer1,RH_AntTemp,0.0,overlap_coef,all,froi
068,EventsOrig,language,RH_Cer1,RH_PostTemp,0.0,overlap_coef,all,froi
068,EventsOrig,language,RH_Cer1,RH_AngG,0.0,overlap_coef,all,froi
068,EventsOrig,language,LH_MID_O3,LH_IFGorb,0.0,overlap_coef,all,froi
068,EventsOrig,language,LH_MID_O3,LH_IFG,0.0,overlap_coef,all,froi
068,EventsOrig,language,LH_MID_O3,LH_MFG,0.0,overlap_coef,all,froi
068,EventsOrig,language,LH_MID_O3,LH_AntTemp,0.0,overlap_coef,all,froi
068,EventsOrig,language,LH_MID_O3,LH_PostTemp,0.0,overlap_coef,all,froi
068,EventsOrig,language,LH_MID_O3,LH_AngG,0.0,overlap_coef,all,froi
068,EventsOrig,language,LH_MID_O3,RH_IFGorb,0.0,overlap_coef,all,froi
068,EventsOrig,language,LH_MID_O3,RH_IFG,0.0,overlap_coef,all,froi
068,EventsOrig,language,LH_MID_O3,RH_MFG,0.0,overlap_coef,all,froi
068,EventsOrig,language,LH_MID_O3,RH_AntTemp,0.0,overlap_coef,all,froi
068,EventsOrig,language,LH_MID_O3,RH_PostTemp,0.0,overlap_coef,all,froi
068,EventsOrig,language,LH_MID_O3,RH_AngG,0.0,overlap_coef,all,froi
068,EventsOrig,language,LH_MID3,LH_IFGorb,0.0,overlap_coef,all,froi
068,EventsOrig,language,LH_MID3,LH_IFG,0.0,overlap_coef,all,froi
068,EventsOrig,language,LH_MID3,LH_MFG,0.0,overlap_coef,all,froi
068,EventsOrig,language,LH_MID3,LH_AntTemp,0.0,overlap_coef,all,froi
068,EventsOrig,language,LH_MID3,LH_PostTemp,0.0,overlap_coef,all,froi
068,EventsOrig,language,LH_MID3,LH_AngG,0.0,overlap_coef,all,froi
068,EventsOrig,language,LH_MID3,RH_IFGorb,0.0,overlap_coef,all,froi
068,EventsOrig,language,LH_MID3,RH_IFG,0.0,overlap_coef,all,froi
068,EventsOrig,language,LH_MID3,RH_MFG,0.0,overlap_coef,all,froi
068,EventsOrig,language,LH_MID3,RH_AntTemp,0.0,overlap_coef,all,froi
068,EventsOrig,language,LH_MID3,RH_PostTemp,0.0,overlap_coef,all,froi
068,EventsOrig,language,LH_MID3,RH_AngG,0.0,overlap_coef,all,froi
068,EventsOrig,language,RH_MID_O4,LH_IFGorb,0.0,overlap_coef,all,froi
068,EventsOrig,language,RH_MID_O4,LH_IFG,0.0,overlap_coef,all,froi
068,EventsOrig,language,RH_MID_O4,LH_MFG,0.0,overlap_coef,all,froi
068,EventsOrig,language,RH_MID_O4,LH_AntTemp,0.0,overlap_coef,all,froi
068,EventsOrig,language,RH_MID_O4,LH_PostTemp,0.0,overlap_coef,all,froi
068,EventsOrig,language,RH_MID_O4,LH_AngG,0.0,overlap_coef,all,froi
068,EventsOrig,language,RH_MID_O4,RH_IFGorb,0.0,overlap_coef,all,froi
068,EventsOrig,language,RH_MID_O4,RH_IFG,0.0,overlap_coef,all,froi
068,EventsOrig,language,RH_MID_O4,RH_MFG,0.0,overlap_coef,all,froi
068,EventsOrig,language,RH_MID_O4,RH_AntTemp,0.0,overlap_coef,all,froi
068,EventsOrig,language,RH_MID_O4,RH_PostTemp,0.0,overlap_coef,all,froi
068,EventsOrig,language,RH_MID_O4,RH_AngG,0.0,overlap_coef,all,froi
068,EventsOrig,language,LH_F4,LH_IFGorb,0.0,overlap_coef,all,froi
068,EventsOrig,language,LH_F4,LH_IFG,0.0,overlap_coef,all,froi
068,EventsOrig,language,LH_F4,LH_MFG,0.12,overlap_coef,all,froi
068,EventsOrig,language,LH_F4,LH_AntTemp,0.0,overlap_coef,all,froi
068,EventsOrig,language,LH_F4,LH_PostTemp,0.0,overlap_coef,all,froi
068,EventsOrig,language,LH_F4,LH_AngG,0.0,overlap_coef,all,froi
068,EventsOrig,language,LH_F4,RH_IFGorb,0.0,overlap_coef,all,froi
068,EventsOrig,language,LH_F4,RH_IFG,0.0,overlap_coef,all,froi
068,EventsOrig,language,LH_F4,RH_MFG,0.0,overlap_coef,all,froi
068,EventsOrig,language,LH_F4,RH_AntTemp,0.0,overlap_coef,all,froi
068,EventsOrig,language,LH_F4,RH_PostTemp,0.0,overlap_coef,all,froi
068,EventsOrig,language,LH_F4,RH_AngG,0.0,overlap_coef,all,froi
068,EventsOrig,language,RH_Cer2,LH_IFGorb,0.0,overlap_coef,all,froi
068,EventsOrig,language,RH_Cer2,LH_IFG,0.0,overlap_coef,all,froi
068,EventsOrig,language,RH_Cer2,LH_MFG,0.0,overlap_coef,all,froi
068,EventsOrig,language,RH_Cer2,LH_AntTemp,0.0,overlap_coef,all,froi
068,EventsOrig,language,RH_Cer2,LH_PostTemp,0.0,overlap_coef,all,froi
068,EventsOrig,language,RH_Cer2,LH_AngG,0.0,overlap_coef,all,froi
068,EventsOrig,language,RH_Cer2,RH_IFGorb,0.0,overlap_coef,all,froi
068,EventsOrig,language,RH_Cer2,RH_IFG,0.0,overlap_coef,all,froi
068,EventsOrig,language,RH_Cer2,RH_MFG,0.0,overlap_coef,all,froi
068,EventsOrig,language,RH_Cer2,RH_AntTemp,0.0,overlap_coef,all,froi
068,EventsOrig,language,RH_Cer2,RH_PostTemp,0.0,overlap_coef,all,froi
068,EventsOrig,language,RH_Cer2,RH_AngG,0.0,overlap_coef,all,froi
068,EventsOrig,language,LH_F3,LH_IFGorb,0.0,overlap_coef,all,froi
068,EventsOrig,language,LH_F3,LH_IFG,0.0,overlap_coef,all,froi
068,EventsOrig,language,LH_F3,LH_MFG,0.0,overlap_coef,all,froi
068,EventsOrig,language,LH_F3,LH_AntTemp,0.0,overlap_coef,all,froi
068,EventsOrig,language,LH_F3,LH_PostTemp,0.0,overlap_coef,all,froi
068,EventsOrig,language,LH_F3,LH_AngG,0.0,overlap_coef,all,froi
068,EventsOrig,language,LH_F3,RH_IFGorb,0.0,overlap_coef,all,froi
068,EventsOrig,language,LH_F3,RH_IFG,0.0,overlap_coef,all,froi
068,EventsOrig,language,LH_F3,RH_MFG,0.0,overlap_coef,all,froi
068,EventsOrig,language,LH_F3,RH_AntTemp,0.0,overlap_coef,all,froi
068,EventsOrig,language,LH_F3,RH_PostTemp,0.0,overlap_coef,all,froi
068,EventsOrig,language,LH_F3,RH_AngG,0.0,overlap_coef,all,froi
068,EventsOrig,language,RH_O2,LH_IFGorb,0.0,overlap_coef,all,froi
068,EventsOrig,language,RH_O2,LH_IFG,0.0,overlap_coef,all,froi
068,EventsOrig,language,RH_O2,LH_MFG,0.0,overlap_coef,all,froi
068,EventsOrig,language,RH_O2,LH_AntTemp,0.0,overlap_coef,all,froi
068,EventsOrig,language,RH_O2,LH_PostTemp,0.0,overlap_coef,all,froi
068,EventsOrig,language,RH_O2,LH_AngG,0.0,overlap_coef,all,froi
068,EventsOrig,language,RH_O2,RH_IFGorb,0.0,overlap_coef,all,froi
068,EventsOrig,language,RH_O2,RH_IFG,0.0,overlap_coef,all,froi
068,EventsOrig,language,RH_O2,RH_MFG,0.0,overlap_coef,all,froi
068,EventsOrig,language,RH_O2,RH_AntTemp,0.0,overlap_coef,all,froi
068,EventsOrig,language,RH_O2,RH_PostTemp,0.0,overlap_coef,all,froi
068,EventsOrig,language,RH_O2,RH_AngG,0.0,overlap_coef,all,froi
068,EventsOrig,language,LH_F5,LH_IFGorb,0.0,overlap_coef,all,froi
068,EventsOrig,language,LH_F5,LH_IFG,0.0,overlap_coef,all,froi
068,EventsOrig,language,LH_F5,LH_MFG,0.0,overlap_coef,all,froi
068,EventsOrig,language,LH_F5,LH_AntTemp,0.0,overlap_coef,all,froi
068,EventsOrig,language,LH_F5,LH_PostTemp,0.0,overlap_coef,all,froi
068,EventsOrig,language,LH_F5,LH_AngG,0.0,overlap_coef,all,froi
068,EventsOrig,language,LH_F5,RH_IFGorb,0.0,overlap_coef,all,froi
068,EventsOrig,language,LH_F5,RH_IFG,0.0,overlap_coef,all,froi
068,EventsOrig,language,LH_F5,RH_MFG,0.0,overlap_coef,all,froi
068,EventsOrig,language,LH_F5,RH_AntTemp,0.0,overlap_coef,all,froi
068,EventsOrig,language,LH_F5,RH_PostTemp,0.0,overlap_coef,all,froi
068,EventsOrig,language,LH_F5,RH_AngG,0.0,overlap_coef,all,froi
068,EventsOrig,language,LH_MID2,LH_IFGorb,0.0,overlap_coef,all,froi
068,EventsOrig,language,LH_MID2,LH_IFG,0.0,overlap_coef,all,froi
068,EventsOrig,language,LH_MID2,LH_MFG,0.0,overlap_coef,all,froi
068,EventsOrig,language,LH_MID2,LH_AntTemp,0.0,overlap_coef,all,froi
068,EventsOrig,language,LH_MID2,LH_PostTemp,0.0,overlap_coef,all,froi
068,EventsOrig,language,LH_MID2,LH_AngG,0.0,overlap_coef,all,froi
068,EventsOrig,language,LH_MID2,RH_IFGorb,0.0,overlap_coef,all,froi
068,EventsOrig,language,LH_MID2,RH_IFG,0.0,overlap_coef,all,froi
068,EventsOrig,language,LH_MID2,RH_MFG,0.0,overlap_coef,all,froi
068,EventsOrig,language,LH_MID2,RH_AntTemp,0.0,overlap_coef,all,froi
068,EventsOrig,language,LH_MID2,RH_PostTemp,0.0,overlap_coef,all,froi
068,EventsOrig,language,LH_MID2,RH_AngG,0.0,overlap_coef,all,froi
068,EventsOrig,language,MID1_LH,LH_IFGorb,0.0,overlap_coef,all,froi
068,EventsOrig,language,MID1_LH,LH_IFG,0.0,overlap_coef,all,froi
068,EventsOrig,language,MID1_LH,LH_MFG,0.0,overlap_coef,all,froi
068,EventsOrig,language,MID1_LH,LH_AntTemp,0.0,overlap_coef,all,froi
068,EventsOrig,language,MID1_LH,LH_PostTemp,0.0,overlap_coef,all,froi
068,EventsOrig,language,MID1_LH,LH_AngG,0.0,overlap_coef,all,froi
068,EventsOrig,language,MID1_LH,RH_IFGorb,0.0,overlap_coef,all,froi
068,EventsOrig,language,MID1_LH,RH_IFG,0.0,overlap_coef,all,froi
068,EventsOrig,language,MID1_LH,RH_MFG,0.0,overlap_coef,all,froi
068,EventsOrig,language,MID1_LH,RH_AntTemp,0.0,overlap_coef,all,froi
068,EventsOrig,language,MID1_LH,RH_PostTemp,0.0,overlap_coef,all,froi
068,EventsOrig,language,MID1_LH,RH_AngG,0.0,overlap_coef,all,froi
068,EventsOrig,language,MID1_RH,LH_IFGorb,0.0,overlap_coef,all,froi
068,EventsOrig,language,MID1_RH,LH_IFG,0.0,overlap_coef,all,froi
068,EventsOrig,language,MID1_RH,LH_MFG,0.0,overlap_coef,all,froi
068,EventsOrig,language,MID1_RH,LH_AntTemp,0.0,overlap_coef,all,froi
068,EventsOrig,language,MID1_RH,LH_PostTemp,0.0,overlap_coef,all,froi
068,EventsOrig,language,MID1_RH,LH_AngG,0.0,overlap_coef,all,froi
068,EventsOrig,language,MID1_RH,RH_IFGorb,0.0,overlap_coef,all,froi
068,EventsOrig,language,MID1_RH,RH_IFG,0.0,overlap_coef,all,froi
068,EventsOrig,language,MID1_RH,RH_MFG,0.0,overlap_coef,all,froi
068,EventsOrig,language,MID1_RH,RH_AntTemp,0.0,overlap_coef,all,froi
068,EventsOrig,language,MID1_RH,RH_PostTemp,0.0,overlap_coef,all,froi
068,EventsOrig,language,MID1_RH,RH_AngG,0.0,overlap_coef,all,froi
070,EventsOrig,language,LH_F2,LH_IFGorb,0.0,overlap_coef,all,froi
070,EventsOrig,language,LH_F2,LH_IFG,0.40789473684210525,overlap_coef,all,froi
070,EventsOrig,language,LH_F2,LH_MFG,0.0,overlap_coef,all,froi
070,EventsOrig,language,LH_F2,LH_AntTemp,0.0,overlap_coef,all,froi
070,EventsOrig,language,LH_F2,LH_PostTemp,0.0,overlap_coef,all,froi
070,EventsOrig,language,LH_F2,LH_AngG,0.0,overlap_coef,all,froi
070,EventsOrig,language,LH_F2,RH_IFGorb,0.0,overlap_coef,all,froi
070,EventsOrig,language,LH_F2,RH_IFG,0.0,overlap_coef,all,froi
070,EventsOrig,language,LH_F2,RH_MFG,0.0,overlap_coef,all,froi
070,EventsOrig,language,LH_F2,RH_AntTemp,0.0,overlap_coef,all,froi
070,EventsOrig,language,LH_F2,RH_PostTemp,0.0,overlap_coef,all,froi
070,EventsOrig,language,LH_F2,RH_AngG,0.0,overlap_coef,all,froi
070,EventsOrig,language,LH_F1,LH_IFGorb,0.16216216216216217,overlap_coef,all,froi
070,EventsOrig,language,LH_F1,LH_IFG,0.013157894736842105,overlap_coef,all,froi
070,EventsOrig,language,LH_F1,LH_MFG,0.0,overlap_coef,all,froi
070,EventsOrig,language,LH_F1,LH_AntTemp,0.0,overlap_coef,all,froi
070,EventsOrig,language,LH_F1,LH_PostTemp,0.0,overlap_coef,all,froi
070,EventsOrig,language,LH_F1,LH_AngG,0.0,overlap_coef,all,froi
070,EventsOrig,language,LH_F1,RH_IFGorb,0.0,overlap_coef,all,froi
070,EventsOrig,language,LH_F1,RH_IFG,0.0,overlap_coef,all,froi
070,EventsOrig,language,LH_F1,RH_MFG,0.0,overlap_coef,all,froi
070,EventsOrig,language,LH_F1,RH_AntTemp,0.0,overlap_coef,all,froi
070,EventsOrig,language,LH_F1,RH_PostTemp,0.0,overlap_coef,all,froi
070,EventsOrig,language,LH_F1,RH_AngG,0.0,overlap_coef,all,froi
070,EventsOrig,language,LH_TP2,LH_IFGorb,0.0,overlap_coef,all,froi
070,EventsOrig,language,LH_TP2,LH_IFG,0.0,overlap_coef,all,froi
070,EventsOrig,language,LH_TP2,LH_MFG,0.0,overlap_coef,all,froi
070,EventsOrig,language,LH_TP2,LH_AntTemp,0.0,overlap_coef,all,froi
070,EventsOrig,language,LH_TP2,LH_PostTemp,0.26744186046511625,overlap_coef,all,froi
070,EventsOrig,language,LH_TP2,LH_AngG,0.0,overlap_coef,all,froi
070,EventsOrig,language,LH_TP2,RH_IFGorb,0.0,overlap_coef,all,froi
070,EventsOrig,language,LH_TP2,RH_IFG,0.0,overlap_coef,all,froi
070,EventsOrig,language,LH_TP2,RH_MFG,0.0,overlap_coef,all,froi
070,EventsOrig,language,LH_TP2,RH_AntTemp,0.0,overlap_coef,all,froi
070,EventsOrig,language,LH_TP2,RH_PostTemp,0.0,overlap_coef,all,froi
070,EventsOrig,language,LH_TP2,RH_AngG,0.0,overlap_coef,all,froi
070,EventsOrig,language,LH_TP3,LH_IFGorb,0.0,overlap_coef,all,froi
070,EventsOrig,language,LH_TP3,LH_IFG,0.0,overlap_coef,all,froi
070,EventsOrig,language,LH_TP3,LH_MFG,0.0,overlap_coef,all,froi
070,EventsOrig,language,LH_TP3,LH_AntTemp,0.0,overlap_coef,all,froi
070,EventsOrig,language,LH_TP3,LH_PostTemp,0.0044444444444444444,overlap_coef,all,froi
070,EventsOrig,language,LH_TP3,LH_AngG,0.33783783783783783,overlap_coef,all,froi
070,EventsOrig,language,LH_TP3,RH_IFGorb,0.0,overlap_coef,all,froi
070,EventsOrig,language,LH_TP3,RH_IFG,0.0,overlap_coef,all,froi
070,EventsOrig,language,LH_TP3,RH_MFG,0.0,overlap_coef,all,froi
070,EventsOrig,language,LH_TP3,RH_AntTemp,0.0,overlap_coef,all,froi
070,EventsOrig,language,LH_TP3,RH_PostTemp,0.0,overlap_coef,all,froi
070,EventsOrig,language,LH_TP3,RH_AngG,0.0,overlap_coef,all,froi
070,EventsOrig,language,LH_TP1,LH_IFGorb,0.0,overlap_coef,all,froi
070,EventsOrig,language,LH_TP1,LH_IFG,0.0,overlap_coef,all,froi
070,EventsOrig,language,LH_TP1,LH_MFG,0.0,overlap_coef,all,froi
070,EventsOrig,language,LH_TP1,LH_AntTemp,0.0,overlap_coef,all,froi
070,EventsOrig,language,LH_TP1,LH_PostTemp,0.0,overlap_coef,all,froi
070,EventsOrig,language,LH_TP1,LH_AngG,0.0,overlap_coef,all,froi
070,EventsOrig,language,LH_TP1,RH_IFGorb,0.0,overlap_coef,all,froi
070,EventsOrig,language,LH_TP1,RH_IFG,0.0,overlap_coef,all,froi
070,EventsOrig,language,LH_TP1,RH_MFG,0.0,overlap_coef,all,froi
070,EventsOrig,language,LH_TP1,RH_AntTemp,0.0,overlap_coef,all,froi
070,EventsOrig,language,LH_TP1,RH_PostTemp,0.0,overlap_coef,all,froi
070,EventsOrig,language,LH_TP1,RH_AngG,0.0,overlap_coef,all,froi
070,EventsOrig,language,LH_TP4,LH_IFGorb,0.0,overlap_coef,all,froi
070,EventsOrig,language,LH_TP4,LH_IFG,0.0,overlap_coef,all,froi
070,EventsOrig,language,LH_TP4,LH_MFG,0.0,overlap_coef,all,froi
070,EventsOrig,language,LH_TP4,LH_AntTemp,0.0,overlap_coef,all,froi
070,EventsOrig,language,LH_TP4,LH_PostTemp,0.0,overlap_coef,all,froi
070,EventsOrig,language,LH_TP4,LH_AngG,0.0,overlap_coef,all,froi
070,EventsOrig,language,LH_TP4,RH_IFGorb,0.0,overlap_coef,all,froi
070,EventsOrig,language,LH_TP4,RH_IFG,0.0,overlap_coef,all,froi
070,EventsOrig,language,LH_TP4,RH_MFG,0.0,overlap_coef,all,froi
070,EventsOrig,language,LH_TP4,RH_AntTemp,0.0,overlap_coef,all,froi
070,EventsOrig,language,LH_TP4,RH_PostTemp,0.0,overlap_coef,all,froi
070,EventsOrig,language,LH_TP4,RH_AngG,0.0,overlap_coef,all,froi
070,EventsOrig,language,LH_O1,LH_IFGorb,0.0,overlap_coef,all,froi
070,EventsOrig,language,LH_O1,LH_IFG,0.0,overlap_coef,all,froi
070,EventsOrig,language,LH_O1,LH_MFG,0.0,overlap_coef,all,froi
070,EventsOrig,language,LH_O1,LH_AntTemp,0.0,overlap_coef,all,froi
070,EventsOrig,language,LH_O1,LH_PostTemp,0.0,overlap_coef,all,froi
070,EventsOrig,language,LH_O1,LH_AngG,0.0,overlap_coef,all,froi
070,EventsOrig,language,LH_O1,RH_IFGorb,0.0,overlap_coef,all,froi
070,EventsOrig,language,LH_O1,RH_IFG,0.0,overlap_coef,all,froi
070,EventsOrig,language,LH_O1,RH_MFG,0.0,overlap_coef,all,froi
070,EventsOrig,language,LH_O1,RH_AntTemp,0.0,overlap_coef,all,froi
070,EventsOrig,language,LH_O1,RH_PostTemp,0.0,overlap_coef,all,froi
070,EventsOrig,language,LH_O1,RH_AngG,0.0,overlap_coef,all,froi
070,EventsOrig,language,RH_Cer1,LH_IFGorb,0.0,overlap_coef,all,froi
070,EventsOrig,language,RH_Cer1,LH_IFG,0.0,overlap_coef,all,froi
070,EventsOrig,language,RH_Cer1,LH_MFG,0.0,overlap_coef,all,froi
070,EventsOrig,language,RH_Cer1,LH_AntTemp,0.0,overlap_coef,all,froi
070,EventsOrig,language,RH_Cer1,LH_PostTemp,0.0,overlap_coef,all,froi
070,EventsOrig,language,RH_Cer1,LH_AngG,0.0,overlap_coef,all,froi
070,EventsOrig,language,RH_Cer1,RH_IFGorb,0.0,overlap_coef,all,froi
070,EventsOrig,language,RH_Cer1,RH_IFG,0.0,overlap_coef,all,froi
070,EventsOrig,language,RH_Cer1,RH_MFG,0.0,overlap_coef,all,froi
070,EventsOrig,language,RH_Cer1,RH_AntTemp,0.0,overlap_coef,all,froi
070,EventsOrig,language,RH_Cer1,RH_PostTemp,0.0,overlap_coef,all,froi
070,EventsOrig,language,RH_Cer1,RH_AngG,0.0,overlap_coef,all,froi
070,EventsOrig,language,LH_MID_O3,LH_IFGorb,0.0,overlap_coef,all,froi
070,EventsOrig,language,LH_MID_O3,LH_IFG,0.0,overlap_coef,all,froi
070,EventsOrig,language,LH_MID_O3,LH_MFG,0.0,overlap_coef,all,froi
070,EventsOrig,language,LH_MID_O3,LH_AntTemp,0.0,overlap_coef,all,froi
070,EventsOrig,language,LH_MID_O3,LH_PostTemp,0.0,overlap_coef,all,froi
070,EventsOrig,language,LH_MID_O3,LH_AngG,0.0,overlap_coef,all,froi
070,EventsOrig,language,LH_MID_O3,RH_IFGorb,0.0,overlap_coef,all,froi
070,EventsOrig,language,LH_MID_O3,RH_IFG,0.0,overlap_coef,all,froi
070,EventsOrig,language,LH_MID_O3,RH_MFG,0.0,overlap_coef,all,froi
070,EventsOrig,language,LH_MID_O3,RH_AntTemp,0.0,overlap_coef,all,froi
070,EventsOrig,language,LH_MID_O3,RH_PostTemp,0.0,overlap_coef,all,froi
070,EventsOrig,language,LH_MID_O3,RH_AngG,0.0,overlap_coef,all,froi
070,EventsOrig,language,LH_MID3,LH_IFGorb,0.0,overlap_coef,all,froi
070,EventsOrig,language,LH_MID3,LH_IFG,0.0,overlap_coef,all,froi
070,EventsOrig,language,LH_MID3,LH_MFG,0.0,overlap_coef,all,froi
070,EventsOrig,language,LH_MID3,LH_AntTemp,0.0,overlap_coef,all,froi
070,EventsOrig,language,LH_MID3,LH_PostTemp,0.0,overlap_coef,all,froi
070,EventsOrig,language,LH_MID3,LH_AngG,0.0,overlap_coef,all,froi
070,EventsOrig,language,LH_MID3,RH_IFGorb,0.0,overlap_coef,all,froi
070,EventsOrig,language,LH_MID3,RH_IFG,0.0,overlap_coef,all,froi
070,EventsOrig,language,LH_MID3,RH_MFG,0.0,overlap_coef,all,froi
070,EventsOrig,language,LH_MID3,RH_AntTemp,0.0,overlap_coef,all,froi
070,EventsOrig,language,LH_MID3,RH_PostTemp,0.0,overlap_coef,all,froi
070,EventsOrig,language,LH_MID3,RH_AngG,0.0,overlap_coef,all,froi
070,EventsOrig,language,RH_MID_O4,LH_IFGorb,0.0,overlap_coef,all,froi
070,EventsOrig,language,RH_MID_O4,LH_IFG,0.0,overlap_coef,all,froi
070,EventsOrig,language,RH_MID_O4,LH_MFG,0.0,overlap_coef,all,froi
070,EventsOrig,language,RH_MID_O4,LH_AntTemp,0.0,overlap_coef,all,froi
070,EventsOrig,language,RH_MID_O4,LH_PostTemp,0.0,overlap_coef,all,froi
070,EventsOrig,language,RH_MID_O4,LH_AngG,0.0,overlap_coef,all,froi
070,EventsOrig,language,RH_MID_O4,RH_IFGorb,0.0,overlap_coef,all,froi
070,EventsOrig,language,RH_MID_O4,RH_IFG,0.0,overlap_coef,all,froi
070,EventsOrig,language,RH_MID_O4,RH_MFG,0.0,overlap_coef,all,froi
070,EventsOrig,language,RH_MID_O4,RH_AntTemp,0.0,overlap_coef,all,froi
070,EventsOrig,language,RH_MID_O4,RH_PostTemp,0.0,overlap_coef,all,froi
070,EventsOrig,language,RH_MID_O4,RH_AngG,0.0,overlap_coef,all,froi
070,EventsOrig,language,LH_F4,LH_IFGorb,0.0,overlap_coef,all,froi
070,EventsOrig,language,LH_F4,LH_IFG,0.0,overlap_coef,all,froi
070,EventsOrig,language,LH_F4,LH_MFG,0.0,overlap_coef,all,froi
070,EventsOrig,language,LH_F4,LH_AntTemp,0.0,overlap_coef,all,froi
070,EventsOrig,language,LH_F4,LH_PostTemp,0.0,overlap_coef,all,froi
070,EventsOrig,language,LH_F4,LH_AngG,0.0,overlap_coef,all,froi
070,EventsOrig,language,LH_F4,RH_IFGorb,0.0,overlap_coef,all,froi
070,EventsOrig,language,LH_F4,RH_IFG,0.0,overlap_coef,all,froi
070,EventsOrig,language,LH_F4,RH_MFG,0.0,overlap_coef,all,froi
070,EventsOrig,language,LH_F4,RH_AntTemp,0.0,overlap_coef,all,froi
070,EventsOrig,language,LH_F4,RH_PostTemp,0.0,overlap_coef,all,froi
070,EventsOrig,language,LH_F4,RH_AngG,0.0,overlap_coef,all,froi
070,EventsOrig,language,RH_Cer2,LH_IFGorb,0.0,overlap_coef,all,froi
070,EventsOrig,language,RH_Cer2,LH_IFG,0.0,overlap_coef,all,froi
070,EventsOrig,language,RH_Cer2,LH_MFG,0.0,overlap_coef,all,froi
070,EventsOrig,language,RH_Cer2,LH_AntTemp,0.0,overlap_coef,all,froi
070,EventsOrig,language,RH_Cer2,LH_PostTemp,0.0,overlap_coef,all,froi
070,EventsOrig,language,RH_Cer2,LH_AngG,0.0,overlap_coef,all,froi
070,EventsOrig,language,RH_Cer2,RH_IFGorb,0.0,overlap_coef,all,froi
070,EventsOrig,language,RH_Cer2,RH_IFG,0.0,overlap_coef,all,froi
070,EventsOrig,language,RH_Cer2,RH_MFG,0.0,overlap_coef,all,froi
070,EventsOrig,language,RH_Cer2,RH_AntTemp,0.0,overlap_coef,all,froi
070,EventsOrig,language,RH_Cer2,RH_PostTemp,0.0,overlap_coef,all,froi
070,EventsOrig,language,RH_Cer2,RH_AngG,0.0,overlap_coef,all,froi
070,EventsOrig,language,LH_F3,LH_IFGorb,0.0,overlap_coef,all,froi
070,EventsOrig,language,LH_F3,LH_IFG,0.0,overlap_coef,all,froi
070,EventsOrig,language,LH_F3,LH_MFG,0.0,overlap_coef,all,froi
070,EventsOrig,language,LH_F3,LH_AntTemp,0.0,overlap_coef,all,froi
070,EventsOrig,language,LH_F3,LH_PostTemp,0.0,overlap_coef,all,froi
070,EventsOrig,language,LH_F3,LH_AngG,0.0,overlap_coef,all,froi
070,EventsOrig,language,LH_F3,RH_IFGorb,0.0,overlap_coef,all,froi
070,EventsOrig,language,LH_F3,RH_IFG,0.0,overlap_coef,all,froi
070,EventsOrig,language,LH_F3,RH_MFG,0.0,overlap_coef,all,froi
070,EventsOrig,language,LH_F3,RH_AntTemp,0.0,overlap_coef,all,froi
070,EventsOrig,language,LH_F3,RH_PostTemp,0.0,overlap_coef,all,froi
070,EventsOrig,language,LH_F3,RH_AngG,0.0,overlap_coef,all,froi
070,EventsOrig,language,RH_O2,LH_IFGorb,0.0,overlap_coef,all,froi
070,EventsOrig,language,RH_O2,LH_IFG,0.0,overlap_coef,all,froi
070,EventsOrig,language,RH_O2,LH_MFG,0.0,overlap_coef,all,froi
070,EventsOrig,language,RH_O2,LH_AntTemp,0.0,overlap_coef,all,froi
070,EventsOrig,language,RH_O2,LH_PostTemp,0.0,overlap_coef,all,froi
070,EventsOrig,language,RH_O2,LH_AngG,0.0,overlap_coef,all,froi
070,EventsOrig,language,RH_O2,RH_IFGorb,0.0,overlap_coef,all,froi
070,EventsOrig,language,RH_O2,RH_IFG,0.0,overlap_coef,all,froi
070,EventsOrig,language,RH_O2,RH_MFG,0.0,overlap_coef,all,froi
070,EventsOrig,language,RH_O2,RH_AntTemp,0.0,overlap_coef,all,froi
070,EventsOrig,language,RH_O2,RH_PostTemp,0.0,overlap_coef,all,froi
070,EventsOrig,language,RH_O2,RH_AngG,0.0,overlap_coef,all,froi
070,EventsOrig,language,LH_F5,LH_IFGorb,0.0,overlap_coef,all,froi
070,EventsOrig,language,LH_F5,LH_IFG,0.0,overlap_coef,all,froi
070,EventsOrig,language,LH_F5,LH_MFG,0.0,overlap_coef,all,froi
070,EventsOrig,language,LH_F5,LH_AntTemp,0.0,overlap_coef,all,froi
070,EventsOrig,language,LH_F5,LH_PostTemp,0.0,overlap_coef,all,froi
070,EventsOrig,language,LH_F5,LH_AngG,0.0,overlap_coef,all,froi
070,EventsOrig,language,LH_F5,RH_IFGorb,0.0,overlap_coef,all,froi
070,EventsOrig,language,LH_F5,RH_IFG,0.0,overlap_coef,all,froi
070,EventsOrig,language,LH_F5,RH_MFG,0.0,overlap_coef,all,froi
070,EventsOrig,language,LH_F5,RH_AntTemp,0.0,overlap_coef,all,froi
070,EventsOrig,language,LH_F5,RH_PostTemp,0.0,overlap_coef,all,froi
070,EventsOrig,language,LH_F5,RH_AngG,0.0,overlap_coef,all,froi
070,EventsOrig,language,LH_MID2,LH_IFGorb,0.0,overlap_coef,all,froi
070,EventsOrig,language,LH_MID2,LH_IFG,0.0,overlap_coef,all,froi
070,EventsOrig,language,LH_MID2,LH_MFG,0.0,overlap_coef,all,froi
070,EventsOrig,language,LH_MID2,LH_AntTemp,0.0,overlap_coef,all,froi
070,EventsOrig,language,LH_MID2,LH_PostTemp,0.0,overlap_coef,all,froi
070,EventsOrig,language,LH_MID2,LH_AngG,0.0,overlap_coef,all,froi
070,EventsOrig,language,LH_MID2,RH_IFGorb,0.0,overlap_coef,all,froi
070,EventsOrig,language,LH_MID2,RH_IFG,0.0,overlap_coef,all,froi
070,EventsOrig,language,LH_MID2,RH_MFG,0.0,overlap_coef,all,froi
070,EventsOrig,language,LH_MID2,RH_AntTemp,0.0,overlap_coef,all,froi
070,EventsOrig,language,LH_MID2,RH_PostTemp,0.0,overlap_coef,all,froi
070,EventsOrig,language,LH_MID2,RH_AngG,0.0,overlap_coef,all,froi
070,EventsOrig,language,MID1_LH,LH_IFGorb,0.0,overlap_coef,all,froi
070,EventsOrig,language,MID1_LH,LH_IFG,0.0,overlap_coef,all,froi
070,EventsOrig,language,MID1_LH,LH_MFG,0.0,overlap_coef,all,froi
070,EventsOrig,language,MID1_LH,LH_AntTemp,0.0,overlap_coef,all,froi
070,EventsOrig,language,MID1_LH,LH_PostTemp,0.0,overlap_coef,all,froi
070,EventsOrig,language,MID1_LH,LH_AngG,0.0,overlap_coef,all,froi
070,EventsOrig,language,MID1_LH,RH_IFGorb,0.0,overlap_coef,all,froi
070,EventsOrig,language,MID1_LH,RH_IFG,0.0,overlap_coef,all,froi
070,EventsOrig,language,MID1_LH,RH_MFG,0.0,overlap_coef,all,froi
070,EventsOrig,language,MID1_LH,RH_AntTemp,0.0,overlap_coef,all,froi
070,EventsOrig,language,MID1_LH,RH_PostTemp,0.0,overlap_coef,all,froi
070,EventsOrig,language,MID1_LH,RH_AngG,0.0,overlap_coef,all,froi
070,EventsOrig,language,MID1_RH,LH_IFGorb,0.0,overlap_coef,all,froi
070,EventsOrig,language,MID1_RH,LH_IFG,0.0,overlap_coef,all,froi
070,EventsOrig,language,MID1_RH,LH_MFG,0.0,overlap_coef,all,froi
070,EventsOrig,language,MID1_RH,LH_AntTemp,0.0,overlap_coef,all,froi
070,EventsOrig,language,MID1_RH,LH_PostTemp,0.0,overlap_coef,all,froi
070,EventsOrig,language,MID1_RH,LH_AngG,0.0,overlap_coef,all,froi
070,EventsOrig,language,MID1_RH,RH_IFGorb,0.0,overlap_coef,all,froi
070,EventsOrig,language,MID1_RH,RH_IFG,0.0,overlap_coef,all,froi
070,EventsOrig,language,MID1_RH,RH_MFG,0.0,overlap_coef,all,froi
070,EventsOrig,language,MID1_RH,RH_AntTemp,0.0,overlap_coef,all,froi
070,EventsOrig,language,MID1_RH,RH_PostTemp,0.0,overlap_coef,all,froi
070,EventsOrig,language,MID1_RH,RH_AngG,0.0,overlap_coef,all,froi
087,EventsOrig,language,LH_F2,LH_IFGorb,0.0,overlap_coef,all,froi
087,EventsOrig,language,LH_F2,LH_IFG,0.0,overlap_coef,all,froi
087,EventsOrig,language,LH_F2,LH_MFG,0.0,overlap_coef,all,froi
087,EventsOrig,language,LH_F2,LH_AntTemp,0.0,overlap_coef,all,froi
087,EventsOrig,language,LH_F2,LH_PostTemp,0.0,overlap_coef,all,froi
087,EventsOrig,language,LH_F2,LH_AngG,0.0,overlap_coef,all,froi
087,EventsOrig,language,LH_F2,RH_IFGorb,0.0,overlap_coef,all,froi
087,EventsOrig,language,LH_F2,RH_IFG,0.0,overlap_coef,all,froi
087,EventsOrig,language,LH_F2,RH_MFG,0.0,overlap_coef,all,froi
087,EventsOrig,language,LH_F2,RH_AntTemp,0.0,overlap_coef,all,froi
087,EventsOrig,language,LH_F2,RH_PostTemp,0.0,overlap_coef,all,froi
087,EventsOrig,language,LH_F2,RH_AngG,0.0,overlap_coef,all,froi
087,EventsOrig,language,LH_F1,LH_IFGorb,0.6486486486486487,overlap_coef,all,froi
087,EventsOrig,language,LH_F1,LH_IFG,0.0,overlap_coef,all,froi
087,EventsOrig,language,LH_F1,LH_MFG,0.0,overlap_coef,all,froi
087,EventsOrig,language,LH_F1,LH_AntTemp,0.0,overlap_coef,all,froi
087,EventsOrig,language,LH_F1,LH_PostTemp,0.0,overlap_coef,all,froi
087,EventsOrig,language,LH_F1,LH_AngG,0.0,overlap_coef,all,froi
087,EventsOrig,language,LH_F1,RH_IFGorb,0.0,overlap_coef,all,froi
087,EventsOrig,language,LH_F1,RH_IFG,0.0,overlap_coef,all,froi
087,EventsOrig,language,LH_F1,RH_MFG,0.0,overlap_coef,all,froi
087,EventsOrig,language,LH_F1,RH_AntTemp,0.0,overlap_coef,all,froi
087,EventsOrig,language,LH_F1,RH_PostTemp,0.0,overlap_coef,all,froi
087,EventsOrig,language,LH_F1,RH_AngG,0.0,overlap_coef,all,froi
087,EventsOrig,language,LH_TP2,LH_IFGorb,0.0,overlap_coef,all,froi
087,EventsOrig,language,LH_TP2,LH_IFG,0.0,overlap_coef,all,froi
087,EventsOrig,language,LH_TP2,LH_MFG,0.0,overlap_coef,all,froi
087,EventsOrig,language,LH_TP2,LH_AntTemp,0.0,overlap_coef,all,froi
087,EventsOrig,language,LH_TP2,LH_PostTemp,0.3023255813953488,overlap_coef,all,froi
087,EventsOrig,language,LH_TP2,LH_AngG,0.0,overlap_coef,all,froi
087,EventsOrig,language,LH_TP2,RH_IFGorb,0.0,overlap_coef,all,froi
087,EventsOrig,language,LH_TP2,RH_IFG,0.0,overlap_coef,all,froi
087,EventsOrig,language,LH_TP2,RH_MFG,0.0,overlap_coef,all,froi
087,EventsOrig,language,LH_TP2,RH_AntTemp,0.0,overlap_coef,all,froi
087,EventsOrig,language,LH_TP2,RH_PostTemp,0.0,overlap_coef,all,froi
087,EventsOrig,language,LH_TP2,RH_AngG,0.0,overlap_coef,all,froi
087,EventsOrig,language,LH_TP3,LH_IFGorb,0.0,overlap_coef,all,froi
087,EventsOrig,language,LH_TP3,LH_IFG,0.0,overlap_coef,all,froi
087,EventsOrig,language,LH_TP3,LH_MFG,0.0,overlap_coef,all,froi
087,EventsOrig,language,LH_TP3,LH_AntTemp,0.0,overlap_coef,all,froi
087,EventsOrig,language,LH_TP3,LH_PostTemp,0.013333333333333334,overlap_coef,all,froi
087,EventsOrig,language,LH_TP3,LH_AngG,0.6216216216216216,overlap_coef,all,froi
087,EventsOrig,language,LH_TP3,RH_IFGorb,0.0,overlap_coef,all,froi
087,EventsOrig,language,LH_TP3,RH_IFG,0.0,overlap_coef,all,froi
087,EventsOrig,language,LH_TP3,RH_MFG,0.0,overlap_coef,all,froi
087,EventsOrig,language,LH_TP3,RH_AntTemp,0.0,overlap_coef,all,froi
087,EventsOrig,language,LH_TP3,RH_PostTemp,0.0,overlap_coef,all,froi
087,EventsOrig,language,LH_TP3,RH_AngG,0.0,overlap_coef,all,froi
087,EventsOrig,language,LH_TP1,LH_IFGorb,0.0,overlap_coef,all,froi
087,EventsOrig,language,LH_TP1,LH_IFG,0.0,overlap_coef,all,froi
087,EventsOrig,language,LH_TP1,LH_MFG,0.0,overlap_coef,all,froi
087,EventsOrig,language,LH_TP1,LH_AntTemp,0.0,overlap_coef,all,froi
087,EventsOrig,language,LH_TP1,LH_PostTemp,0.0,overlap_coef,all,froi
087,EventsOrig,language,LH_TP1,LH_AngG,0.0,overlap_coef,all,froi
087,EventsOrig,language,LH_TP1,RH_IFGorb,0.0,overlap_coef,all,froi
087,EventsOrig,language,LH_TP1,RH_IFG,0.0,overlap_coef,all,froi
087,EventsOrig,language,LH_TP1,RH_MFG,0.0,overlap_coef,all,froi
087,EventsOrig,language,LH_TP1,RH_AntTemp,0.0,overlap_coef,all,froi
087,EventsOrig,language,LH_TP1,RH_PostTemp,0.0,overlap_coef,all,froi
087,EventsOrig,language,LH_TP1,RH_AngG,0.0,overlap_coef,all,froi
087,EventsOrig,language,LH_TP4,LH_IFGorb,0.0,overlap_coef,all,froi
087,EventsOrig,language,LH_TP4,LH_IFG,0.0,overlap_coef,all,froi
087,EventsOrig,language,LH_TP4,LH_MFG,0.0,overlap_coef,all,froi
087,EventsOrig,language,LH_TP4,LH_AntTemp,0.0,overlap_coef,all,froi
087,EventsOrig,language,LH_TP4,LH_PostTemp,0.0,overlap_coef,all,froi
087,EventsOrig,language,LH_TP4,LH_AngG,0.0,overlap_coef,all,froi
087,EventsOrig,language,LH_TP4,RH_IFGorb,0.0,overlap_coef,all,froi
087,EventsOrig,language,LH_TP4,RH_IFG,0.0,overlap_coef,all,froi
087,EventsOrig,language,LH_TP4,RH_MFG,0.0,overlap_coef,all,froi
087,EventsOrig,language,LH_TP4,RH_AntTemp,0.0,overlap_coef,all,froi
087,EventsOrig,language,LH_TP4,RH_PostTemp,0.0,overlap_coef,all,froi
087,EventsOrig,language,LH_TP4,RH_AngG,0.0,overlap_coef,all,froi
087,EventsOrig,language,LH_O1,LH_IFGorb,0.0,overlap_coef,all,froi
087,EventsOrig,language,LH_O1,LH_IFG,0.0,overlap_coef,all,froi
087,EventsOrig,language,LH_O1,LH_MFG,0.0,overlap_coef,all,froi
087,EventsOrig,language,LH_O1,LH_AntTemp,0.0,overlap_coef,all,froi
087,EventsOrig,language,LH_O1,LH_PostTemp,0.0,overlap_coef,all,froi
087,EventsOrig,language,LH_O1,LH_AngG,0.0,overlap_coef,all,froi
087,EventsOrig,language,LH_O1,RH_IFGorb,0.0,overlap_coef,all,froi
087,EventsOrig,language,LH_O1,RH_IFG,0.0,overlap_coef,all,froi
087,EventsOrig,language,LH_O1,RH_MFG,0.0,overlap_coef,all,froi
087,EventsOrig,language,LH_O1,RH_AntTemp,0.0,overlap_coef,all,froi
087,EventsOrig,language,LH_O1,RH_PostTemp,0.0,overlap_coef,all,froi
087,EventsOrig,language,LH_O1,RH_AngG,0.0,overlap_coef,all,froi
087,EventsOrig,language,RH_Cer1,LH_IFGorb,0.0,overlap_coef,all,froi
087,EventsOrig,language,RH_Cer1,LH_IFG,0.0,overlap_coef,all,froi
087,EventsOrig,language,RH_Cer1,LH_MFG,0.0,overlap_coef,all,froi
087,EventsOrig,language,RH_Cer1,LH_AntTemp,0.0,overlap_coef,all,froi
087,EventsOrig,language,RH_Cer1,LH_PostTemp,0.0,overlap_coef,all,froi
087,EventsOrig,language,RH_Cer1,LH_AngG,0.0,overlap_coef,all,froi
087,EventsOrig,language,RH_Cer1,RH_IFGorb,0.0,overlap_coef,all,froi
087,EventsOrig,language,RH_Cer1,RH_IFG,0.0,overlap_coef,all,froi
087,EventsOrig,language,RH_Cer1,RH_MFG,0.0,overlap_coef,all,froi
087,EventsOrig,language,RH_Cer1,RH_AntTemp,0.0,overlap_coef,all,froi
087,EventsOrig,language,RH_Cer1,RH_PostTemp,0.0,overlap_coef,all,froi
087,EventsOrig,language,RH_Cer1,RH_AngG,0.0,overlap_coef,all,froi
087,EventsOrig,language,LH_MID_O3,LH_IFGorb,0.0,overlap_coef,all,froi
087,EventsOrig,language,LH_MID_O3,LH_IFG,0.0,overlap_coef,all,froi
087,EventsOrig,language,LH_MID_O3,LH_MFG,0.0,overlap_coef,all,froi
087,EventsOrig,language,LH_MID_O3,LH_AntTemp,0.0,overlap_coef,all,froi
087,EventsOrig,language,LH_MID_O3,LH_PostTemp,0.0,overlap_coef,all,froi
087,EventsOrig,language,LH_MID_O3,LH_AngG,0.0,overlap_coef,all,froi
087,EventsOrig,language,LH_MID_O3,RH_IFGorb,0.0,overlap_coef,all,froi
087,EventsOrig,language,LH_MID_O3,RH_IFG,0.0,overlap_coef,all,froi
087,EventsOrig,language,LH_MID_O3,RH_MFG,0.0,overlap_coef,all,froi
087,EventsOrig,language,LH_MID_O3,RH_AntTemp,0.0,overlap_coef,all,froi
087,EventsOrig,language,LH_MID_O3,RH_PostTemp,0.0,overlap_coef,all,froi
087,EventsOrig,language,LH_MID_O3,RH_AngG,0.0,overlap_coef,all,froi
087,EventsOrig,language,LH_MID3,LH_IFGorb,0.0,overlap_coef,all,froi
087,EventsOrig,language,LH_MID3,LH_IFG,0.0,overlap_coef,all,froi
087,EventsOrig,language,LH_MID3,LH_MFG,0.0,overlap_coef,all,froi
087,EventsOrig,language,LH_MID3,LH_AntTemp,0.0,overlap_coef,all,froi
087,EventsOrig,language,LH_MID3,LH_PostTemp,0.0,overlap_coef,all,froi
087,EventsOrig,language,LH_MID3,LH_AngG,0.0,overlap_coef,all,froi
087,EventsOrig,language,LH_MID3,RH_IFGorb,0.0,overlap_coef,all,froi
087,EventsOrig,language,LH_MID3,RH_IFG,0.0,overlap_coef,all,froi
087,EventsOrig,language,LH_MID3,RH_MFG,0.0,overlap_coef,all,froi
087,EventsOrig,language,LH_MID3,RH_AntTemp,0.0,overlap_coef,all,froi
087,EventsOrig,language,LH_MID3,RH_PostTemp,0.0,overlap_coef,all,froi
087,EventsOrig,language,LH_MID3,RH_AngG,0.0,overlap_coef,all,froi
087,EventsOrig,language,RH_MID_O4,LH_IFGorb,0.0,overlap_coef,all,froi
087,EventsOrig,language,RH_MID_O4,LH_IFG,0.0,overlap_coef,all,froi
087,EventsOrig,language,RH_MID_O4,LH_MFG,0.0,overlap_coef,all,froi
087,EventsOrig,language,RH_MID_O4,LH_AntTemp,0.0,overlap_coef,all,froi
087,EventsOrig,language,RH_MID_O4,LH_PostTemp,0.0,overlap_coef,all,froi
087,EventsOrig,language,RH_MID_O4,LH_AngG,0.0,overlap_coef,all,froi
087,EventsOrig,language,RH_MID_O4,RH_IFGorb,0.0,overlap_coef,all,froi
087,EventsOrig,language,RH_MID_O4,RH_IFG,0.0,overlap_coef,all,froi
087,EventsOrig,language,RH_MID_O4,RH_MFG,0.0,overlap_coef,all,froi
087,EventsOrig,language,RH_MID_O4,RH_AntTemp,0.0,overlap_coef,all,froi
087,EventsOrig,language,RH_MID_O4,RH_PostTemp,0.0,overlap_coef,all,froi
087,EventsOrig,language,RH_MID_O4,RH_AngG,0.0,overlap_coef,all,froi
087,EventsOrig,language,LH_F4,LH_IFGorb,0.0,overlap_coef,all,froi
087,EventsOrig,language,LH_F4,LH_IFG,0.0,overlap_coef,all,froi
087,EventsOrig,language,LH_F4,LH_MFG,0.06,overlap_coef,all,froi
087,EventsOrig,language,LH_F4,LH_AntTemp,0.0,overlap_coef,all,froi
087,EventsOrig,language,LH_F4,LH_PostTemp,0.0,overlap_coef,all,froi
087,EventsOrig,language,LH_F4,LH_AngG,0.0,overlap_coef,all,froi
087,EventsOrig,language,LH_F4,RH_IFGorb,0.0,overlap_coef,all,froi
087,EventsOrig,language,LH_F4,RH_IFG,0.0,overlap_coef,all,froi
087,EventsOrig,language,LH_F4,RH_MFG,0.0,overlap_coef,all,froi
087,EventsOrig,language,LH_F4,RH_AntTemp,0.0,overlap_coef,all,froi
087,EventsOrig,language,LH_F4,RH_PostTemp,0.0,overlap_coef,all,froi
087,EventsOrig,language,LH_F4,RH_AngG,0.0,overlap_coef,all,froi
087,EventsOrig,language,RH_Cer2,LH_IFGorb,0.0,overlap_coef,all,froi
087,EventsOrig,language,RH_Cer2,LH_IFG,0.0,overlap_coef,all,froi
087,EventsOrig,language,RH_Cer2,LH_MFG,0.0,overlap_coef,all,froi
087,EventsOrig,language,RH_Cer2,LH_AntTemp,0.0,overlap_coef,all,froi
087,EventsOrig,language,RH_Cer2,LH_PostTemp,0.0,overlap_coef,all,froi
087,EventsOrig,language,RH_Cer2,LH_AngG,0.0,overlap_coef,all,froi
087,EventsOrig,language,RH_Cer2,RH_IFGorb,0.0,overlap_coef,all,froi
087,EventsOrig,language,RH_Cer2,RH_IFG,0.0,overlap_coef,all,froi
087,EventsOrig,language,RH_Cer2,RH_MFG,0.0,overlap_coef,all,froi
087,EventsOrig,language,RH_Cer2,RH_AntTemp,0.0,overlap_coef,all,froi
087,EventsOrig,language,RH_Cer2,RH_PostTemp,0.0,overlap_coef,all,froi
087,EventsOrig,language,RH_Cer2,RH_AngG,0.0,overlap_coef,all,froi
087,EventsOrig,language,LH_F3,LH_IFGorb,0.0,overlap_coef,all,froi
087,EventsOrig,language,LH_F3,LH_IFG,0.0,overlap_coef,all,froi
087,EventsOrig,language,LH_F3,LH_MFG,0.0,overlap_coef,all,froi
087,EventsOrig,language,LH_F3,LH_AntTemp,0.0,overlap_coef,all,froi
087,EventsOrig,language,LH_F3,LH_PostTemp,0.0,overlap_coef,all,froi
087,EventsOrig,language,LH_F3,LH_AngG,0.0,overlap_coef,all,froi
087,EventsOrig,language,LH_F3,RH_IFGorb,0.0,overlap_coef,all,froi
087,EventsOrig,language,LH_F3,RH_IFG,0.0,overlap_coef,all,froi
087,EventsOrig,language,LH_F3,RH_MFG,0.0,overlap_coef,all,froi
087,EventsOrig,language,LH_F3,RH_AntTemp,0.0,overlap_coef,all,froi
087,EventsOrig,language,LH_F3,RH_PostTemp,0.0,overlap_coef,all,froi
087,EventsOrig,language,LH_F3,RH_AngG,0.0,overlap_coef,all,froi
087,EventsOrig,language,RH_O2,LH_IFGorb,0.0,overlap_coef,all,froi
087,EventsOrig,language,RH_O2,LH_IFG,0.0,overlap_coef,all,froi
087,EventsOrig,language,RH_O2,LH_MFG,0.0,overlap_coef,all,froi
087,EventsOrig,language,RH_O2,LH_AntTemp,0.0,overlap_coef,all,froi
087,EventsOrig,language,RH_O2,LH_PostTemp,0.0,overlap_coef,all,froi
087,EventsOrig,language,RH_O2,LH_AngG,0.0,overlap_coef,all,froi
087,EventsOrig,language,RH_O2,RH_IFGorb,0.0,overlap_coef,all,froi
087,EventsOrig,language,RH_O2,RH_IFG,0.0,overlap_coef,all,froi
087,EventsOrig,language,RH_O2,RH_MFG,0.0,overlap_coef,all,froi
087,EventsOrig,language,RH_O2,RH_AntTemp,0.0,overlap_coef,all,froi
087,EventsOrig,language,RH_O2,RH_PostTemp,0.0,overlap_coef,all,froi
087,EventsOrig,language,RH_O2,RH_AngG,0.0,overlap_coef,all,froi
087,EventsOrig,language,LH_F5,LH_IFGorb,0.0,overlap_coef,all,froi
087,EventsOrig,language,LH_F5,LH_IFG,0.0,overlap_coef,all,froi
087,EventsOrig,language,LH_F5,LH_MFG,0.0,overlap_coef,all,froi
087,EventsOrig,language,LH_F5,LH_AntTemp,0.0,overlap_coef,all,froi
087,EventsOrig,language,LH_F5,LH_PostTemp,0.0,overlap_coef,all,froi
087,EventsOrig,language,LH_F5,LH_AngG,0.0,overlap_coef,all,froi
087,EventsOrig,language,LH_F5,RH_IFGorb,0.0,overlap_coef,all,froi
087,EventsOrig,language,LH_F5,RH_IFG,0.0,overlap_coef,all,froi
087,EventsOrig,language,LH_F5,RH_MFG,0.0,overlap_coef,all,froi
087,EventsOrig,language,LH_F5,RH_AntTemp,0.0,overlap_coef,all,froi
087,EventsOrig,language,LH_F5,RH_PostTemp,0.0,overlap_coef,all,froi
087,EventsOrig,language,LH_F5,RH_AngG,0.0,overlap_coef,all,froi
087,EventsOrig,language,LH_MID2,LH_IFGorb,0.0,overlap_coef,all,froi
087,EventsOrig,language,LH_MID2,LH_IFG,0.0,overlap_coef,all,froi
087,EventsOrig,language,LH_MID2,LH_MFG,0.0,overlap_coef,all,froi
087,EventsOrig,language,LH_MID2,LH_AntTemp,0.0,overlap_coef,all,froi
087,EventsOrig,language,LH_MID2,LH_PostTemp,0.0,overlap_coef,all,froi
087,EventsOrig,language,LH_MID2,LH_AngG,0.0,overlap_coef,all,froi
087,EventsOrig,language,LH_MID2,RH_IFGorb,0.0,overlap_coef,all,froi
087,EventsOrig,language,LH_MID2,RH_IFG,0.0,overlap_coef,all,froi
087,EventsOrig,language,LH_MID2,RH_MFG,0.0,overlap_coef,all,froi
087,EventsOrig,language,LH_MID2,RH_AntTemp,0.0,overlap_coef,all,froi
087,EventsOrig,language,LH_MID2,RH_PostTemp,0.0,overlap_coef,all,froi
087,EventsOrig,language,LH_MID2,RH_AngG,0.0,overlap_coef,all,froi
087,EventsOrig,language,MID1_LH,LH_IFGorb,0.0,overlap_coef,all,froi
087,EventsOrig,language,MID1_LH,LH_IFG,0.0,overlap_coef,all,froi
087,EventsOrig,language,MID1_LH,LH_MFG,0.0,overlap_coef,all,froi
087,EventsOrig,language,MID1_LH,LH_AntTemp,0.0,overlap_coef,all,froi
087,EventsOrig,language,MID1_LH,LH_PostTemp,0.0,overlap_coef,all,froi
087,EventsOrig,language,MID1_LH,LH_AngG,0.0,overlap_coef,all,froi
087,EventsOrig,language,MID1_LH,RH_IFGorb,0.0,overlap_coef,all,froi
087,EventsOrig,language,MID1_LH,RH_IFG,0.0,overlap_coef,all,froi
087,EventsOrig,language,MID1_LH,RH_MFG,0.0,overlap_coef,all,froi
087,EventsOrig,language,MID1_LH,RH_AntTemp,0.0,overlap_coef,all,froi
087,EventsOrig,language,MID1_LH,RH_PostTemp,0.0,overlap_coef,all,froi
087,EventsOrig,language,MID1_LH,RH_AngG,0.0,overlap_coef,all,froi
087,EventsOrig,language,MID1_RH,LH_IFGorb,0.0,overlap_coef,all,froi
087,EventsOrig,language,MID1_RH,LH_IFG,0.0,overlap_coef,all,froi
087,EventsOrig,language,MID1_RH,LH_MFG,0.0,overlap_coef,all,froi
087,EventsOrig,language,MID1_RH,LH_AntTemp,0.0,overlap_coef,all,froi
087,EventsOrig,language,MID1_RH,LH_PostTemp,0.0,overlap_coef,all,froi
087,EventsOrig,language,MID1_RH,LH_AngG,0.0,overlap_coef,all,froi
087,EventsOrig,language,MID1_RH,RH_IFGorb,0.0,overlap_coef,all,froi
087,EventsOrig,language,MID1_RH,RH_IFG,0.0,overlap_coef,all,froi
087,EventsOrig,language,MID1_RH,RH_MFG,0.0,overlap_coef,all,froi
087,EventsOrig,language,MID1_RH,RH_AntTemp,0.0,overlap_coef,all,froi
087,EventsOrig,language,MID1_RH,RH_PostTemp,0.0,overlap_coef,all,froi
087,EventsOrig,language,MID1_RH,RH_AngG,0.0,overlap_coef,all,froi
078,EventsOrig,language,LH_F2,LH_IFGorb,0.0,overlap_coef,all,froi
078,EventsOrig,language,LH_F2,LH_IFG,0.14473684210526316,overlap_coef,all,froi
078,EventsOrig,language,LH_F2,LH_MFG,0.0,overlap_coef,all,froi
078,EventsOrig,language,LH_F2,LH_AntTemp,0.0,overlap_coef,all,froi
078,EventsOrig,language,LH_F2,LH_PostTemp,0.0,overlap_coef,all,froi
078,EventsOrig,language,LH_F2,LH_AngG,0.0,overlap_coef,all,froi
078,EventsOrig,language,LH_F2,RH_IFGorb,0.0,overlap_coef,all,froi
078,EventsOrig,language,LH_F2,RH_IFG,0.0,overlap_coef,all,froi
078,EventsOrig,language,LH_F2,RH_MFG,0.0,overlap_coef,all,froi
078,EventsOrig,language,LH_F2,RH_AntTemp,0.0,overlap_coef,all,froi
078,EventsOrig,language,LH_F2,RH_PostTemp,0.0,overlap_coef,all,froi
078,EventsOrig,language,LH_F2,RH_AngG,0.0,overlap_coef,all,froi
078,EventsOrig,language,LH_F1,LH_IFGorb,0.0,overlap_coef,all,froi
078,EventsOrig,language,LH_F1,LH_IFG,0.013157894736842105,overlap_coef,all,froi
078,EventsOrig,language,LH_F1,LH_MFG,0.0,overlap_coef,all,froi
078,EventsOrig,language,LH_F1,LH_AntTemp,0.0,overlap_coef,all,froi
078,EventsOrig,language,LH_F1,LH_PostTemp,0.0,overlap_coef,all,froi
078,EventsOrig,language,LH_F1,LH_AngG,0.0,overlap_coef,all,froi
078,EventsOrig,language,LH_F1,RH_IFGorb,0.0,overlap_coef,all,froi
078,EventsOrig,language,LH_F1,RH_IFG,0.0,overlap_coef,all,froi
078,EventsOrig,language,LH_F1,RH_MFG,0.0,overlap_coef,all,froi
078,EventsOrig,language,LH_F1,RH_AntTemp,0.0,overlap_coef,all,froi
078,EventsOrig,language,LH_F1,RH_PostTemp,0.0,overlap_coef,all,froi
078,EventsOrig,language,LH_F1,RH_AngG,0.0,overlap_coef,all,froi
078,EventsOrig,language,LH_TP2,LH_IFGorb,0.0,overlap_coef,all,froi
078,EventsOrig,language,LH_TP2,LH_IFG,0.0,overlap_coef,all,froi
078,EventsOrig,language,LH_TP2,LH_MFG,0.0,overlap_coef,all,froi
078,EventsOrig,language,LH_TP2,LH_AntTemp,0.0,overlap_coef,all,froi
078,EventsOrig,language,LH_TP2,LH_PostTemp,0.10465116279069768,overlap_coef,all,froi
078,EventsOrig,language,LH_TP2,LH_AngG,0.0,overlap_coef,all,froi
078,EventsOrig,language,LH_TP2,RH_IFGorb,0.0,overlap_coef,all,froi
078,EventsOrig,language,LH_TP2,RH_IFG,0.0,overlap_coef,all,froi
078,EventsOrig,language,LH_TP2,RH_MFG,0.0,overlap_coef,all,froi
078,EventsOrig,language,LH_TP2,RH_AntTemp,0.0,overlap_coef,all,froi
078,EventsOrig,language,LH_TP2,RH_PostTemp,0.0,overlap_coef,all,froi
078,EventsOrig,language,LH_TP2,RH_AngG,0.0,overlap_coef,all,froi
078,EventsOrig,language,LH_TP3,LH_IFGorb,0.0,overlap_coef,all,froi
078,EventsOrig,language,LH_TP3,LH_IFG,0.0,overlap_coef,all,froi
078,EventsOrig,language,LH_TP3,LH_MFG,0.0,overlap_coef,all,froi
078,EventsOrig,language,LH_TP3,LH_AntTemp,0.0,overlap_coef,all,froi
078,EventsOrig,language,LH_TP3,LH_PostTemp,0.008888888888888889,overlap_coef,all,froi
078,EventsOrig,language,LH_TP3,LH_AngG,0.6351351351351351,overlap_coef,all,froi
078,EventsOrig,language,LH_TP3,RH_IFGorb,0.0,overlap_coef,all,froi
078,EventsOrig,language,LH_TP3,RH_IFG,0.0,overlap_coef,all,froi
078,EventsOrig,language,LH_TP3,RH_MFG,0.0,overlap_coef,all,froi
078,EventsOrig,language,LH_TP3,RH_AntTemp,0.0,overlap_coef,all,froi
078,EventsOrig,language,LH_TP3,RH_PostTemp,0.0,overlap_coef,all,froi
078,EventsOrig,language,LH_TP3,RH_AngG,0.0,overlap_coef,all,froi
078,EventsOrig,language,LH_TP1,LH_IFGorb,0.0,overlap_coef,all,froi
078,EventsOrig,language,LH_TP1,LH_IFG,0.0,overlap_coef,all,froi
078,EventsOrig,language,LH_TP1,LH_MFG,0.0,overlap_coef,all,froi
078,EventsOrig,language,LH_TP1,LH_AntTemp,0.0,overlap_coef,all,froi
078,EventsOrig,language,LH_TP1,LH_PostTemp,0.0,overlap_coef,all,froi
078,EventsOrig,language,LH_TP1,LH_AngG,0.0,overlap_coef,all,froi
078,EventsOrig,language,LH_TP1,RH_IFGorb,0.0,overlap_coef,all,froi
078,EventsOrig,language,LH_TP1,RH_IFG,0.0,overlap_coef,all,froi
078,EventsOrig,language,LH_TP1,RH_MFG,0.0,overlap_coef,all,froi
078,EventsOrig,language,LH_TP1,RH_AntTemp,0.0,overlap_coef,all,froi
078,EventsOrig,language,LH_TP1,RH_PostTemp,0.0,overlap_coef,all,froi
078,EventsOrig,language,LH_TP1,RH_AngG,0.0,overlap_coef,all,froi
078,EventsOrig,language,LH_TP4,LH_IFGorb,0.0,overlap_coef,all,froi
078,EventsOrig,language,LH_TP4,LH_IFG,0.0,overlap_coef,all,froi
078,EventsOrig,language,LH_TP4,LH_MFG,0.0,overlap_coef,all,froi
078,EventsOrig,language,LH_TP4,LH_AntTemp,0.0,overlap_coef,all,froi
078,EventsOrig,language,LH_TP4,LH_PostTemp,0.0,overlap_coef,all,froi
078,EventsOrig,language,LH_TP4,LH_AngG,0.0,overlap_coef,all,froi
078,EventsOrig,language,LH_TP4,RH_IFGorb,0.0,overlap_coef,all,froi
078,EventsOrig,language,LH_TP4,RH_IFG,0.0,overlap_coef,all,froi
078,EventsOrig,language,LH_TP4,RH_MFG,0.0,overlap_coef,all,froi
078,EventsOrig,language,LH_TP4,RH_AntTemp,0.0,overlap_coef,all,froi
078,EventsOrig,language,LH_TP4,RH_PostTemp,0.0,overlap_coef,all,froi
078,EventsOrig,language,LH_TP4,RH_AngG,0.0,overlap_coef,all,froi
078,EventsOrig,language,LH_O1,LH_IFGorb,0.0,overlap_coef,all,froi
078,EventsOrig,language,LH_O1,LH_IFG,0.0,overlap_coef,all,froi
078,EventsOrig,language,LH_O1,LH_MFG,0.0,overlap_coef,all,froi
078,EventsOrig,language,LH_O1,LH_AntTemp,0.0,overlap_coef,all,froi
078,EventsOrig,language,LH_O1,LH_PostTemp,0.0,overlap_coef,all,froi
078,EventsOrig,language,LH_O1,LH_AngG,0.0,overlap_coef,all,froi
078,EventsOrig,language,LH_O1,RH_IFGorb,0.0,overlap_coef,all,froi
078,EventsOrig,language,LH_O1,RH_IFG,0.0,overlap_coef,all,froi
078,EventsOrig,language,LH_O1,RH_MFG,0.0,overlap_coef,all,froi
078,EventsOrig,language,LH_O1,RH_AntTemp,0.0,overlap_coef,all,froi
078,EventsOrig,language,LH_O1,RH_PostTemp,0.0,overlap_coef,all,froi
078,EventsOrig,language,LH_O1,RH_AngG,0.0,overlap_coef,all,froi
078,EventsOrig,language,RH_Cer1,LH_IFGorb,0.0,overlap_coef,all,froi
078,EventsOrig,language,RH_Cer1,LH_IFG,0.0,overlap_coef,all,froi
078,EventsOrig,language,RH_Cer1,LH_MFG,0.0,overlap_coef,all,froi
078,EventsOrig,language,RH_Cer1,LH_AntTemp,0.0,overlap_coef,all,froi
078,EventsOrig,language,RH_Cer1,LH_PostTemp,0.0,overlap_coef,all,froi
078,EventsOrig,language,RH_Cer1,LH_AngG,0.0,overlap_coef,all,froi
078,EventsOrig,language,RH_Cer1,RH_IFGorb,0.0,overlap_coef,all,froi
078,EventsOrig,language,RH_Cer1,RH_IFG,0.0,overlap_coef,all,froi
078,EventsOrig,language,RH_Cer1,RH_MFG,0.0,overlap_coef,all,froi
078,EventsOrig,language,RH_Cer1,RH_AntTemp,0.0,overlap_coef,all,froi
078,EventsOrig,language,RH_Cer1,RH_PostTemp,0.0,overlap_coef,all,froi
078,EventsOrig,language,RH_Cer1,RH_AngG,0.0,overlap_coef,all,froi
078,EventsOrig,language,LH_MID_O3,LH_IFGorb,0.0,overlap_coef,all,froi
078,EventsOrig,language,LH_MID_O3,LH_IFG,0.0,overlap_coef,all,froi
078,EventsOrig,language,LH_MID_O3,LH_MFG,0.0,overlap_coef,all,froi
078,EventsOrig,language,LH_MID_O3,LH_AntTemp,0.0,overlap_coef,all,froi
078,EventsOrig,language,LH_MID_O3,LH_PostTemp,0.0,overlap_coef,all,froi
078,EventsOrig,language,LH_MID_O3,LH_AngG,0.0,overlap_coef,all,froi
078,EventsOrig,language,LH_MID_O3,RH_IFGorb,0.0,overlap_coef,all,froi
078,EventsOrig,language,LH_MID_O3,RH_IFG,0.0,overlap_coef,all,froi
078,EventsOrig,language,LH_MID_O3,RH_MFG,0.0,overlap_coef,all,froi
078,EventsOrig,language,LH_MID_O3,RH_AntTemp,0.0,overlap_coef,all,froi
078,EventsOrig,language,LH_MID_O3,RH_PostTemp,0.0,overlap_coef,all,froi
078,EventsOrig,language,LH_MID_O3,RH_AngG,0.0,overlap_coef,all,froi
078,EventsOrig,language,LH_MID3,LH_IFGorb,0.0,overlap_coef,all,froi
078,EventsOrig,language,LH_MID3,LH_IFG,0.0,overlap_coef,all,froi
078,EventsOrig,language,LH_MID3,LH_MFG,0.0,overlap_coef,all,froi
078,EventsOrig,language,LH_MID3,LH_AntTemp,0.0,overlap_coef,all,froi
078,EventsOrig,language,LH_MID3,LH_PostTemp,0.0,overlap_coef,all,froi
078,EventsOrig,language,LH_MID3,LH_AngG,0.0,overlap_coef,all,froi
078,EventsOrig,language,LH_MID3,RH_IFGorb,0.0,overlap_coef,all,froi
078,EventsOrig,language,LH_MID3,RH_IFG,0.0,overlap_coef,all,froi
078,EventsOrig,language,LH_MID3,RH_MFG,0.0,overlap_coef,all,froi
078,EventsOrig,language,LH_MID3,RH_AntTemp,0.0,overlap_coef,all,froi
078,EventsOrig,language,LH_MID3,RH_PostTemp,0.0,overlap_coef,all,froi
078,EventsOrig,language,LH_MID3,RH_AngG,0.0,overlap_coef,all,froi
078,EventsOrig,language,RH_MID_O4,LH_IFGorb,0.0,overlap_coef,all,froi
078,EventsOrig,language,RH_MID_O4,LH_IFG,0.0,overlap_coef,all,froi
078,EventsOrig,language,RH_MID_O4,LH_MFG,0.0,overlap_coef,all,froi
078,EventsOrig,language,RH_MID_O4,LH_AntTemp,0.0,overlap_coef,all,froi
078,EventsOrig,language,RH_MID_O4,LH_PostTemp,0.0,overlap_coef,all,froi
078,EventsOrig,language,RH_MID_O4,LH_AngG,0.0,overlap_coef,all,froi
078,EventsOrig,language,RH_MID_O4,RH_IFGorb,0.0,overlap_coef,all,froi
078,EventsOrig,language,RH_MID_O4,RH_IFG,0.0,overlap_coef,all,froi
078,EventsOrig,language,RH_MID_O4,RH_MFG,0.0,overlap_coef,all,froi
078,EventsOrig,language,RH_MID_O4,RH_AntTemp,0.0,overlap_coef,all,froi
078,EventsOrig,language,RH_MID_O4,RH_PostTemp,0.0,overlap_coef,all,froi
078,EventsOrig,language,RH_MID_O4,RH_AngG,0.0,overlap_coef,all,froi
078,EventsOrig,language,LH_F4,LH_IFGorb,0.0,overlap_coef,all,froi
078,EventsOrig,language,LH_F4,LH_IFG,0.0,overlap_coef,all,froi
078,EventsOrig,language,LH_F4,LH_MFG,0.0,overlap_coef,all,froi
078,EventsOrig,language,LH_F4,LH_AntTemp,0.0,overlap_coef,all,froi
078,EventsOrig,language,LH_F4,LH_PostTemp,0.0,overlap_coef,all,froi
078,EventsOrig,language,LH_F4,LH_AngG,0.0,overlap_coef,all,froi
078,EventsOrig,language,LH_F4,RH_IFGorb,0.0,overlap_coef,all,froi
078,EventsOrig,language,LH_F4,RH_IFG,0.0,overlap_coef,all,froi
078,EventsOrig,language,LH_F4,RH_MFG,0.0,overlap_coef,all,froi
078,EventsOrig,language,LH_F4,RH_AntTemp,0.0,overlap_coef,all,froi
078,EventsOrig,language,LH_F4,RH_PostTemp,0.0,overlap_coef,all,froi
078,EventsOrig,language,LH_F4,RH_AngG,0.0,overlap_coef,all,froi
078,EventsOrig,language,RH_Cer2,LH_IFGorb,0.0,overlap_coef,all,froi
078,EventsOrig,language,RH_Cer2,LH_IFG,0.0,overlap_coef,all,froi
078,EventsOrig,language,RH_Cer2,LH_MFG,0.0,overlap_coef,all,froi
078,EventsOrig,language,RH_Cer2,LH_AntTemp,0.0,overlap_coef,all,froi
078,EventsOrig,language,RH_Cer2,LH_PostTemp,0.0,overlap_coef,all,froi
078,EventsOrig,language,RH_Cer2,LH_AngG,0.0,overlap_coef,all,froi
078,EventsOrig,language,RH_Cer2,RH_IFGorb,0.0,overlap_coef,all,froi
078,EventsOrig,language,RH_Cer2,RH_IFG,0.0,overlap_coef,all,froi
078,EventsOrig,language,RH_Cer2,RH_MFG,0.0,overlap_coef,all,froi
078,EventsOrig,language,RH_Cer2,RH_AntTemp,0.0,overlap_coef,all,froi
078,EventsOrig,language,RH_Cer2,RH_PostTemp,0.0,overlap_coef,all,froi
078,EventsOrig,language,RH_Cer2,RH_AngG,0.0,overlap_coef,all,froi
078,EventsOrig,language,LH_F3,LH_IFGorb,0.0,overlap_coef,all,froi
078,EventsOrig,language,LH_F3,LH_IFG,0.0,overlap_coef,all,froi
078,EventsOrig,language,LH_F3,LH_MFG,0.0,overlap_coef,all,froi
078,EventsOrig,language,LH_F3,LH_AntTemp,0.0,overlap_coef,all,froi
078,EventsOrig,language,LH_F3,LH_PostTemp,0.0,overlap_coef,all,froi
078,EventsOrig,language,LH_F3,LH_AngG,0.0,overlap_coef,all,froi
078,EventsOrig,language,LH_F3,RH_IFGorb,0.0,overlap_coef,all,froi
078,EventsOrig,language,LH_F3,RH_IFG,0.0,overlap_coef,all,froi
078,EventsOrig,language,LH_F3,RH_MFG,0.0,overlap_coef,all,froi
078,EventsOrig,language,LH_F3,RH_AntTemp,0.0,overlap_coef,all,froi
078,EventsOrig,language,LH_F3,RH_PostTemp,0.0,overlap_coef,all,froi
078,EventsOrig,language,LH_F3,RH_AngG,0.0,overlap_coef,all,froi
078,EventsOrig,language,RH_O2,LH_IFGorb,0.0,overlap_coef,all,froi
078,EventsOrig,language,RH_O2,LH_IFG,0.0,overlap_coef,all,froi
078,EventsOrig,language,RH_O2,LH_MFG,0.0,overlap_coef,all,froi
078,EventsOrig,language,RH_O2,LH_AntTemp,0.0,overlap_coef,all,froi
078,EventsOrig,language,RH_O2,LH_PostTemp,0.0,overlap_coef,all,froi
078,EventsOrig,language,RH_O2,LH_AngG,0.0,overlap_coef,all,froi
078,EventsOrig,language,RH_O2,RH_IFGorb,0.0,overlap_coef,all,froi
078,EventsOrig,language,RH_O2,RH_IFG,0.0,overlap_coef,all,froi
078,EventsOrig,language,RH_O2,RH_MFG,0.0,overlap_coef,all,froi
078,EventsOrig,language,RH_O2,RH_AntTemp,0.0,overlap_coef,all,froi
078,EventsOrig,language,RH_O2,RH_PostTemp,0.0,overlap_coef,all,froi
078,EventsOrig,language,RH_O2,RH_AngG,0.0,overlap_coef,all,froi
078,EventsOrig,language,LH_F5,LH_IFGorb,0.0,overlap_coef,all,froi
078,EventsOrig,language,LH_F5,LH_IFG,0.0,overlap_coef,all,froi
078,EventsOrig,language,LH_F5,LH_MFG,0.0,overlap_coef,all,froi
078,EventsOrig,language,LH_F5,LH_AntTemp,0.0,overlap_coef,all,froi
078,EventsOrig,language,LH_F5,LH_PostTemp,0.0,overlap_coef,all,froi
078,EventsOrig,language,LH_F5,LH_AngG,0.0,overlap_coef,all,froi
078,EventsOrig,language,LH_F5,RH_IFGorb,0.0,overlap_coef,all,froi
078,EventsOrig,language,LH_F5,RH_IFG,0.0,overlap_coef,all,froi
078,EventsOrig,language,LH_F5,RH_MFG,0.0,overlap_coef,all,froi
078,EventsOrig,language,LH_F5,RH_AntTemp,0.0,overlap_coef,all,froi
078,EventsOrig,language,LH_F5,RH_PostTemp,0.0,overlap_coef,all,froi
078,EventsOrig,language,LH_F5,RH_AngG,0.0,overlap_coef,all,froi
078,EventsOrig,language,LH_MID2,LH_IFGorb,0.0,overlap_coef,all,froi
078,EventsOrig,language,LH_MID2,LH_IFG,0.0,overlap_coef,all,froi
078,EventsOrig,language,LH_MID2,LH_MFG,0.0,overlap_coef,all,froi
078,EventsOrig,language,LH_MID2,LH_AntTemp,0.0,overlap_coef,all,froi
078,EventsOrig,language,LH_MID2,LH_PostTemp,0.0,overlap_coef,all,froi
078,EventsOrig,language,LH_MID2,LH_AngG,0.0,overlap_coef,all,froi
078,EventsOrig,language,LH_MID2,RH_IFGorb,0.0,overlap_coef,all,froi
078,EventsOrig,language,LH_MID2,RH_IFG,0.0,overlap_coef,all,froi
078,EventsOrig,language,LH_MID2,RH_MFG,0.0,overlap_coef,all,froi
078,EventsOrig,language,LH_MID2,RH_AntTemp,0.0,overlap_coef,all,froi
078,EventsOrig,language,LH_MID2,RH_PostTemp,0.0,overlap_coef,all,froi
078,EventsOrig,language,LH_MID2,RH_AngG,0.0,overlap_coef,all,froi
078,EventsOrig,language,MID1_LH,LH_IFGorb,0.0,overlap_coef,all,froi
078,EventsOrig,language,MID1_LH,LH_IFG,0.0,overlap_coef,all,froi
078,EventsOrig,language,MID1_LH,LH_MFG,0.0,overlap_coef,all,froi
078,EventsOrig,language,MID1_LH,LH_AntTemp,0.0,overlap_coef,all,froi
078,EventsOrig,language,MID1_LH,LH_PostTemp,0.0,overlap_coef,all,froi
078,EventsOrig,language,MID1_LH,LH_AngG,0.0,overlap_coef,all,froi
078,EventsOrig,language,MID1_LH,RH_IFGorb,0.0,overlap_coef,all,froi
078,EventsOrig,language,MID1_LH,RH_IFG,0.0,overlap_coef,all,froi
078,EventsOrig,language,MID1_LH,RH_MFG,0.0,overlap_coef,all,froi
078,EventsOrig,language,MID1_LH,RH_AntTemp,0.0,overlap_coef,all,froi
078,EventsOrig,language,MID1_LH,RH_PostTemp,0.0,overlap_coef,all,froi
078,EventsOrig,language,MID1_LH,RH_AngG,0.0,overlap_coef,all,froi
078,EventsOrig,language,MID1_RH,LH_IFGorb,0.0,overlap_coef,all,froi
078,EventsOrig,language,MID1_RH,LH_IFG,0.0,overlap_coef,all,froi
078,EventsOrig,language,MID1_RH,LH_MFG,0.0,overlap_coef,all,froi
078,EventsOrig,language,MID1_RH,LH_AntTemp,0.0,overlap_coef,all,froi
078,EventsOrig,language,MID1_RH,LH_PostTemp,0.0,overlap_coef,all,froi
078,EventsOrig,language,MID1_RH,LH_AngG,0.0,overlap_coef,all,froi
078,EventsOrig,language,MID1_RH,RH_IFGorb,0.0,overlap_coef,all,froi
078,EventsOrig,language,MID1_RH,RH_IFG,0.0,overlap_coef,all,froi
078,EventsOrig,language,MID1_RH,RH_MFG,0.0,overlap_coef,all,froi
078,EventsOrig,language,MID1_RH,RH_AntTemp,0.0,overlap_coef,all,froi
078,EventsOrig,language,MID1_RH,RH_PostTemp,0.0,overlap_coef,all,froi
078,EventsOrig,language,MID1_RH,RH_AngG,0.0,overlap_coef,all,froi
089,EventsOrig,language,LH_F2,LH_IFGorb,0.0,overlap_coef,all,froi
089,EventsOrig,language,LH_F2,LH_IFG,0.013157894736842105,overlap_coef,all,froi
089,EventsOrig,language,LH_F2,LH_MFG,0.0,overlap_coef,all,froi
089,EventsOrig,language,LH_F2,LH_AntTemp,0.0,overlap_coef,all,froi
089,EventsOrig,language,LH_F2,LH_PostTemp,0.0,overlap_coef,all,froi
089,EventsOrig,language,LH_F2,LH_AngG,0.0,overlap_coef,all,froi
089,EventsOrig,language,LH_F2,RH_IFGorb,0.0,overlap_coef,all,froi
089,EventsOrig,language,LH_F2,RH_IFG,0.0,overlap_coef,all,froi
089,EventsOrig,language,LH_F2,RH_MFG,0.0,overlap_coef,all,froi
089,EventsOrig,language,LH_F2,RH_AntTemp,0.0,overlap_coef,all,froi
089,EventsOrig,language,LH_F2,RH_PostTemp,0.0,overlap_coef,all,froi
089,EventsOrig,language,LH_F2,RH_AngG,0.0,overlap_coef,all,froi
089,EventsOrig,language,LH_F1,LH_IFGorb,0.1891891891891892,overlap_coef,all,froi
089,EventsOrig,language,LH_F1,LH_IFG,0.0,overlap_coef,all,froi
089,EventsOrig,language,LH_F1,LH_MFG,0.0,overlap_coef,all,froi
089,EventsOrig,language,LH_F1,LH_AntTemp,0.0,overlap_coef,all,froi
089,EventsOrig,language,LH_F1,LH_PostTemp,0.0,overlap_coef,all,froi
089,EventsOrig,language,LH_F1,LH_AngG,0.0,overlap_coef,all,froi
089,EventsOrig,language,LH_F1,RH_IFGorb,0.0,overlap_coef,all,froi
089,EventsOrig,language,LH_F1,RH_IFG,0.0,overlap_coef,all,froi
089,EventsOrig,language,LH_F1,RH_MFG,0.0,overlap_coef,all,froi
089,EventsOrig,language,LH_F1,RH_AntTemp,0.0,overlap_coef,all,froi
089,EventsOrig,language,LH_F1,RH_PostTemp,0.0,overlap_coef,all,froi
089,EventsOrig,language,LH_F1,RH_AngG,0.0,overlap_coef,all,froi
089,EventsOrig,language,LH_TP2,LH_IFGorb,0.0,overlap_coef,all,froi
089,EventsOrig,language,LH_TP2,LH_IFG,0.0,overlap_coef,all,froi
089,EventsOrig,language,LH_TP2,LH_MFG,0.0,overlap_coef,all,froi
089,EventsOrig,language,LH_TP2,LH_AntTemp,0.0,overlap_coef,all,froi
089,EventsOrig,language,LH_TP2,LH_PostTemp,0.040697674418604654,overlap_coef,all,froi
089,EventsOrig,language,LH_TP2,LH_AngG,0.0,overlap_coef,all,froi
089,EventsOrig,language,LH_TP2,RH_IFGorb,0.0,overlap_coef,all,froi
089,EventsOrig,language,LH_TP2,RH_IFG,0.0,overlap_coef,all,froi
089,EventsOrig,language,LH_TP2,RH_MFG,0.0,overlap_coef,all,froi
089,EventsOrig,language,LH_TP2,RH_AntTemp,0.0,overlap_coef,all,froi
089,EventsOrig,language,LH_TP2,RH_PostTemp,0.0,overlap_coef,all,froi
089,EventsOrig,language,LH_TP2,RH_AngG,0.0,overlap_coef,all,froi
089,EventsOrig,language,LH_TP3,LH_IFGorb,0.0,overlap_coef,all,froi
089,EventsOrig,language,LH_TP3,LH_IFG,0.0,overlap_coef,all,froi
089,EventsOrig,language,LH_TP3,LH_MFG,0.0,overlap_coef,all,froi
089,EventsOrig,language,LH_TP3,LH_AntTemp,0.0,overlap_coef,all,froi
089,EventsOrig,language,LH_TP3,LH_PostTemp,0.0,overlap_coef,all,froi
089,EventsOrig,language,LH_TP3,LH_AngG,0.10810810810810811,overlap_coef,all,froi
089,EventsOrig,language,LH_TP3,RH_IFGorb,0.0,overlap_coef,all,froi
089,EventsOrig,language,LH_TP3,RH_IFG,0.0,overlap_coef,all,froi
089,EventsOrig,language,LH_TP3,RH_MFG,0.0,overlap_coef,all,froi
089,EventsOrig,language,LH_TP3,RH_AntTemp,0.0,overlap_coef,all,froi
089,EventsOrig,language,LH_TP3,RH_PostTemp,0.0,overlap_coef,all,froi
089,EventsOrig,language,LH_TP3,RH_AngG,0.0,overlap_coef,all,froi
089,EventsOrig,language,LH_TP1,LH_IFGorb,0.0,overlap_coef,all,froi
089,EventsOrig,language,LH_TP1,LH_IFG,0.0,overlap_coef,all,froi
089,EventsOrig,language,LH_TP1,LH_MFG,0.0,overlap_coef,all,froi
089,EventsOrig,language,LH_TP1,LH_AntTemp,0.0,overlap_coef,all,froi
089,EventsOrig,language,LH_TP1,LH_PostTemp,0.0,overlap_coef,all,froi
089,EventsOrig,language,LH_TP1,LH_AngG,0.0,overlap_coef,all,froi
089,EventsOrig,language,LH_TP1,RH_IFGorb,0.0,overlap_coef,all,froi
089,EventsOrig,language,LH_TP1,RH_IFG,0.0,overlap_coef,all,froi
089,EventsOrig,language,LH_TP1,RH_MFG,0.0,overlap_coef,all,froi
089,EventsOrig,language,LH_TP1,RH_AntTemp,0.0,overlap_coef,all,froi
089,EventsOrig,language,LH_TP1,RH_PostTemp,0.0,overlap_coef,all,froi
089,EventsOrig,language,LH_TP1,RH_AngG,0.0,overlap_coef,all,froi
089,EventsOrig,language,LH_TP4,LH_IFGorb,0.0,overlap_coef,all,froi
089,EventsOrig,language,LH_TP4,LH_IFG,0.0,overlap_coef,all,froi
089,EventsOrig,language,LH_TP4,LH_MFG,0.0,overlap_coef,all,froi
089,EventsOrig,language,LH_TP4,LH_AntTemp,0.0,overlap_coef,all,froi
089,EventsOrig,language,LH_TP4,LH_PostTemp,0.0,overlap_coef,all,froi
089,EventsOrig,language,LH_TP4,LH_AngG,0.0,overlap_coef,all,froi
089,EventsOrig,language,LH_TP4,RH_IFGorb,0.0,overlap_coef,all,froi
089,EventsOrig,language,LH_TP4,RH_IFG,0.0,overlap_coef,all,froi
089,EventsOrig,language,LH_TP4,RH_MFG,0.0,overlap_coef,all,froi
089,EventsOrig,language,LH_TP4,RH_AntTemp,0.0,overlap_coef,all,froi
089,EventsOrig,language,LH_TP4,RH_PostTemp,0.0,overlap_coef,all,froi
089,EventsOrig,language,LH_TP4,RH_AngG,0.0,overlap_coef,all,froi
089,EventsOrig,language,LH_O1,LH_IFGorb,0.0,overlap_coef,all,froi
089,EventsOrig,language,LH_O1,LH_IFG,0.0,overlap_coef,all,froi
089,EventsOrig,language,LH_O1,LH_MFG,0.0,overlap_coef,all,froi
089,EventsOrig,language,LH_O1,LH_AntTemp,0.0,overlap_coef,all,froi
089,EventsOrig,language,LH_O1,LH_PostTemp,0.0,overlap_coef,all,froi
089,EventsOrig,language,LH_O1,LH_AngG,0.0,overlap_coef,all,froi
089,EventsOrig,language,LH_O1,RH_IFGorb,0.0,overlap_coef,all,froi
089,EventsOrig,language,LH_O1,RH_IFG,0.0,overlap_coef,all,froi
089,EventsOrig,language,LH_O1,RH_MFG,0.0,overlap_coef,all,froi
089,EventsOrig,language,LH_O1,RH_AntTemp,0.0,overlap_coef,all,froi
089,EventsOrig,language,LH_O1,RH_PostTemp,0.0,overlap_coef,all,froi
089,EventsOrig,language,LH_O1,RH_AngG,0.0,overlap_coef,all,froi
089,EventsOrig,language,RH_Cer1,LH_IFGorb,0.0,overlap_coef,all,froi
089,EventsOrig,language,RH_Cer1,LH_IFG,0.0,overlap_coef,all,froi
089,EventsOrig,language,RH_Cer1,LH_MFG,0.0,overlap_coef,all,froi
089,EventsOrig,language,RH_Cer1,LH_AntTemp,0.0,overlap_coef,all,froi
089,EventsOrig,language,RH_Cer1,LH_PostTemp,0.0,overlap_coef,all,froi
089,EventsOrig,language,RH_Cer1,LH_AngG,0.0,overlap_coef,all,froi
089,EventsOrig,language,RH_Cer1,RH_IFGorb,0.0,overlap_coef,all,froi
089,EventsOrig,language,RH_Cer1,RH_IFG,0.0,overlap_coef,all,froi
089,EventsOrig,language,RH_Cer1,RH_MFG,0.0,overlap_coef,all,froi
089,EventsOrig,language,RH_Cer1,RH_AntTemp,0.0,overlap_coef,all,froi
089,EventsOrig,language,RH_Cer1,RH_PostTemp,0.0,overlap_coef,all,froi
089,EventsOrig,language,RH_Cer1,RH_AngG,0.0,overlap_coef,all,froi
089,EventsOrig,language,LH_MID_O3,LH_IFGorb,0.0,overlap_coef,all,froi
089,EventsOrig,language,LH_MID_O3,LH_IFG,0.0,overlap_coef,all,froi
089,EventsOrig,language,LH_MID_O3,LH_MFG,0.0,overlap_coef,all,froi
089,EventsOrig,language,LH_MID_O3,LH_AntTemp,0.0,overlap_coef,all,froi
089,EventsOrig,language,LH_MID_O3,LH_PostTemp,0.0,overlap_coef,all,froi
089,EventsOrig,language,LH_MID_O3,LH_AngG,0.0,overlap_coef,all,froi
089,EventsOrig,language,LH_MID_O3,RH_IFGorb,0.0,overlap_coef,all,froi
089,EventsOrig,language,LH_MID_O3,RH_IFG,0.0,overlap_coef,all,froi
089,EventsOrig,language,LH_MID_O3,RH_MFG,0.0,overlap_coef,all,froi
089,EventsOrig,language,LH_MID_O3,RH_AntTemp,0.0,overlap_coef,all,froi
089,EventsOrig,language,LH_MID_O3,RH_PostTemp,0.0,overlap_coef,all,froi
089,EventsOrig,language,LH_MID_O3,RH_AngG,0.0,overlap_coef,all,froi
089,EventsOrig,language,LH_MID3,LH_IFGorb,0.0,overlap_coef,all,froi
089,EventsOrig,language,LH_MID3,LH_IFG,0.0,overlap_coef,all,froi
089,EventsOrig,language,LH_MID3,LH_MFG,0.0,overlap_coef,all,froi
089,EventsOrig,language,LH_MID3,LH_AntTemp,0.0,overlap_coef,all,froi
089,EventsOrig,language,LH_MID3,LH_PostTemp,0.0,overlap_coef,all,froi
089,EventsOrig,language,LH_MID3,LH_AngG,0.0,overlap_coef,all,froi
089,EventsOrig,language,LH_MID3,RH_IFGorb,0.0,overlap_coef,all,froi
089,EventsOrig,language,LH_MID3,RH_IFG,0.0,overlap_coef,all,froi
089,EventsOrig,language,LH_MID3,RH_MFG,0.0,overlap_coef,all,froi
089,EventsOrig,language,LH_MID3,RH_AntTemp,0.0,overlap_coef,all,froi
089,EventsOrig,language,LH_MID3,RH_PostTemp,0.0,overlap_coef,all,froi
089,EventsOrig,language,LH_MID3,RH_AngG,0.0,overlap_coef,all,froi
089,EventsOrig,language,RH_MID_O4,LH_IFGorb,0.0,overlap_coef,all,froi
089,EventsOrig,language,RH_MID_O4,LH_IFG,0.0,overlap_coef,all,froi
089,EventsOrig,language,RH_MID_O4,LH_MFG,0.0,overlap_coef,all,froi
089,EventsOrig,language,RH_MID_O4,LH_AntTemp,0.0,overlap_coef,all,froi
089,EventsOrig,language,RH_MID_O4,LH_PostTemp,0.0,overlap_coef,all,froi
089,EventsOrig,language,RH_MID_O4,LH_AngG,0.0,overlap_coef,all,froi
089,EventsOrig,language,RH_MID_O4,RH_IFGorb,0.0,overlap_coef,all,froi
089,EventsOrig,language,RH_MID_O4,RH_IFG,0.0,overlap_coef,all,froi
089,EventsOrig,language,RH_MID_O4,RH_MFG,0.0,overlap_coef,all,froi
089,EventsOrig,language,RH_MID_O4,RH_AntTemp,0.0,overlap_coef,all,froi
089,EventsOrig,language,RH_MID_O4,RH_PostTemp,0.0,overlap_coef,all,froi
089,EventsOrig,language,RH_MID_O4,RH_AngG,0.0,overlap_coef,all,froi
089,EventsOrig,language,LH_F4,LH_IFGorb,0.0,overlap_coef,all,froi
089,EventsOrig,language,LH_F4,LH_IFG,0.0,overlap_coef,all,froi
089,EventsOrig,language,LH_F4,LH_MFG,0.0,overlap_coef,all,froi
089,EventsOrig,language,LH_F4,LH_AntTemp,0.0,overlap_coef,all,froi
089,EventsOrig,language,LH_F4,LH_PostTemp,0.0,overlap_coef,all,froi
089,EventsOrig,language,LH_F4,LH_AngG,0.0,overlap_coef,all,froi
089,EventsOrig,language,LH_F4,RH_IFGorb,0.0,overlap_coef,all,froi
089,EventsOrig,language,LH_F4,RH_IFG,0.0,overlap_coef,all,froi
089,EventsOrig,language,LH_F4,RH_MFG,0.0,overlap_coef,all,froi
089,EventsOrig,language,LH_F4,RH_AntTemp,0.0,overlap_coef,all,froi
089,EventsOrig,language,LH_F4,RH_PostTemp,0.0,overlap_coef,all,froi
089,EventsOrig,language,LH_F4,RH_AngG,0.0,overlap_coef,all,froi
089,EventsOrig,language,RH_Cer2,LH_IFGorb,0.0,overlap_coef,all,froi
089,EventsOrig,language,RH_Cer2,LH_IFG,0.0,overlap_coef,all,froi
089,EventsOrig,language,RH_Cer2,LH_MFG,0.0,overlap_coef,all,froi
089,EventsOrig,language,RH_Cer2,LH_AntTemp,0.0,overlap_coef,all,froi
089,EventsOrig,language,RH_Cer2,LH_PostTemp,0.0,overlap_coef,all,froi
089,EventsOrig,language,RH_Cer2,LH_AngG,0.0,overlap_coef,all,froi
089,EventsOrig,language,RH_Cer2,RH_IFGorb,0.0,overlap_coef,all,froi
089,EventsOrig,language,RH_Cer2,RH_IFG,0.0,overlap_coef,all,froi
089,EventsOrig,language,RH_Cer2,RH_MFG,0.0,overlap_coef,all,froi
089,EventsOrig,language,RH_Cer2,RH_AntTemp,0.0,overlap_coef,all,froi
089,EventsOrig,language,RH_Cer2,RH_PostTemp,0.0,overlap_coef,all,froi
089,EventsOrig,language,RH_Cer2,RH_AngG,0.0,overlap_coef,all,froi
089,EventsOrig,language,LH_F3,LH_IFGorb,0.0,overlap_coef,all,froi
089,EventsOrig,language,LH_F3,LH_IFG,0.0,overlap_coef,all,froi
089,EventsOrig,language,LH_F3,LH_MFG,0.0,overlap_coef,all,froi
089,EventsOrig,language,LH_F3,LH_AntTemp,0.0,overlap_coef,all,froi
089,EventsOrig,language,LH_F3,LH_PostTemp,0.0,overlap_coef,all,froi
089,EventsOrig,language,LH_F3,LH_AngG,0.0,overlap_coef,all,froi
089,EventsOrig,language,LH_F3,RH_IFGorb,0.0,overlap_coef,all,froi
089,EventsOrig,language,LH_F3,RH_IFG,0.0,overlap_coef,all,froi
089,EventsOrig,language,LH_F3,RH_MFG,0.0,overlap_coef,all,froi
089,EventsOrig,language,LH_F3,RH_AntTemp,0.0,overlap_coef,all,froi
089,EventsOrig,language,LH_F3,RH_PostTemp,0.0,overlap_coef,all,froi
089,EventsOrig,language,LH_F3,RH_AngG,0.0,overlap_coef,all,froi
089,EventsOrig,language,RH_O2,LH_IFGorb,0.0,overlap_coef,all,froi
089,EventsOrig,language,RH_O2,LH_IFG,0.0,overlap_coef,all,froi
089,EventsOrig,language,RH_O2,LH_MFG,0.0,overlap_coef,all,froi
089,EventsOrig,language,RH_O2,LH_AntTemp,0.0,overlap_coef,all,froi
089,EventsOrig,language,RH_O2,LH_PostTemp,0.0,overlap_coef,all,froi
089,EventsOrig,language,RH_O2,LH_AngG,0.0,overlap_coef,all,froi
089,EventsOrig,language,RH_O2,RH_IFGorb,0.0,overlap_coef,all,froi
089,EventsOrig,language,RH_O2,RH_IFG,0.0,overlap_coef,all,froi
089,EventsOrig,language,RH_O2,RH_MFG,0.0,overlap_coef,all,froi
089,EventsOrig,language,RH_O2,RH_AntTemp,0.0,overlap_coef,all,froi
089,EventsOrig,language,RH_O2,RH_PostTemp,0.0,overlap_coef,all,froi
089,EventsOrig,language,RH_O2,RH_AngG,0.0,overlap_coef,all,froi
089,EventsOrig,language,LH_F5,LH_IFGorb,0.0,overlap_coef,all,froi
089,EventsOrig,language,LH_F5,LH_IFG,0.0,overlap_coef,all,froi
089,EventsOrig,language,LH_F5,LH_MFG,0.0,overlap_coef,all,froi
089,EventsOrig,language,LH_F5,LH_AntTemp,0.0,overlap_coef,all,froi
089,EventsOrig,language,LH_F5,LH_PostTemp,0.0,overlap_coef,all,froi
089,EventsOrig,language,LH_F5,LH_AngG,0.0,overlap_coef,all,froi
089,EventsOrig,language,LH_F5,RH_IFGorb,0.0,overlap_coef,all,froi
089,EventsOrig,language,LH_F5,RH_IFG,0.0,overlap_coef,all,froi
089,EventsOrig,language,LH_F5,RH_MFG,0.0,overlap_coef,all,froi
089,EventsOrig,language,LH_F5,RH_AntTemp,0.0,overlap_coef,all,froi
089,EventsOrig,language,LH_F5,RH_PostTemp,0.0,overlap_coef,all,froi
089,EventsOrig,language,LH_F5,RH_AngG,0.0,overlap_coef,all,froi
089,EventsOrig,language,LH_MID2,LH_IFGorb,0.0,overlap_coef,all,froi
089,EventsOrig,language,LH_MID2,LH_IFG,0.0,overlap_coef,all,froi
089,EventsOrig,language,LH_MID2,LH_MFG,0.0,overlap_coef,all,froi
089,EventsOrig,language,LH_MID2,LH_AntTemp,0.0,overlap_coef,all,froi
089,EventsOrig,language,LH_MID2,LH_PostTemp,0.0,overlap_coef,all,froi
089,EventsOrig,language,LH_MID2,LH_AngG,0.0,overlap_coef,all,froi
089,EventsOrig,language,LH_MID2,RH_IFGorb,0.0,overlap_coef,all,froi
089,EventsOrig,language,LH_MID2,RH_IFG,0.0,overlap_coef,all,froi
089,EventsOrig,language,LH_MID2,RH_MFG,0.0,overlap_coef,all,froi
089,EventsOrig,language,LH_MID2,RH_AntTemp,0.0,overlap_coef,all,froi
089,EventsOrig,language,LH_MID2,RH_PostTemp,0.0,overlap_coef,all,froi
089,EventsOrig,language,LH_MID2,RH_AngG,0.0,overlap_coef,all,froi
089,EventsOrig,language,MID1_LH,LH_IFGorb,0.0,overlap_coef,all,froi
089,EventsOrig,language,MID1_LH,LH_IFG,0.0,overlap_coef,all,froi
089,EventsOrig,language,MID1_LH,LH_MFG,0.0,overlap_coef,all,froi
089,EventsOrig,language,MID1_LH,LH_AntTemp,0.0,overlap_coef,all,froi
089,EventsOrig,language,MID1_LH,LH_PostTemp,0.0,overlap_coef,all,froi
089,EventsOrig,language,MID1_LH,LH_AngG,0.0,overlap_coef,all,froi
089,EventsOrig,language,MID1_LH,RH_IFGorb,0.0,overlap_coef,all,froi
089,EventsOrig,language,MID1_LH,RH_IFG,0.0,overlap_coef,all,froi
089,EventsOrig,language,MID1_LH,RH_MFG,0.0,overlap_coef,all,froi
089,EventsOrig,language,MID1_LH,RH_AntTemp,0.0,overlap_coef,all,froi
089,EventsOrig,language,MID1_LH,RH_PostTemp,0.0,overlap_coef,all,froi
089,EventsOrig,language,MID1_LH,RH_AngG,0.0,overlap_coef,all,froi
089,EventsOrig,language,MID1_RH,LH_IFGorb,0.0,overlap_coef,all,froi
089,EventsOrig,language,MID1_RH,LH_IFG,0.0,overlap_coef,all,froi
089,EventsOrig,language,MID1_RH,LH_MFG,0.0,overlap_coef,all,froi
089,EventsOrig,language,MID1_RH,LH_AntTemp,0.0,overlap_coef,all,froi
089,EventsOrig,language,MID1_RH,LH_PostTemp,0.0,overlap_coef,all,froi
089,EventsOrig,language,MID1_RH,LH_AngG,0.0,overlap_coef,all,froi
089,EventsOrig,language,MID1_RH,RH_IFGorb,0.0,overlap_coef,all,froi
089,EventsOrig,language,MID1_RH,RH_IFG,0.0,overlap_coef,all,froi
089,EventsOrig,language,MID1_RH,RH_MFG,0.0,overlap_coef,all,froi
089,EventsOrig,language,MID1_RH,RH_AntTemp,0.0,overlap_coef,all,froi
089,EventsOrig,language,MID1_RH,RH_PostTemp,0.0,overlap_coef,all,froi
089,EventsOrig,language,MID1_RH,RH_AngG,0.0,overlap_coef,all,froi
076,EventsOrig,language,LH_F2,LH_IFGorb,0.0,overlap_coef,all,froi
076,EventsOrig,language,LH_F2,LH_IFG,0.10526315789473684,overlap_coef,all,froi
076,EventsOrig,language,LH_F2,LH_MFG,0.0,overlap_coef,all,froi
076,EventsOrig,language,LH_F2,LH_AntTemp,0.0,overlap_coef,all,froi
076,EventsOrig,language,LH_F2,LH_PostTemp,0.0,overlap_coef,all,froi
076,EventsOrig,language,LH_F2,LH_AngG,0.0,overlap_coef,all,froi
076,EventsOrig,language,LH_F2,RH_IFGorb,0.0,overlap_coef,all,froi
076,EventsOrig,language,LH_F2,RH_IFG,0.0,overlap_coef,all,froi
076,EventsOrig,language,LH_F2,RH_MFG,0.0,overlap_coef,all,froi
076,EventsOrig,language,LH_F2,RH_AntTemp,0.0,overlap_coef,all,froi
076,EventsOrig,language,LH_F2,RH_PostTemp,0.0,overlap_coef,all,froi
076,EventsOrig,language,LH_F2,RH_AngG,0.0,overlap_coef,all,froi
076,EventsOrig,language,LH_F1,LH_IFGorb,0.0,overlap_coef,all,froi
076,EventsOrig,language,LH_F1,LH_IFG,0.0,overlap_coef,all,froi
076,EventsOrig,language,LH_F1,LH_MFG,0.0,overlap_coef,all,froi
076,EventsOrig,language,LH_F1,LH_AntTemp,0.0,overlap_coef,all,froi
076,EventsOrig,language,LH_F1,LH_PostTemp,0.0,overlap_coef,all,froi
076,EventsOrig,language,LH_F1,LH_AngG,0.0,overlap_coef,all,froi
076,EventsOrig,language,LH_F1,RH_IFGorb,0.0,overlap_coef,all,froi
076,EventsOrig,language,LH_F1,RH_IFG,0.0,overlap_coef,all,froi
076,EventsOrig,language,LH_F1,RH_MFG,0.0,overlap_coef,all,froi
076,EventsOrig,language,LH_F1,RH_AntTemp,0.0,overlap_coef,all,froi
076,EventsOrig,language,LH_F1,RH_PostTemp,0.0,overlap_coef,all,froi
076,EventsOrig,language,LH_F1,RH_AngG,0.0,overlap_coef,all,froi
076,EventsOrig,language,LH_TP2,LH_IFGorb,0.0,overlap_coef,all,froi
076,EventsOrig,language,LH_TP2,LH_IFG,0.0,overlap_coef,all,froi
076,EventsOrig,language,LH_TP2,LH_MFG,0.0,overlap_coef,all,froi
076,EventsOrig,language,LH_TP2,LH_AntTemp,0.0,overlap_coef,all,froi
076,EventsOrig,language,LH_TP2,LH_PostTemp,0.040697674418604654,overlap_coef,all,froi
076,EventsOrig,language,LH_TP2,LH_AngG,0.0,overlap_coef,all,froi
076,EventsOrig,language,LH_TP2,RH_IFGorb,0.0,overlap_coef,all,froi
076,EventsOrig,language,LH_TP2,RH_IFG,0.0,overlap_coef,all,froi
076,EventsOrig,language,LH_TP2,RH_MFG,0.0,overlap_coef,all,froi
076,EventsOrig,language,LH_TP2,RH_AntTemp,0.0,overlap_coef,all,froi
076,EventsOrig,language,LH_TP2,RH_PostTemp,0.0,overlap_coef,all,froi
076,EventsOrig,language,LH_TP2,RH_AngG,0.0,overlap_coef,all,froi
076,EventsOrig,language,LH_TP3,LH_IFGorb,0.0,overlap_coef,all,froi
076,EventsOrig,language,LH_TP3,LH_IFG,0.0,overlap_coef,all,froi
076,EventsOrig,language,LH_TP3,LH_MFG,0.0,overlap_coef,all,froi
076,EventsOrig,language,LH_TP3,LH_AntTemp,0.0,overlap_coef,all,froi
076,EventsOrig,language,LH_TP3,LH_PostTemp,0.0,overlap_coef,all,froi
076,EventsOrig,language,LH_TP3,LH_AngG,0.0945945945945946,overlap_coef,all,froi
076,EventsOrig,language,LH_TP3,RH_IFGorb,0.0,overlap_coef,all,froi
076,EventsOrig,language,LH_TP3,RH_IFG,0.0,overlap_coef,all,froi
076,EventsOrig,language,LH_TP3,RH_MFG,0.0,overlap_coef,all,froi
076,EventsOrig,language,LH_TP3,RH_AntTemp,0.0,overlap_coef,all,froi
076,EventsOrig,language,LH_TP3,RH_PostTemp,0.0,overlap_coef,all,froi
076,EventsOrig,language,LH_TP3,RH_AngG,0.0,overlap_coef,all,froi
076,EventsOrig,language,LH_TP1,LH_IFGorb,0.0,overlap_coef,all,froi
076,EventsOrig,language,LH_TP1,LH_IFG,0.0,overlap_coef,all,froi
076,EventsOrig,language,LH_TP1,LH_MFG,0.0,overlap_coef,all,froi
076,EventsOrig,language,LH_TP1,LH_AntTemp,0.0,overlap_coef,all,froi
076,EventsOrig,language,LH_TP1,LH_PostTemp,0.0,overlap_coef,all,froi
076,EventsOrig,language,LH_TP1,LH_AngG,0.0,overlap_coef,all,froi
076,EventsOrig,language,LH_TP1,RH_IFGorb,0.0,overlap_coef,all,froi
076,EventsOrig,language,LH_TP1,RH_IFG,0.0,overlap_coef,all,froi
076,EventsOrig,language,LH_TP1,RH_MFG,0.0,overlap_coef,all,froi
076,EventsOrig,language,LH_TP1,RH_AntTemp,0.0,overlap_coef,all,froi
076,EventsOrig,language,LH_TP1,RH_PostTemp,0.0,overlap_coef,all,froi
076,EventsOrig,language,LH_TP1,RH_AngG,0.0,overlap_coef,all,froi
076,EventsOrig,language,LH_TP4,LH_IFGorb,0.0,overlap_coef,all,froi
076,EventsOrig,language,LH_TP4,LH_IFG,0.0,overlap_coef,all,froi
076,EventsOrig,language,LH_TP4,LH_MFG,0.0,overlap_coef,all,froi
076,EventsOrig,language,LH_TP4,LH_AntTemp,0.0,overlap_coef,all,froi
076,EventsOrig,language,LH_TP4,LH_PostTemp,0.0,overlap_coef,all,froi
076,EventsOrig,language,LH_TP4,LH_AngG,0.0,overlap_coef,all,froi
076,EventsOrig,language,LH_TP4,RH_IFGorb,0.0,overlap_coef,all,froi
076,EventsOrig,language,LH_TP4,RH_IFG,0.0,overlap_coef,all,froi
076,EventsOrig,language,LH_TP4,RH_MFG,0.0,overlap_coef,all,froi
076,EventsOrig,language,LH_TP4,RH_AntTemp,0.0,overlap_coef,all,froi
076,EventsOrig,language,LH_TP4,RH_PostTemp,0.0,overlap_coef,all,froi
076,EventsOrig,language,LH_TP4,RH_AngG,0.0,overlap_coef,all,froi
076,EventsOrig,language,LH_O1,LH_IFGorb,0.0,overlap_coef,all,froi
076,EventsOrig,language,LH_O1,LH_IFG,0.0,overlap_coef,all,froi
076,EventsOrig,language,LH_O1,LH_MFG,0.0,overlap_coef,all,froi
076,EventsOrig,language,LH_O1,LH_AntTemp,0.0,overlap_coef,all,froi
076,EventsOrig,language,LH_O1,LH_PostTemp,0.0,overlap_coef,all,froi
076,EventsOrig,language,LH_O1,LH_AngG,0.0,overlap_coef,all,froi
076,EventsOrig,language,LH_O1,RH_IFGorb,0.0,overlap_coef,all,froi
076,EventsOrig,language,LH_O1,RH_IFG,0.0,overlap_coef,all,froi
076,EventsOrig,language,LH_O1,RH_MFG,0.0,overlap_coef,all,froi
076,EventsOrig,language,LH_O1,RH_AntTemp,0.0,overlap_coef,all,froi
076,EventsOrig,language,LH_O1,RH_PostTemp,0.0,overlap_coef,all,froi
076,EventsOrig,language,LH_O1,RH_AngG,0.0,overlap_coef,all,froi
076,EventsOrig,language,RH_Cer1,LH_IFGorb,0.0,overlap_coef,all,froi
076,EventsOrig,language,RH_Cer1,LH_IFG,0.0,overlap_coef,all,froi
076,EventsOrig,language,RH_Cer1,LH_MFG,0.0,overlap_coef,all,froi
076,EventsOrig,language,RH_Cer1,LH_AntTemp,0.0,overlap_coef,all,froi
076,EventsOrig,language,RH_Cer1,LH_PostTemp,0.0,overlap_coef,all,froi
076,EventsOrig,language,RH_Cer1,LH_AngG,0.0,overlap_coef,all,froi
076,EventsOrig,language,RH_Cer1,RH_IFGorb,0.0,overlap_coef,all,froi
076,EventsOrig,language,RH_Cer1,RH_IFG,0.0,overlap_coef,all,froi
076,EventsOrig,language,RH_Cer1,RH_MFG,0.0,overlap_coef,all,froi
076,EventsOrig,language,RH_Cer1,RH_AntTemp,0.0,overlap_coef,all,froi
076,EventsOrig,language,RH_Cer1,RH_PostTemp,0.0,overlap_coef,all,froi
076,EventsOrig,language,RH_Cer1,RH_AngG,0.0,overlap_coef,all,froi
076,EventsOrig,language,LH_MID_O3,LH_IFGorb,0.0,overlap_coef,all,froi
076,EventsOrig,language,LH_MID_O3,LH_IFG,0.0,overlap_coef,all,froi
076,EventsOrig,language,LH_MID_O3,LH_MFG,0.0,overlap_coef,all,froi
076,EventsOrig,language,LH_MID_O3,LH_AntTemp,0.0,overlap_coef,all,froi
076,EventsOrig,language,LH_MID_O3,LH_PostTemp,0.0,overlap_coef,all,froi
076,EventsOrig,language,LH_MID_O3,LH_AngG,0.0,overlap_coef,all,froi
076,EventsOrig,language,LH_MID_O3,RH_IFGorb,0.0,overlap_coef,all,froi
076,EventsOrig,language,LH_MID_O3,RH_IFG,0.0,overlap_coef,all,froi
076,EventsOrig,language,LH_MID_O3,RH_MFG,0.0,overlap_coef,all,froi
076,EventsOrig,language,LH_MID_O3,RH_AntTemp,0.0,overlap_coef,all,froi
076,EventsOrig,language,LH_MID_O3,RH_PostTemp,0.0,overlap_coef,all,froi
076,EventsOrig,language,LH_MID_O3,RH_AngG,0.0,overlap_coef,all,froi
076,EventsOrig,language,LH_MID3,LH_IFGorb,0.0,overlap_coef,all,froi
076,EventsOrig,language,LH_MID3,LH_IFG,0.0,overlap_coef,all,froi
076,EventsOrig,language,LH_MID3,LH_MFG,0.0,overlap_coef,all,froi
076,EventsOrig,language,LH_MID3,LH_AntTemp,0.0,overlap_coef,all,froi
076,EventsOrig,language,LH_MID3,LH_PostTemp,0.0,overlap_coef,all,froi
076,EventsOrig,language,LH_MID3,LH_AngG,0.0,overlap_coef,all,froi
076,EventsOrig,language,LH_MID3,RH_IFGorb,0.0,overlap_coef,all,froi
076,EventsOrig,language,LH_MID3,RH_IFG,0.0,overlap_coef,all,froi
076,EventsOrig,language,LH_MID3,RH_MFG,0.0,overlap_coef,all,froi
076,EventsOrig,language,LH_MID3,RH_AntTemp,0.0,overlap_coef,all,froi
076,EventsOrig,language,LH_MID3,RH_PostTemp,0.0,overlap_coef,all,froi
076,EventsOrig,language,LH_MID3,RH_AngG,0.0,overlap_coef,all,froi
076,EventsOrig,language,RH_MID_O4,LH_IFGorb,0.0,overlap_coef,all,froi
076,EventsOrig,language,RH_MID_O4,LH_IFG,0.0,overlap_coef,all,froi
076,EventsOrig,language,RH_MID_O4,LH_MFG,0.0,overlap_coef,all,froi
076,EventsOrig,language,RH_MID_O4,LH_AntTemp,0.0,overlap_coef,all,froi
076,EventsOrig,language,RH_MID_O4,LH_PostTemp,0.0,overlap_coef,all,froi
076,EventsOrig,language,RH_MID_O4,LH_AngG,0.0,overlap_coef,all,froi
076,EventsOrig,language,RH_MID_O4,RH_IFGorb,0.0,overlap_coef,all,froi
076,EventsOrig,language,RH_MID_O4,RH_IFG,0.0,overlap_coef,all,froi
076,EventsOrig,language,RH_MID_O4,RH_MFG,0.0,overlap_coef,all,froi
076,EventsOrig,language,RH_MID_O4,RH_AntTemp,0.0,overlap_coef,all,froi
076,EventsOrig,language,RH_MID_O4,RH_PostTemp,0.0,overlap_coef,all,froi
076,EventsOrig,language,RH_MID_O4,RH_AngG,0.0,overlap_coef,all,froi
076,EventsOrig,language,LH_F4,LH_IFGorb,0.0,overlap_coef,all,froi
076,EventsOrig,language,LH_F4,LH_IFG,0.0,overlap_coef,all,froi
076,EventsOrig,language,LH_F4,LH_MFG,0.0,overlap_coef,all,froi
076,EventsOrig,language,LH_F4,LH_AntTemp,0.0,overlap_coef,all,froi
076,EventsOrig,language,LH_F4,LH_PostTemp,0.0,overlap_coef,all,froi
076,EventsOrig,language,LH_F4,LH_AngG,0.0,overlap_coef,all,froi
076,EventsOrig,language,LH_F4,RH_IFGorb,0.0,overlap_coef,all,froi
076,EventsOrig,language,LH_F4,RH_IFG,0.0,overlap_coef,all,froi
076,EventsOrig,language,LH_F4,RH_MFG,0.0,overlap_coef,all,froi
076,EventsOrig,language,LH_F4,RH_AntTemp,0.0,overlap_coef,all,froi
076,EventsOrig,language,LH_F4,RH_PostTemp,0.0,overlap_coef,all,froi
076,EventsOrig,language,LH_F4,RH_AngG,0.0,overlap_coef,all,froi
076,EventsOrig,language,RH_Cer2,LH_IFGorb,0.0,overlap_coef,all,froi
076,EventsOrig,language,RH_Cer2,LH_IFG,0.0,overlap_coef,all,froi
076,EventsOrig,language,RH_Cer2,LH_MFG,0.0,overlap_coef,all,froi
076,EventsOrig,language,RH_Cer2,LH_AntTemp,0.0,overlap_coef,all,froi
076,EventsOrig,language,RH_Cer2,LH_PostTemp,0.0,overlap_coef,all,froi
076,EventsOrig,language,RH_Cer2,LH_AngG,0.0,overlap_coef,all,froi
076,EventsOrig,language,RH_Cer2,RH_IFGorb,0.0,overlap_coef,all,froi
076,EventsOrig,language,RH_Cer2,RH_IFG,0.0,overlap_coef,all,froi
076,EventsOrig,language,RH_Cer2,RH_MFG,0.0,overlap_coef,all,froi
076,EventsOrig,language,RH_Cer2,RH_AntTemp,0.0,overlap_coef,all,froi
076,EventsOrig,language,RH_Cer2,RH_PostTemp,0.0,overlap_coef,all,froi
076,EventsOrig,language,RH_Cer2,RH_AngG,0.0,overlap_coef,all,froi
076,EventsOrig,language,LH_F3,LH_IFGorb,0.0,overlap_coef,all,froi
076,EventsOrig,language,LH_F3,LH_IFG,0.0,overlap_coef,all,froi
076,EventsOrig,language,LH_F3,LH_MFG,0.0,overlap_coef,all,froi
076,EventsOrig,language,LH_F3,LH_AntTemp,0.0,overlap_coef,all,froi
076,EventsOrig,language,LH_F3,LH_PostTemp,0.0,overlap_coef,all,froi
076,EventsOrig,language,LH_F3,LH_AngG,0.0,overlap_coef,all,froi
076,EventsOrig,language,LH_F3,RH_IFGorb,0.0,overlap_coef,all,froi
076,EventsOrig,language,LH_F3,RH_IFG,0.0,overlap_coef,all,froi
076,EventsOrig,language,LH_F3,RH_MFG,0.0,overlap_coef,all,froi
076,EventsOrig,language,LH_F3,RH_AntTemp,0.0,overlap_coef,all,froi
076,EventsOrig,language,LH_F3,RH_PostTemp,0.0,overlap_coef,all,froi
076,EventsOrig,language,LH_F3,RH_AngG,0.0,overlap_coef,all,froi
076,EventsOrig,language,RH_O2,LH_IFGorb,0.0,overlap_coef,all,froi
076,EventsOrig,language,RH_O2,LH_IFG,0.0,overlap_coef,all,froi
076,EventsOrig,language,RH_O2,LH_MFG,0.0,overlap_coef,all,froi
076,EventsOrig,language,RH_O2,LH_AntTemp,0.0,overlap_coef,all,froi
076,EventsOrig,language,RH_O2,LH_PostTemp,0.0,overlap_coef,all,froi
076,EventsOrig,language,RH_O2,LH_AngG,0.0,overlap_coef,all,froi
076,EventsOrig,language,RH_O2,RH_IFGorb,0.0,overlap_coef,all,froi
076,EventsOrig,language,RH_O2,RH_IFG,0.0,overlap_coef,all,froi
076,EventsOrig,language,RH_O2,RH_MFG,0.0,overlap_coef,all,froi
076,EventsOrig,language,RH_O2,RH_AntTemp,0.0,overlap_coef,all,froi
076,EventsOrig,language,RH_O2,RH_PostTemp,0.0,overlap_coef,all,froi
076,EventsOrig,language,RH_O2,RH_AngG,0.0,overlap_coef,all,froi
076,EventsOrig,language,LH_F5,LH_IFGorb,0.0,overlap_coef,all,froi
076,EventsOrig,language,LH_F5,LH_IFG,0.0,overlap_coef,all,froi
076,EventsOrig,language,LH_F5,LH_MFG,0.0,overlap_coef,all,froi
076,EventsOrig,language,LH_F5,LH_AntTemp,0.0,overlap_coef,all,froi
076,EventsOrig,language,LH_F5,LH_PostTemp,0.0,overlap_coef,all,froi
076,EventsOrig,language,LH_F5,LH_AngG,0.0,overlap_coef,all,froi
076,EventsOrig,language,LH_F5,RH_IFGorb,0.0,overlap_coef,all,froi
076,EventsOrig,language,LH_F5,RH_IFG,0.0,overlap_coef,all,froi
076,EventsOrig,language,LH_F5,RH_MFG,0.0,overlap_coef,all,froi
076,EventsOrig,language,LH_F5,RH_AntTemp,0.0,overlap_coef,all,froi
076,EventsOrig,language,LH_F5,RH_PostTemp,0.0,overlap_coef,all,froi
076,EventsOrig,language,LH_F5,RH_AngG,0.0,overlap_coef,all,froi
076,EventsOrig,language,LH_MID2,LH_IFGorb,0.0,overlap_coef,all,froi
076,EventsOrig,language,LH_MID2,LH_IFG,0.0,overlap_coef,all,froi
076,EventsOrig,language,LH_MID2,LH_MFG,0.0,overlap_coef,all,froi
076,EventsOrig,language,LH_MID2,LH_AntTemp,0.0,overlap_coef,all,froi
076,EventsOrig,language,LH_MID2,LH_PostTemp,0.0,overlap_coef,all,froi
076,EventsOrig,language,LH_MID2,LH_AngG,0.0,overlap_coef,all,froi
076,EventsOrig,language,LH_MID2,RH_IFGorb,0.0,overlap_coef,all,froi
076,EventsOrig,language,LH_MID2,RH_IFG,0.0,overlap_coef,all,froi
076,EventsOrig,language,LH_MID2,RH_MFG,0.0,overlap_coef,all,froi
076,EventsOrig,language,LH_MID2,RH_AntTemp,0.0,overlap_coef,all,froi
076,EventsOrig,language,LH_MID2,RH_PostTemp,0.0,overlap_coef,all,froi
076,EventsOrig,language,LH_MID2,RH_AngG,0.0,overlap_coef,all,froi
076,EventsOrig,language,MID1_LH,LH_IFGorb,0.0,overlap_coef,all,froi
076,EventsOrig,language,MID1_LH,LH_IFG,0.0,overlap_coef,all,froi
076,EventsOrig,language,MID1_LH,LH_MFG,0.0,overlap_coef,all,froi
076,EventsOrig,language,MID1_LH,LH_AntTemp,0.0,overlap_coef,all,froi
076,EventsOrig,language,MID1_LH,LH_PostTemp,0.0,overlap_coef,all,froi
076,EventsOrig,language,MID1_LH,LH_AngG,0.0,overlap_coef,all,froi
076,EventsOrig,language,MID1_LH,RH_IFGorb,0.0,overlap_coef,all,froi
076,EventsOrig,language,MID1_LH,RH_IFG,0.0,overlap_coef,all,froi
076,EventsOrig,language,MID1_LH,RH_MFG,0.0,overlap_coef,all,froi
076,EventsOrig,language,MID1_LH,RH_AntTemp,0.0,overlap_coef,all,froi
076,EventsOrig,language,MID1_LH,RH_PostTemp,0.0,overlap_coef,all,froi
076,EventsOrig,language,MID1_LH,RH_AngG,0.0,overlap_coef,all,froi
076,EventsOrig,language,MID1_RH,LH_IFGorb,0.0,overlap_coef,all,froi
076,EventsOrig,language,MID1_RH,LH_IFG,0.0,overlap_coef,all,froi
076,EventsOrig,language,MID1_RH,LH_MFG,0.0,overlap_coef,all,froi
076,EventsOrig,language,MID1_RH,LH_AntTemp,0.0,overlap_coef,all,froi
076,EventsOrig,language,MID1_RH,LH_PostTemp,0.0,overlap_coef,all,froi
076,EventsOrig,language,MID1_RH,LH_AngG,0.0,overlap_coef,all,froi
076,EventsOrig,language,MID1_RH,RH_IFGorb,0.0,overlap_coef,all,froi
076,EventsOrig,language,MID1_RH,RH_IFG,0.0,overlap_coef,all,froi
076,EventsOrig,language,MID1_RH,RH_MFG,0.0,overlap_coef,all,froi
076,EventsOrig,language,MID1_RH,RH_AntTemp,0.0,overlap_coef,all,froi
076,EventsOrig,language,MID1_RH,RH_PostTemp,0.0,overlap_coef,all,froi
076,EventsOrig,language,MID1_RH,RH_AngG,0.0,overlap_coef,all,froi
057,EventsOrig,language,LH_F2,LH_IFGorb,0.0,overlap_coef,all,froi
057,EventsOrig,language,LH_F2,LH_IFG,0.25,overlap_coef,all,froi
057,EventsOrig,language,LH_F2,LH_MFG,0.0,overlap_coef,all,froi
057,EventsOrig,language,LH_F2,LH_AntTemp,0.0,overlap_coef,all,froi
057,EventsOrig,language,LH_F2,LH_PostTemp,0.0,overlap_coef,all,froi
057,EventsOrig,language,LH_F2,LH_AngG,0.0,overlap_coef,all,froi
057,EventsOrig,language,LH_F2,RH_IFGorb,0.0,overlap_coef,all,froi
057,EventsOrig,language,LH_F2,RH_IFG,0.0,overlap_coef,all,froi
057,EventsOrig,language,LH_F2,RH_MFG,0.0,overlap_coef,all,froi
057,EventsOrig,language,LH_F2,RH_AntTemp,0.0,overlap_coef,all,froi
057,EventsOrig,language,LH_F2,RH_PostTemp,0.0,overlap_coef,all,froi
057,EventsOrig,language,LH_F2,RH_AngG,0.0,overlap_coef,all,froi
057,EventsOrig,language,LH_F1,LH_IFGorb,0.02702702702702703,overlap_coef,all,froi
057,EventsOrig,language,LH_F1,LH_IFG,0.0,overlap_coef,all,froi
057,EventsOrig,language,LH_F1,LH_MFG,0.0,overlap_coef,all,froi
057,EventsOrig,language,LH_F1,LH_AntTemp,0.0,overlap_coef,all,froi
057,EventsOrig,language,LH_F1,LH_PostTemp,0.0,overlap_coef,all,froi
057,EventsOrig,language,LH_F1,LH_AngG,0.0,overlap_coef,all,froi
057,EventsOrig,language,LH_F1,RH_IFGorb,0.0,overlap_coef,all,froi
057,EventsOrig,language,LH_F1,RH_IFG,0.0,overlap_coef,all,froi
057,EventsOrig,language,LH_F1,RH_MFG,0.0,overlap_coef,all,froi
057,EventsOrig,language,LH_F1,RH_AntTemp,0.0,overlap_coef,all,froi
057,EventsOrig,language,LH_F1,RH_PostTemp,0.0,overlap_coef,all,froi
057,EventsOrig,language,LH_F1,RH_AngG,0.0,overlap_coef,all,froi
057,EventsOrig,language,LH_TP2,LH_IFGorb,0.0,overlap_coef,all,froi
057,EventsOrig,language,LH_TP2,LH_IFG,0.0,overlap_coef,all,froi
057,EventsOrig,language,LH_TP2,LH_MFG,0.0,overlap_coef,all,froi
057,EventsOrig,language,LH_TP2,LH_AntTemp,0.0,overlap_coef,all,froi
057,EventsOrig,language,LH_TP2,LH_PostTemp,0.1569767441860465,overlap_coef,all,froi
057,EventsOrig,language,LH_TP2,LH_AngG,0.0,overlap_coef,all,froi
057,EventsOrig,language,LH_TP2,RH_IFGorb,0.0,overlap_coef,all,froi
057,EventsOrig,language,LH_TP2,RH_IFG,0.0,overlap_coef,all,froi
057,EventsOrig,language,LH_TP2,RH_MFG,0.0,overlap_coef,all,froi
057,EventsOrig,language,LH_TP2,RH_AntTemp,0.0,overlap_coef,all,froi
057,EventsOrig,language,LH_TP2,RH_PostTemp,0.0,overlap_coef,all,froi
057,EventsOrig,language,LH_TP2,RH_AngG,0.0,overlap_coef,all,froi
057,EventsOrig,language,LH_TP3,LH_IFGorb,0.0,overlap_coef,all,froi
057,EventsOrig,language,LH_TP3,LH_IFG,0.0,overlap_coef,all,froi
057,EventsOrig,language,LH_TP3,LH_MFG,0.0,overlap_coef,all,froi
057,EventsOrig,language,LH_TP3,LH_AntTemp,0.0,overlap_coef,all,froi
057,EventsOrig,language,LH_TP3,LH_PostTemp,0.04,overlap_coef,all,froi
057,EventsOrig,language,LH_TP3,LH_AngG,0.7702702702702703,overlap_coef,all,froi
057,EventsOrig,language,LH_TP3,RH_IFGorb,0.0,overlap_coef,all,froi
057,EventsOrig,language,LH_TP3,RH_IFG,0.0,overlap_coef,all,froi
057,EventsOrig,language,LH_TP3,RH_MFG,0.0,overlap_coef,all,froi
057,EventsOrig,language,LH_TP3,RH_AntTemp,0.0,overlap_coef,all,froi
057,EventsOrig,language,LH_TP3,RH_PostTemp,0.0,overlap_coef,all,froi
057,EventsOrig,language,LH_TP3,RH_AngG,0.0,overlap_coef,all,froi
057,EventsOrig,language,LH_TP1,LH_IFGorb,0.0,overlap_coef,all,froi
057,EventsOrig,language,LH_TP1,LH_IFG,0.0,overlap_coef,all,froi
057,EventsOrig,language,LH_TP1,LH_MFG,0.0,overlap_coef,all,froi
057,EventsOrig,language,LH_TP1,LH_AntTemp,0.0,overlap_coef,all,froi
057,EventsOrig,language,LH_TP1,LH_PostTemp,0.0,overlap_coef,all,froi
057,EventsOrig,language,LH_TP1,LH_AngG,0.0,overlap_coef,all,froi
057,EventsOrig,language,LH_TP1,RH_IFGorb,0.0,overlap_coef,all,froi
057,EventsOrig,language,LH_TP1,RH_IFG,0.0,overlap_coef,all,froi
057,EventsOrig,language,LH_TP1,RH_MFG,0.0,overlap_coef,all,froi
057,EventsOrig,language,LH_TP1,RH_AntTemp,0.0,overlap_coef,all,froi
057,EventsOrig,language,LH_TP1,RH_PostTemp,0.0,overlap_coef,all,froi
057,EventsOrig,language,LH_TP1,RH_AngG,0.0,overlap_coef,all,froi
057,EventsOrig,language,LH_TP4,LH_IFGorb,0.0,overlap_coef,all,froi
057,EventsOrig,language,LH_TP4,LH_IFG,0.0,overlap_coef,all,froi
057,EventsOrig,language,LH_TP4,LH_MFG,0.0,overlap_coef,all,froi
057,EventsOrig,language,LH_TP4,LH_AntTemp,0.0,overlap_coef,all,froi
057,EventsOrig,language,LH_TP4,LH_PostTemp,0.0,overlap_coef,all,froi
057,EventsOrig,language,LH_TP4,LH_AngG,0.0,overlap_coef,all,froi
057,EventsOrig,language,LH_TP4,RH_IFGorb,0.0,overlap_coef,all,froi
057,EventsOrig,language,LH_TP4,RH_IFG,0.0,overlap_coef,all,froi
057,EventsOrig,language,LH_TP4,RH_MFG,0.0,overlap_coef,all,froi
057,EventsOrig,language,LH_TP4,RH_AntTemp,0.0,overlap_coef,all,froi
057,EventsOrig,language,LH_TP4,RH_PostTemp,0.0,overlap_coef,all,froi
057,EventsOrig,language,LH_TP4,RH_AngG,0.0,overlap_coef,all,froi
057,EventsOrig,language,LH_O1,LH_IFGorb,0.0,overlap_coef,all,froi
057,EventsOrig,language,LH_O1,LH_IFG,0.0,overlap_coef,all,froi
057,EventsOrig,language,LH_O1,LH_MFG,0.0,overlap_coef,all,froi
057,EventsOrig,language,LH_O1,LH_AntTemp,0.0,overlap_coef,all,froi
057,EventsOrig,language,LH_O1,LH_PostTemp,0.0,overlap_coef,all,froi
057,EventsOrig,language,LH_O1,LH_AngG,0.0,overlap_coef,all,froi
057,EventsOrig,language,LH_O1,RH_IFGorb,0.0,overlap_coef,all,froi
057,EventsOrig,language,LH_O1,RH_IFG,0.0,overlap_coef,all,froi
057,EventsOrig,language,LH_O1,RH_MFG,0.0,overlap_coef,all,froi
057,EventsOrig,language,LH_O1,RH_AntTemp,0.0,overlap_coef,all,froi
057,EventsOrig,language,LH_O1,RH_PostTemp,0.0,overlap_coef,all,froi
057,EventsOrig,language,LH_O1,RH_AngG,0.0,overlap_coef,all,froi
057,EventsOrig,language,RH_Cer1,LH_IFGorb,0.0,overlap_coef,all,froi
057,EventsOrig,language,RH_Cer1,LH_IFG,0.0,overlap_coef,all,froi
057,EventsOrig,language,RH_Cer1,LH_MFG,0.0,overlap_coef,all,froi
057,EventsOrig,language,RH_Cer1,LH_AntTemp,0.0,overlap_coef,all,froi
057,EventsOrig,language,RH_Cer1,LH_PostTemp,0.0,overlap_coef,all,froi
057,EventsOrig,language,RH_Cer1,LH_AngG,0.0,overlap_coef,all,froi
057,EventsOrig,language,RH_Cer1,RH_IFGorb,0.0,overlap_coef,all,froi
057,EventsOrig,language,RH_Cer1,RH_IFG,0.0,overlap_coef,all,froi
057,EventsOrig,language,RH_Cer1,RH_MFG,0.0,overlap_coef,all,froi
057,EventsOrig,language,RH_Cer1,RH_AntTemp,0.0,overlap_coef,all,froi
057,EventsOrig,language,RH_Cer1,RH_PostTemp,0.0,overlap_coef,all,froi
057,EventsOrig,language,RH_Cer1,RH_AngG,0.0,overlap_coef,all,froi
057,EventsOrig,language,LH_MID_O3,LH_IFGorb,0.0,overlap_coef,all,froi
057,EventsOrig,language,LH_MID_O3,LH_IFG,0.0,overlap_coef,all,froi
057,EventsOrig,language,LH_MID_O3,LH_MFG,0.0,overlap_coef,all,froi
057,EventsOrig,language,LH_MID_O3,LH_AntTemp,0.0,overlap_coef,all,froi
057,EventsOrig,language,LH_MID_O3,LH_PostTemp,0.0,overlap_coef,all,froi
057,EventsOrig,language,LH_MID_O3,LH_AngG,0.0,overlap_coef,all,froi
057,EventsOrig,language,LH_MID_O3,RH_IFGorb,0.0,overlap_coef,all,froi
057,EventsOrig,language,LH_MID_O3,RH_IFG,0.0,overlap_coef,all,froi
057,EventsOrig,language,LH_MID_O3,RH_MFG,0.0,overlap_coef,all,froi
057,EventsOrig,language,LH_MID_O3,RH_AntTemp,0.0,overlap_coef,all,froi
057,EventsOrig,language,LH_MID_O3,RH_PostTemp,0.0,overlap_coef,all,froi
057,EventsOrig,language,LH_MID_O3,RH_AngG,0.0,overlap_coef,all,froi
057,EventsOrig,language,LH_MID3,LH_IFGorb,0.0,overlap_coef,all,froi
057,EventsOrig,language,LH_MID3,LH_IFG,0.0,overlap_coef,all,froi
057,EventsOrig,language,LH_MID3,LH_MFG,0.0,overlap_coef,all,froi
057,EventsOrig,language,LH_MID3,LH_AntTemp,0.0,overlap_coef,all,froi
057,EventsOrig,language,LH_MID3,LH_PostTemp,0.0,overlap_coef,all,froi
057,EventsOrig,language,LH_MID3,LH_AngG,0.0,overlap_coef,all,froi
057,EventsOrig,language,LH_MID3,RH_IFGorb,0.0,overlap_coef,all,froi
057,EventsOrig,language,LH_MID3,RH_IFG,0.0,overlap_coef,all,froi
057,EventsOrig,language,LH_MID3,RH_MFG,0.0,overlap_coef,all,froi
057,EventsOrig,language,LH_MID3,RH_AntTemp,0.0,overlap_coef,all,froi
057,EventsOrig,language,LH_MID3,RH_PostTemp,0.0,overlap_coef,all,froi
057,EventsOrig,language,LH_MID3,RH_AngG,0.0,overlap_coef,all,froi
057,EventsOrig,language,RH_MID_O4,LH_IFGorb,0.0,overlap_coef,all,froi
057,EventsOrig,language,RH_MID_O4,LH_IFG,0.0,overlap_coef,all,froi
057,EventsOrig,language,RH_MID_O4,LH_MFG,0.0,overlap_coef,all,froi
057,EventsOrig,language,RH_MID_O4,LH_AntTemp,0.0,overlap_coef,all,froi
057,EventsOrig,language,RH_MID_O4,LH_PostTemp,0.0,overlap_coef,all,froi
057,EventsOrig,language,RH_MID_O4,LH_AngG,0.0,overlap_coef,all,froi
057,EventsOrig,language,RH_MID_O4,RH_IFGorb,0.0,overlap_coef,all,froi
057,EventsOrig,language,RH_MID_O4,RH_IFG,0.0,overlap_coef,all,froi
057,EventsOrig,language,RH_MID_O4,RH_MFG,0.0,overlap_coef,all,froi
057,EventsOrig,language,RH_MID_O4,RH_AntTemp,0.0,overlap_coef,all,froi
057,EventsOrig,language,RH_MID_O4,RH_PostTemp,0.0,overlap_coef,all,froi
057,EventsOrig,language,RH_MID_O4,RH_AngG,0.0,overlap_coef,all,froi
057,EventsOrig,language,LH_F4,LH_IFGorb,0.0,overlap_coef,all,froi
057,EventsOrig,language,LH_F4,LH_IFG,0.0,overlap_coef,all,froi
057,EventsOrig,language,LH_F4,LH_MFG,0.1,overlap_coef,all,froi
057,EventsOrig,language,LH_F4,LH_AntTemp,0.0,overlap_coef,all,froi
057,EventsOrig,language,LH_F4,LH_PostTemp,0.0,overlap_coef,all,froi
057,EventsOrig,language,LH_F4,LH_AngG,0.0,overlap_coef,all,froi
057,EventsOrig,language,LH_F4,RH_IFGorb,0.0,overlap_coef,all,froi
057,EventsOrig,language,LH_F4,RH_IFG,0.0,overlap_coef,all,froi
057,EventsOrig,language,LH_F4,RH_MFG,0.0,overlap_coef,all,froi
057,EventsOrig,language,LH_F4,RH_AntTemp,0.0,overlap_coef,all,froi
057,EventsOrig,language,LH_F4,RH_PostTemp,0.0,overlap_coef,all,froi
057,EventsOrig,language,LH_F4,RH_AngG,0.0,overlap_coef,all,froi
057,EventsOrig,language,RH_Cer2,LH_IFGorb,0.0,overlap_coef,all,froi
057,EventsOrig,language,RH_Cer2,LH_IFG,0.0,overlap_coef,all,froi
057,EventsOrig,language,RH_Cer2,LH_MFG,0.0,overlap_coef,all,froi
057,EventsOrig,language,RH_Cer2,LH_AntTemp,0.0,overlap_coef,all,froi
057,EventsOrig,language,RH_Cer2,LH_PostTemp,0.0,overlap_coef,all,froi
057,EventsOrig,language,RH_Cer2,LH_AngG,0.0,overlap_coef,all,froi
057,EventsOrig,language,RH_Cer2,RH_IFGorb,0.0,overlap_coef,all,froi
057,EventsOrig,language,RH_Cer2,RH_IFG,0.0,overlap_coef,all,froi
057,EventsOrig,language,RH_Cer2,RH_MFG,0.0,overlap_coef,all,froi
057,EventsOrig,language,RH_Cer2,RH_AntTemp,0.0,overlap_coef,all,froi
057,EventsOrig,language,RH_Cer2,RH_PostTemp,0.0,overlap_coef,all,froi
057,EventsOrig,language,RH_Cer2,RH_AngG,0.0,overlap_coef,all,froi
057,EventsOrig,language,LH_F3,LH_IFGorb,0.0,overlap_coef,all,froi
057,EventsOrig,language,LH_F3,LH_IFG,0.0,overlap_coef,all,froi
057,EventsOrig,language,LH_F3,LH_MFG,0.0,overlap_coef,all,froi
057,EventsOrig,language,LH_F3,LH_AntTemp,0.0,overlap_coef,all,froi
057,EventsOrig,language,LH_F3,LH_PostTemp,0.0,overlap_coef,all,froi
057,EventsOrig,language,LH_F3,LH_AngG,0.0,overlap_coef,all,froi
057,EventsOrig,language,LH_F3,RH_IFGorb,0.0,overlap_coef,all,froi
057,EventsOrig,language,LH_F3,RH_IFG,0.0,overlap_coef,all,froi
057,EventsOrig,language,LH_F3,RH_MFG,0.0,overlap_coef,all,froi
057,EventsOrig,language,LH_F3,RH_AntTemp,0.0,overlap_coef,all,froi
057,EventsOrig,language,LH_F3,RH_PostTemp,0.0,overlap_coef,all,froi
057,EventsOrig,language,LH_F3,RH_AngG,0.0,overlap_coef,all,froi
057,EventsOrig,language,RH_O2,LH_IFGorb,0.0,overlap_coef,all,froi
057,EventsOrig,language,RH_O2,LH_IFG,0.0,overlap_coef,all,froi
057,EventsOrig,language,RH_O2,LH_MFG,0.0,overlap_coef,all,froi
057,EventsOrig,language,RH_O2,LH_AntTemp,0.0,overlap_coef,all,froi
057,EventsOrig,language,RH_O2,LH_PostTemp,0.0,overlap_coef,all,froi
057,EventsOrig,language,RH_O2,LH_AngG,0.0,overlap_coef,all,froi
057,EventsOrig,language,RH_O2,RH_IFGorb,0.0,overlap_coef,all,froi
057,EventsOrig,language,RH_O2,RH_IFG,0.0,overlap_coef,all,froi
057,EventsOrig,language,RH_O2,RH_MFG,0.0,overlap_coef,all,froi
057,EventsOrig,language,RH_O2,RH_AntTemp,0.0,overlap_coef,all,froi
057,EventsOrig,language,RH_O2,RH_PostTemp,0.0,overlap_coef,all,froi
057,EventsOrig,language,RH_O2,RH_AngG,0.0,overlap_coef,all,froi
057,EventsOrig,language,LH_F5,LH_IFGorb,0.0,overlap_coef,all,froi
057,EventsOrig,language,LH_F5,LH_IFG,0.0,overlap_coef,all,froi
057,EventsOrig,language,LH_F5,LH_MFG,0.0,overlap_coef,all,froi
057,EventsOrig,language,LH_F5,LH_AntTemp,0.0,overlap_coef,all,froi
057,EventsOrig,language,LH_F5,LH_PostTemp,0.0,overlap_coef,all,froi
057,EventsOrig,language,LH_F5,LH_AngG,0.0,overlap_coef,all,froi
057,EventsOrig,language,LH_F5,RH_IFGorb,0.0,overlap_coef,all,froi
057,EventsOrig,language,LH_F5,RH_IFG,0.0,overlap_coef,all,froi
057,EventsOrig,language,LH_F5,RH_MFG,0.0,overlap_coef,all,froi
057,EventsOrig,language,LH_F5,RH_AntTemp,0.0,overlap_coef,all,froi
057,EventsOrig,language,LH_F5,RH_PostTemp,0.0,overlap_coef,all,froi
057,EventsOrig,language,LH_F5,RH_AngG,0.0,overlap_coef,all,froi
057,EventsOrig,language,LH_MID2,LH_IFGorb,0.0,overlap_coef,all,froi
057,EventsOrig,language,LH_MID2,LH_IFG,0.0,overlap_coef,all,froi
057,EventsOrig,language,LH_MID2,LH_MFG,0.0,overlap_coef,all,froi
057,EventsOrig,language,LH_MID2,LH_AntTemp,0.0,overlap_coef,all,froi
057,EventsOrig,language,LH_MID2,LH_PostTemp,0.0,overlap_coef,all,froi
057,EventsOrig,language,LH_MID2,LH_AngG,0.0,overlap_coef,all,froi
057,EventsOrig,language,LH_MID2,RH_IFGorb,0.0,overlap_coef,all,froi
057,EventsOrig,language,LH_MID2,RH_IFG,0.0,overlap_coef,all,froi
057,EventsOrig,language,LH_MID2,RH_MFG,0.0,overlap_coef,all,froi
057,EventsOrig,language,LH_MID2,RH_AntTemp,0.0,overlap_coef,all,froi
057,EventsOrig,language,LH_MID2,RH_PostTemp,0.0,overlap_coef,all,froi
057,EventsOrig,language,LH_MID2,RH_AngG,0.0,overlap_coef,all,froi
057,EventsOrig,language,MID1_LH,LH_IFGorb,0.0,overlap_coef,all,froi
057,EventsOrig,language,MID1_LH,LH_IFG,0.0,overlap_coef,all,froi
057,EventsOrig,language,MID1_LH,LH_MFG,0.0,overlap_coef,all,froi
057,EventsOrig,language,MID1_LH,LH_AntTemp,0.0,overlap_coef,all,froi
057,EventsOrig,language,MID1_LH,LH_PostTemp,0.0,overlap_coef,all,froi
057,EventsOrig,language,MID1_LH,LH_AngG,0.0,overlap_coef,all,froi
057,EventsOrig,language,MID1_LH,RH_IFGorb,0.0,overlap_coef,all,froi
057,EventsOrig,language,MID1_LH,RH_IFG,0.0,overlap_coef,all,froi
057,EventsOrig,language,MID1_LH,RH_MFG,0.0,overlap_coef,all,froi
057,EventsOrig,language,MID1_LH,RH_AntTemp,0.0,overlap_coef,all,froi
057,EventsOrig,language,MID1_LH,RH_PostTemp,0.0,overlap_coef,all,froi
057,EventsOrig,language,MID1_LH,RH_AngG,0.0,overlap_coef,all,froi
057,EventsOrig,language,MID1_RH,LH_IFGorb,0.0,overlap_coef,all,froi
057,EventsOrig,language,MID1_RH,LH_IFG,0.0,overlap_coef,all,froi
057,EventsOrig,language,MID1_RH,LH_MFG,0.0,overlap_coef,all,froi
057,EventsOrig,language,MID1_RH,LH_AntTemp,0.0,overlap_coef,all,froi
057,EventsOrig,language,MID1_RH,LH_PostTemp,0.0,overlap_coef,all,froi
057,EventsOrig,language,MID1_RH,LH_AngG,0.0,overlap_coef,all,froi
057,EventsOrig,language,MID1_RH,RH_IFGorb,0.0,overlap_coef,all,froi
057,EventsOrig,language,MID1_RH,RH_IFG,0.0,overlap_coef,all,froi
057,EventsOrig,language,MID1_RH,RH_MFG,0.0,overlap_coef,all,froi
057,EventsOrig,language,MID1_RH,RH_AntTemp,0.0,overlap_coef,all,froi
057,EventsOrig,language,MID1_RH,RH_PostTemp,0.0,overlap_coef,all,froi
057,EventsOrig,language,MID1_RH,RH_AngG,0.0,overlap_coef,all,froi
