ROI,Subject,Weight
1,1,1.000000
2,1,1.000000
3,1,1.000000
4,1,1.000000
5,1,1.000000
6,1,1.000000
7,1,1.000000
8,1,1.000000
9,1,1.000000
10,1,1.000000
11,1,1.000000
12,1,1.000000
13,1,1.000000
14,1,1.000000
15,1,1.000000
16,1,1.000000
17,1,1.000000
18,1,1.000000
19,1,1.000000
20,1,1.000000
21,1,1.000000
22,1,1.000000
23,1,1.000000
24,1,1.000000
25,1,1.000000
26,1,1.000000
