ROI,ROISize,LocalizerSize,LocalizerIntersubjectOverlap
49,269,80,1.000000
50,246,73,1.000000
51,241,65,1.000000
52,122,39,1.000000
53,168,40,1.000000
54,122,35,1.000000
55,183,53,1.000000
56,162,47,1.000000
57,195,57,1.000000
